<?xml version="1.0" encoding="UTF-8"?>
<nmc-section alias="SEC7" id="dd2a8986-adea-456d-b71b-b3c9bb23dabe-N4662E"><bud-heading><p lang="en">SECTION VII — COMMITTEE OF THE REGIONS</p></bud-heading><nmc-revenue alias="R" id="dd2a8986-adea-456d-b71b-b3c9bb23dabe-N46635"><bud-heading><p lang="en">OWN RESOURCES</p></bud-heading><bud-data exprev="rev" tot="tot"/><nmc-title alias="4" id="dd2a8986-adea-456d-b71b-b3c9bb23dabe-N4663F"><bud-heading><p lang="en">REVENUE ACCRUING FROM PERSONS WORKING WITH THE INSTITUTIONS AND OTHER UNION BODIES</p></bud-heading><bud-data exprev="rev" tot="tot"/><nmc-chapter alias="4 0" id="dd2a8986-adea-456d-b71b-b3c9bb23dabe-N46649"><bud-heading><p>MISCELLANEOUS TAXES AND DEDUCTIONS</p></bud-heading><bud-data exprev="rev" tot="tot"/><nmc-article alias="4 0 0" id="dd2a8986-adea-456d-b71b-b3c9bb23dabe-N46652"><bud-heading><p lang="en">Proceeds from taxation on the salaries, wages and allowances of Members of the institution, officials, other servants and recipients of pensions</p></bud-heading><bud-data exprev="rev"><amounts><amount year="n"><figure>3 008 956</figure></amount><amount year="nm1"><figure>2 797 028</figure></amount><amount year="nm2"><figure>2 629 703,00</figure></amount></amounts><relations><relation type="traditional" value="4 0 0"/></relations></bud-data><bud-remarks><p lang="en">Protocol on the privileges and immunities of the European Union, and in particular Article 12 thereof.</p><p lang="en">Council Regulation (EEC, Euratom, ECSC) No 260/68 of 29 February 1968 laying down the conditions and procedure for applying the tax for the benefit of the European Communities (OJ L 56, 4.3.1968, p. 8).</p></bud-remarks></nmc-article><nmc-article alias="4 0 3" id="dd2a8986-adea-456d-b71b-b3c9bb23dabe-N46690"><bud-heading><p lang="en">Proceeds from the temporary contribution from the salaries of Members of the institution, officials and other servants in active employment</p></bud-heading><bud-data exprev="rev"><amounts><amount year="n"><figure>p.m.</figure></amount><amount year="nm1"><figure>p.m.</figure></amount><amount year="nm2"><figure>146,00</figure></amount></amounts><relations><relation type="traditional" value="4 0 3"/></relations></bud-data><bud-remarks><p lang="en">Staff Regulations of Officials of the European Communities, and in particular Article 66a thereof, in the version in force until 15 December 2003.</p></bud-remarks></nmc-article><nmc-article alias="4 0 4" id="dd2a8986-adea-456d-b71b-b3c9bb23dabe-N466AE"><bud-heading><p lang="en">Proceeds from the special levy on the salaries of Members of the institution, officials and other servants in active employment</p></bud-heading><bud-data exprev="rev"><amounts><amount year="n"><figure>437 055</figure></amount><amount year="nm1"><figure>370 054</figure></amount><amount year="nm2"><figure>381 759,00</figure></amount></amounts></bud-data><bud-remarks><p lang="en">Staff Regulations of Officials of the European Union, and in particular Article 66a thereof.</p></bud-remarks></nmc-article></nmc-chapter><nmc-chapter alias="4 1" id="dd2a8986-adea-456d-b71b-b3c9bb23dabe-N466C8"><bud-heading><p>CONTRIBUTIONS TO THE PENSION SCHEME</p></bud-heading><bud-data exprev="rev" tot="tot"/><nmc-article alias="4 1 0" id="dd2a8986-adea-456d-b71b-b3c9bb23dabe-N466D1"><bud-heading><p>Staff contributions to the pension scheme</p></bud-heading><bud-data exprev="rev"><amounts><amount year="n"><figure>4 303 311</figure></amount><amount year="nm1"><figure>3 571 041</figure></amount><amount year="nm2"><figure>3 578 016,00</figure></amount></amounts></bud-data><bud-remarks><p lang="en">Staff Regulations of Officials of the European Union, and in particular Article 83(2) thereof.</p></bud-remarks></nmc-article><nmc-article alias="4 1 1" id="dd2a8986-adea-456d-b71b-b3c9bb23dabe-N466EA"><bud-heading><p>Transfer or purchase of pension rights by staff</p></bud-heading><bud-data exprev="rev"><amounts><amount year="n"><figure>p.m.</figure></amount><amount year="nm1"><figure>p.m.</figure></amount><amount year="nm2"><figure>0,—</figure></amount></amounts></bud-data><bud-remarks><p lang="en">Staff Regulations of Officials of the European Union, and in particular Article 11(2) and Articles 17 and 48 of Annex VIII thereto.</p></bud-remarks></nmc-article><nmc-article alias="4 1 2" id="dd2a8986-adea-456d-b71b-b3c9bb23dabe-N46703"><bud-heading><p>Contributions to the pension scheme by officials and temporary staff on leave on personal grounds</p></bud-heading><bud-data exprev="rev"><amounts><amount year="n"><figure>p.m.</figure></amount><amount year="nm1"><figure>p.m.</figure></amount><amount year="nm2"><figure>0,—</figure></amount></amounts></bud-data><bud-remarks><p lang="en">Staff Regulations of Officials of the European Union, and in particular Article 40(3) and Article 83(2) thereof.</p><p lang="en">Conditions of Employment of Other Servants of the European Union, and in particular Articles 41 and 43 thereof.</p></bud-remarks></nmc-article></nmc-chapter></nmc-title><nmc-title alias="5" id="dd2a8986-adea-456d-b71b-b3c9bb23dabe-N4671F"><bud-heading><p>REVENUE ACCRUING FROM THE ADMINISTRATIVE OPERATION OF THE INSTITUTION</p></bud-heading><bud-data exprev="rev" tot="tot"/><nmc-chapter alias="5 0" id="dd2a8986-adea-456d-b71b-b3c9bb23dabe-N46728"><bud-heading><p>PROCEEDS FROM THE SALE OF MOVABLE AND IMMOVABLE PROPERTY</p></bud-heading><bud-data exprev="rev" tot="tot"/><nmc-article alias="5 0 0" id="dd2a8986-adea-456d-b71b-b3c9bb23dabe-N46731"><bud-heading><p>Proceeds from the sale of movable property</p></bud-heading><bud-data exprev="rev" tot="tot"/><nmc-item alias="5 0 0 0" id="dd2a8986-adea-456d-b71b-b3c9bb23dabe-N4673A"><bud-heading><p>Proceeds from the sale of vehicles — Assigned revenue</p></bud-heading><bud-data exprev="rev"><amounts><amount year="n"><figure>p.m.</figure></amount><amount year="nm1"><figure>p.m.</figure></amount><amount year="nm2"><figure>0,—</figure></amount></amounts></bud-data><bud-remarks><p lang="en">This item is intended to record revenue from the sale or part-exchange of vehicles belonging to the institution.</p><p lang="en">In accordance with Article 18 of the Financial Regulation, this revenue is to be considered as assigned revenue and gives rise to the entry of additional appropriations in the headings which bore the initial expenditure giving rise to the corresponding revenue.</p></bud-remarks></nmc-item><nmc-item alias="5 0 0 1" id="dd2a8986-adea-456d-b71b-b3c9bb23dabe-N46756"><bud-heading><p>Proceeds from the sale of other movable property — Assigned revenue</p></bud-heading><bud-data exprev="rev"><amounts><amount year="n"><figure>p.m.</figure></amount><amount year="nm1"><figure>p.m.</figure></amount><amount year="nm2"><figure>0,—</figure></amount></amounts></bud-data><bud-remarks><p lang="en">This item is intended to record revenue from the sale or part-exchange of movable property, other than vehicles, belonging to the institution.</p><p lang="en">In accordance with Article 18 of the Financial Regulation, this revenue is to be considered as assigned revenue and gives rise to the entry of additional appropriations in the headings which bore the initial expenditure giving rise to the corresponding revenue.</p></bud-remarks></nmc-item></nmc-article><nmc-article alias="5 0 2" id="dd2a8986-adea-456d-b71b-b3c9bb23dabe-N46772"><bud-heading><p lang="en">Proceeds from the sale of publications, printed works and films — Assigned revenue</p></bud-heading><bud-data exprev="rev"><amounts><amount year="n"><figure>p.m.</figure></amount><amount year="nm1"><figure>p.m.</figure></amount><amount year="nm2"><figure>0,—</figure></amount></amounts><relations><relation type="traditional" value="5 0 2"/></relations></bud-data><bud-remarks><p lang="en">In accordance with Article 18 of the Financial Regulation, this revenue is to be considered as assigned revenue and gives rise to the entry of additional appropriations in the headings which bore the initial expenditure giving rise to the corresponding revenue.</p><p lang="en">This article shall also include the proceeds of the sale of these products by electronic means.</p></bud-remarks></nmc-article></nmc-chapter><nmc-chapter alias="5 1" id="dd2a8986-adea-456d-b71b-b3c9bb23dabe-N46793"><bud-heading><p>PROCEEDS FROM LETTING AND HIRING</p></bud-heading><bud-data exprev="rev" tot="tot"/><nmc-article alias="5 1 0" id="dd2a8986-adea-456d-b71b-b3c9bb23dabe-N4679C"><bud-heading><p lang="en">Proceeds from the hiring-out of furniture and equipment — Assigned revenue</p></bud-heading><bud-data exprev="rev"><amounts><amount year="n"><figure>p.m.</figure></amount><amount year="nm1"><figure>p.m.</figure></amount><amount year="nm2"><figure>0,—</figure></amount></amounts><relations><relation type="traditional" value="5 1 0"/></relations></bud-data><bud-remarks><p lang="en">In accordance with Article 18 of the Financial Regulation, this revenue is to be considered as assigned revenue and gives rise to the entry of additional appropriations in the headings which bore the initial expenditure giving rise to the corresponding revenue.</p></bud-remarks></nmc-article><nmc-article alias="5 1 1" id="dd2a8986-adea-456d-b71b-b3c9bb23dabe-N467BA"><bud-heading><p lang="en">Proceeds from letting immovable property and reimbursement of charges connected with lettings</p></bud-heading><bud-data exprev="rev" tot="tot"/><nmc-item alias="5 1 1 0" id="dd2a8986-adea-456d-b71b-b3c9bb23dabe-N467C3"><bud-heading><p>Proceeds from letting and subletting immovable property — Assigned revenue</p></bud-heading><bud-data exprev="rev"><amounts><amount year="n"><figure>p.m.</figure></amount><amount year="nm1"><figure>p.m.</figure></amount><amount year="nm2"><figure>0,—</figure></amount></amounts></bud-data><bud-remarks><p lang="en">In accordance with Article 18 of the Financial Regulation, this revenue is to be considered as assigned revenue and gives rise to the entry of additional appropriations in the headings which bore the initial expenditure giving rise to the corresponding revenue.</p></bud-remarks></nmc-item><nmc-item alias="5 1 1 1" id="dd2a8986-adea-456d-b71b-b3c9bb23dabe-N467DC"><bud-heading><p>Reimbursement of charges connected with lettings — Assigned revenue</p></bud-heading><bud-data exprev="rev"><amounts><amount year="n"><figure>p.m.</figure></amount><amount year="nm1"><figure>p.m.</figure></amount><amount year="nm2"><figure>0,—</figure></amount></amounts></bud-data><bud-remarks><p lang="en">In accordance with Article 18 of the Financial Regulation, this revenue is to be considered as assigned revenue and gives rise to the entry of additional appropriations in the headings which bore the initial expenditure giving rise to the corresponding revenue.</p></bud-remarks></nmc-item></nmc-article></nmc-chapter><nmc-chapter alias="5 2" id="dd2a8986-adea-456d-b71b-b3c9bb23dabe-N467F5"><bud-heading><p>REVENUE FROM INVESTMENTS OR LOANS GRANTED, BANK AND OTHER INTEREST</p></bud-heading><bud-data exprev="rev" tot="tot"/><nmc-article alias="5 2 0" id="dd2a8986-adea-456d-b71b-b3c9bb23dabe-N467FE"><bud-heading><p>Revenue from investments or loans granted, bank and other interest on the institution's accounts</p></bud-heading><bud-data exprev="rev"><amounts><amount year="n"><figure>100 000</figure></amount><amount year="nm1"><figure>100 000</figure></amount><amount year="nm2"><figure>107 767,00</figure></amount></amounts></bud-data><bud-remarks><p lang="en">This article is intended to record revenue from investments or loans granted, bank and other interest on the institution's accounts.</p></bud-remarks></nmc-article><nmc-article alias="5 2 2" id="dd2a8986-adea-456d-b71b-b3c9bb23dabe-N46817"><bud-heading><p>Interest from pre-financing</p></bud-heading><bud-data exprev="rev"><amounts><amount year="n"><figure>p.m.</figure></amount><amount year="nm1"><figure>p.m.</figure></amount><amount year="nm2"><figure>0,—</figure></amount></amounts></bud-data><bud-remarks><p lang="en">This article is intended to record revenue from interest on pre-financing.</p></bud-remarks></nmc-article></nmc-chapter><nmc-chapter alias="5 5" id="dd2a8986-adea-456d-b71b-b3c9bb23dabe-N46830"><bud-heading><p lang="en">REVENUE FROM THE SUPPLY OF SERVICES AND WORKS</p></bud-heading><bud-data exprev="rev" tot="tot"/><nmc-article alias="5 5 0" id="dd2a8986-adea-456d-b71b-b3c9bb23dabe-N4683A"><bud-heading><p>Proceeds from the supply of services and works for other institutions or bodies, including refunds by other institutions or bodies of mission allowances paid on their behalf — Assigned revenue</p></bud-heading><bud-data exprev="rev"><amounts><amount year="n"><figure>p.m.</figure></amount><amount year="nm1"><figure>p.m.</figure></amount><amount year="nm2"><figure>0,—</figure></amount></amounts></bud-data><bud-remarks><p lang="en">In accordance with Article 18 of the Financial Regulation, this revenue is to be considered as assigned revenue and gives rise to the entry of additional appropriations in the headings which bore the initial expenditure giving rise to the corresponding revenue.</p></bud-remarks></nmc-article><nmc-article alias="5 5 1" id="dd2a8986-adea-456d-b71b-b3c9bb23dabe-N46853"><bud-heading><p>Revenue from third parties in respect of services or work supplied at their request — Assigned revenue</p></bud-heading><bud-data exprev="rev"><amounts><amount year="n"><figure>p.m.</figure></amount><amount year="nm1"><figure>p.m.</figure></amount><amount year="nm2"><figure>0,—</figure></amount></amounts></bud-data><bud-remarks><p lang="en">In accordance with Article 18 of the Financial Regulation, this revenue is to be considered as assigned revenue and gives rise to the entry of additional appropriations in the headings which bore the initial expenditure giving rise to the corresponding revenue.</p></bud-remarks></nmc-article></nmc-chapter><nmc-chapter alias="5 7" id="dd2a8986-adea-456d-b71b-b3c9bb23dabe-N4686C"><bud-heading><p lang="en">OTHER CONTRIBUTIONS AND REFUNDS IN CONNECTION WITH THE ADMINISTRATIVE OPERATION OF THE INSTITUTION</p></bud-heading><bud-data exprev="rev" tot="tot"/><nmc-article alias="5 7 0" id="dd2a8986-adea-456d-b71b-b3c9bb23dabe-N46876"><bud-heading><p>Revenue arising from the repayment of amounts wrongly paid — Assigned revenue</p></bud-heading><bud-data exprev="rev"><amounts><amount year="n"><figure>p.m.</figure></amount><amount year="nm1"><figure>p.m.</figure></amount><amount year="nm2"><figure>0,—</figure></amount></amounts><relations><relation type="traditional" value="5 7 0"/></relations></bud-data><bud-remarks><p lang="en">In accordance with Article 18 of the Financial Regulation, this revenue is to be considered as assigned revenue and gives rise to the entry of additional appropriations in the headings which bore the initial expenditure giving rise to the corresponding revenue.</p></bud-remarks></nmc-article><nmc-article alias="5 7 1" id="dd2a8986-adea-456d-b71b-b3c9bb23dabe-N46893"><bud-heading><p lang="en">Revenue earmarked for a specific purpose, such as income from foundations, subsidies, gifts and bequests, including the earmarked revenue specific to the institution — Assigned revenue</p></bud-heading><bud-data exprev="rev"><amounts><amount year="n"><figure>p.m.</figure></amount><amount year="nm1"><figure>p.m.</figure></amount><amount year="nm2"><figure>0,—</figure></amount></amounts></bud-data><bud-remarks><p lang="en">In accordance with Article 18 of the Financial Regulation, this revenue is to be considered as assigned revenue and gives rise to the entry of additional appropriations in the headings which bore the initial expenditure giving rise to the corresponding revenue.</p></bud-remarks></nmc-article><nmc-article alias="5 7 3" id="dd2a8986-adea-456d-b71b-b3c9bb23dabe-N468AD"><bud-heading><p>Other contributions and refunds in connection with the administrative operation of the institution — Assigned revenue</p></bud-heading><bud-data exprev="rev"><amounts><amount year="n"><figure>p.m.</figure></amount><amount year="nm1"><figure>p.m.</figure></amount><amount year="nm2"><figure>0,—</figure></amount></amounts></bud-data><bud-remarks><p lang="en">In accordance with Article 18 of the Financial Regulation, this revenue is to be considered as assigned revenue and gives rise to the entry of additional appropriations in the headings which bore the initial expenditure giving rise to the corresponding revenue.</p></bud-remarks></nmc-article></nmc-chapter><nmc-chapter alias="5 8" id="dd2a8986-adea-456d-b71b-b3c9bb23dabe-N468C6"><bud-heading><p lang="en">MISCELLANEOUS COMPENSATION</p></bud-heading><bud-data exprev="rev" tot="tot"/><nmc-article alias="5 8 0" id="dd2a8986-adea-456d-b71b-b3c9bb23dabe-N468D0"><bud-heading><p lang="en">Revenue arising from indemnities connected with renting — Assigned revenue</p></bud-heading><bud-data exprev="rev"><amounts><amount year="n"><figure>p.m.</figure></amount><amount year="nm1"><figure>p.m.</figure></amount><amount year="nm2"><figure>0,—</figure></amount></amounts></bud-data><bud-remarks><p lang="en">In accordance with Article 18 of the Financial Regulation, this revenue is to be considered as assigned revenue and gives rise to the entry of additional appropriations in the headings which bore the initial expenditure giving rise to the corresponding revenue.</p></bud-remarks></nmc-article><nmc-article alias="5 8 1" id="dd2a8986-adea-456d-b71b-b3c9bb23dabe-N468EA"><bud-heading><p>Revenue from insurance payments received — Assigned revenue</p></bud-heading><bud-data exprev="rev"><amounts><amount year="n"><figure>p.m.</figure></amount><amount year="nm1"><figure>p.m.</figure></amount><amount year="nm2"><figure>0,—</figure></amount></amounts></bud-data><bud-remarks><p lang="en">In accordance with Article 18 of the Financial Regulation, this revenue is to be considered as assigned revenue and gives rise to the entry of additional appropriations in the headings which bore the initial expenditure giving rise to the corresponding revenue.</p><p lang="en">This article also includes reimbursement by insurance companies of the salaries of officials involved in accidents.</p></bud-remarks></nmc-article></nmc-chapter><nmc-chapter alias="5 9" id="dd2a8986-adea-456d-b71b-b3c9bb23dabe-N46906"><bud-heading><p lang="en">OTHER REVENUE FROM ADMINISTRATIVE OPERATIONS</p></bud-heading><bud-data exprev="rev" tot="tot"/><nmc-article alias="5 9 0" id="dd2a8986-adea-456d-b71b-b3c9bb23dabe-N46910"><bud-heading><p>Other revenue from administrative operations</p></bud-heading><bud-data exprev="rev"><amounts><amount year="n"><figure>p.m.</figure></amount><amount year="nm1"><figure>p.m.</figure></amount><amount year="nm2"><figure>0,—</figure></amount></amounts></bud-data><bud-remarks><p lang="en">This article is intended to record other revenue from administrative operations.</p></bud-remarks></nmc-article></nmc-chapter></nmc-title><nmc-title alias="9" id="dd2a8986-adea-456d-b71b-b3c9bb23dabe-N46929"><bud-heading><p>MISCELLANEOUS REVENUE</p></bud-heading><bud-data exprev="rev" tot="tot"/><nmc-chapter alias="9 0" id="dd2a8986-adea-456d-b71b-b3c9bb23dabe-N46932"><bud-heading><p>MISCELLANEOUS REVENUE</p></bud-heading><bud-data exprev="rev" tot="tot"/><nmc-article alias="9 0 0" id="dd2a8986-adea-456d-b71b-b3c9bb23dabe-N4693B"><bud-heading><p>Miscellaneous revenue</p></bud-heading><bud-data exprev="rev"><amounts><amount year="n"><figure>p.m.</figure></amount><amount year="nm1"><figure>p.m.</figure></amount><amount year="nm2"><figure>0,—</figure></amount></amounts></bud-data><bud-remarks><p lang="en">This article is intended to record miscellaneous revenue.</p></bud-remarks></nmc-article></nmc-chapter></nmc-title></nmc-revenue><nmc-expenditure alias="E" id="dd2a8986-adea-456d-b71b-b3c9bb23dabe-N46954"><bud-heading><p>EXPENDITURE</p></bud-heading><bud-data exprev="exp" tot="tot"/><nmc-title alias="1" id="dd2a8986-adea-456d-b71b-b3c9bb23dabe-N4695D"><bud-heading><p lang="en">PERSONS WORKING WITH THE INSTITUTION</p></bud-heading><bud-data exprev="exp" tot="tot"/><nmc-chapter alias="1 0" id="dd2a8986-adea-456d-b71b-b3c9bb23dabe-N46967"><bud-heading><p>MEMBERS OF THE INSTITUTION</p></bud-heading><bud-data exprev="exp" tot="tot"/><nmc-article alias="1 0 0" id="dd2a8986-adea-456d-b71b-b3c9bb23dabe-N46970"><bud-heading><p lang="en">Salaries, allowances and payments</p></bud-heading><bud-data exprev="exp" tot="tot"/><nmc-item alias="1 0 0 0" id="dd2a8986-adea-456d-b71b-b3c9bb23dabe-N4697A"><bud-heading><p lang="en">Salaries, allowances and payments</p></bud-heading><bud-data exprev="exp"><amounts><amount catpol="5.17" year="n"><figure>90 000</figure></amount><amount year="nm1"><figure>90 000</figure></amount><amount year="nm2"><figure>92 540,00</figure></amount></amounts></bud-data><bud-remarks><p lang="en">This appropriation is intended to cover office expenses relating to the activities of the Members of the Committee of the Regions. The second part of this appropriation is aimed at providing sickness and accident insurance premiums and specific assistance to disabled Members.</p></bud-remarks></nmc-item><nmc-item alias="1 0 0 4" id="dd2a8986-adea-456d-b71b-b3c9bb23dabe-N46994"><bud-heading><p lang="en">Travel and subsistence allowances, attendance at meetings and associated expenditure</p></bud-heading><bud-data exprev="exp"><amounts><amount catpol="5.17" year="n"><figure>7 851 761</figure></amount><amount catpol="5.17" year="nm1"><figure>7 010 501</figure></amount><amount catpol="5.17" year="nm2"><figure>6 582 844,00</figure></amount></amounts><epnote><p>Additionnal Plenary and Bureau meetings</p></epnote></bud-data><bud-remarks><p lang="en">This appropriation is intended to cover payments to Members of the Committee of the Regions and their alternates under the current rules on reimbursement of transport costs and travel and meeting allowances.</p><p lang="en">The amount of assigned revenue in accordance with Article 18(1)(e) to (j) of the Financial Regulation is estimated at EUR 10 000.</p></bud-remarks></nmc-item></nmc-article><nmc-article alias="1 0 5" id="dd2a8986-adea-456d-b71b-b3c9bb23dabe-N469B4"><bud-heading><p lang="en">Courses for Members of the institution</p></bud-heading><bud-data exprev="exp"><amounts><amount catpol="5.17" year="n"><figure>23 927</figure></amount><amount catpol="5.17" year="nm1"><figure>38 500</figure></amount><amount catpol="5.17" year="nm2"><figure>20 000,00</figure></amount></amounts></bud-data><bud-remarks><p lang="en">This appropriation is intended to subsidise part of the registration fees for language courses or other vocational training seminars attended by Members of the Committee of the Regions.</p></bud-remarks></nmc-article></nmc-chapter><nmc-chapter alias="1 2" id="dd2a8986-adea-456d-b71b-b3c9bb23dabe-N469D1"><bud-heading><p lang="en">OFFICIALS AND TEMPORARY STAFF </p></bud-heading><bud-data exprev="exp" tot="tot"><epnote><p>Abatmement rate</p></epnote></bud-data><bud-remarks><p lang="en">A standard abatement of 5% has been applied to the appropriations entered in this chapter.</p></bud-remarks><nmc-article alias="1 2 0" id="dd2a8986-adea-456d-b71b-b3c9bb23dabe-N469DF"><bud-heading><p lang="en">Remuneration and other entitlements </p></bud-heading><bud-data exprev="exp" tot="tot"><epnote><p>Lisbon related posts</p></epnote></bud-data><nmc-item alias="1 2 0 0" id="dd2a8986-adea-456d-b71b-b3c9bb23dabe-N469E9"><bud-heading><p lang="en">Remuneration and allowances</p></bud-heading><bud-data exprev="exp"><amounts><amount catpol="5.17" year="n"><figure>43 345 915</figure></amount><amount catpol="5.17" year="nm1"><figure>40 954 198</figure></amount><amount catpol="5.17" year="nm2"><figure>38 554 863,00</figure></amount></amounts><epnote><p>1.85% salary reserve</p></epnote></bud-data><bud-remarks><p lang="en">Staff Regulations of Officials of the European Union.</p><p lang="en">Conditions of Employment of Other Servants of the European Union.</p><list type="dash"><int.li><p lang="en">This appropriation is mainly intended to cover, for officials and temporary staff holding a post provided for in the establishment plan:</p></int.li><item><p lang="en">salaries, family allowances, expatriation and foreign residence allowances and payments related to salaries,</p></item><item><p lang="en">insurance against sickness, accidents and occupational disease and other social security charges,</p></item><item><p lang="en">the institution's contribution to the Joint Sickness Insurance Scheme,</p></item><item><p lang="en">flat-rate overtime allowances,</p></item><item><p lang="en">other miscellaneous allowances and grants,</p></item><item><p lang="en">payment of travel expenses for officials or temporary staff, their spouses and dependants from their place of employment to their place of origin,</p></item><item><p lang="en">the impact of salary weightings applicable to remuneration and to the part of emoluments transferred to a country other than the country of employment,</p></item><item><p lang="en">unemployment insurance for temporary staff and payments by the institution to temporary staff in order to constitute or maintain their pension rights in their countries of origin,</p></item><item><p lang="en">the severance payment of a probationer dismissed on grounds of manifest incompetence,</p></item><item><p lang="en">the payment in respect of the termination by the institution of the contract of a temporary staff member.</p></item></list><p lang="en">The amount of assigned revenue in accordance with Article 18(1)(e) to (j) of the Financial Regulation is estimated at EUR 3 000.</p></bud-remarks></nmc-item><nmc-item alias="1 2 0 2" id="dd2a8986-adea-456d-b71b-b3c9bb23dabe-N46A3A"><bud-heading><p lang="en">Overtime </p></bud-heading><bud-data exprev="exp"><amounts><amount catpol="5.17" year="n"><figure>75 000</figure></amount><amount catpol="5.17" year="nm1"><figure>85 000</figure></amount><amount catpol="5.17" year="nm2"><figure>65 642,00</figure></amount></amounts></bud-data><bud-remarks><p lang="en">Staff Regulations of Officials of the European Union, and in particular Article 56 thereof and Annex VI thereto.</p><p lang="en">Conditions of Employment of Other Servants of the European Union.</p><p lang="en">This appropriation is intended to cover the payment of overtime under the conditions set out in the abovementioned provisions.</p></bud-remarks></nmc-item><nmc-item alias="1 2 0 4" id="dd2a8986-adea-456d-b71b-b3c9bb23dabe-N46A5D"><bud-heading><p lang="en">Entitlements in connection with entering the service, transfer and leaving the service</p></bud-heading><bud-data exprev="exp"><amounts><amount catpol="5.17" year="n"><figure>702 402</figure></amount><amount catpol="5.17" year="nm1"><figure>580 000</figure></amount><amount catpol="5.17" year="nm2"><figure>606 399,00</figure></amount></amounts><epnote><p>Consequence of 18 new posts</p></epnote></bud-data><bud-remarks><p lang="en">Staff Regulations of Officials of the European Union.</p><p lang="en">Conditions of Employment of Other Servants of the European Union.</p><list type="dash"><int.li><p lang="en">This appropriation is intended to cover:</p></int.li><item><p lang="en">travel expenses due to officials and temporary staff (including their families) entering or leaving the service or being transferred to another place of employment,</p></item><item><p lang="en">installation/resettlement allowances and removal expenses due to officials and temporary staff obliged to change their place of residence on taking up duty, on transfer to a new place of employment and on finally leaving the institution and resettling elsewhere,</p></item><item><p lang="en">daily subsistence allowance for officials and temporary staff who furnish evidence that they must change their place of residence on taking up duty or transferring to a new place of employment.</p></item></list></bud-remarks></nmc-item></nmc-article><nmc-article alias="1 2 2" id="dd2a8986-adea-456d-b71b-b3c9bb23dabe-N46A8F"><bud-heading><p lang="en">Allowances upon early termination of service</p></bud-heading><bud-data exprev="exp" tot="tot"/><nmc-item alias="1 2 2 0" id="dd2a8986-adea-456d-b71b-b3c9bb23dabe-N46A99"><bud-heading><p lang="en">Allowances for staff retired in the interests of the service</p></bud-heading><bud-data exprev="exp"><amounts><amount catpol="5.17" year="n"><figure>p.m.</figure></amount><amount catpol="5.17" comp="true" year="nm1"><figure>p.m.</figure></amount><amount catpol="5.17" comp="true" year="nm2"><figure>0,—</figure></amount></amounts></bud-data><bud-remarks><p lang="en">Staff Regulations of Officials of the European Union, and in particular Articles 41 and 50 thereof and Annex IV thereto.</p><list type="dash"><int.li><p lang="en">This appropriation is intended to cover allowances due to officials:</p></int.li><item><p lang="en">assigned non-active status in connection with action to reduce the number of posts in the institution,</p></item><item><p lang="en">holding an AD 16 or AD 15 grade post who are retired in the interests of the service.</p></item></list><p lang="en">It also covers the employer's contribution to sickness insurance and the impact of weightings applicable to those allowances.</p></bud-remarks></nmc-item><nmc-item alias="1 2 2 2" id="dd2a8986-adea-456d-b71b-b3c9bb23dabe-N46AC9"><bud-heading><p lang="en">Allowances for staff whose service is terminated and special retirement scheme </p></bud-heading><bud-data exprev="exp"><amounts><amount catpol="5.17" year="n"><figure>p.m.</figure></amount><amount catpol="5.17" comp="true" year="nm1"><figure>p.m.</figure></amount><amount catpol="5.17" comp="true" year="nm2"><figure>0,—</figure></amount></amounts></bud-data><bud-remarks><p lang="en">Staff Regulations of Officials of the European Union, and in particular Articles 64 and 72 thereof.</p><p lang="en">Council Regulation (ECSC, EEC, Euratom) No 3518/85 of 12 December 1985 introducing special measures to terminate the service of officials of the European Communities as a result of the accession of Spain and Portugal (OJ L 335, 13.12.1985, p. 56).</p><list type="dash"><int.li><p lang="en">This appropriation is intended to cover:</p></int.li><item><p lang="en">the allowances payable under the Staff Regulations or Regulation (ECSC, EEC, Euratom) No 3518/85,</p></item><item><p lang="en">the employer's contributions towards sickness insurance for the recipients of the allowances,</p></item><item><p lang="en">the impact of the salary weightings applicable to the various allowances.</p></item></list></bud-remarks></nmc-item></nmc-article><nmc-article alias="1 2 9" id="dd2a8986-adea-456d-b71b-b3c9bb23dabe-N46AFD"><bud-heading><p lang="en">Provisional appropriation</p></bud-heading><bud-data exprev="exp"><amounts><amount catpol="5.17" year="n"><figure>276 681</figure></amount><amount catpol="5.17" year="nm1"><figure>498 911</figure></amount><amount catpol="5.17" year="nm2"><figure>0,—</figure></amount></amounts><epnote><p>Consequence of 18 new posts</p></epnote></bud-data><bud-remarks><p lang="en">Staff Regulations of Officials of the European Union, and in particular Article 65 thereof and Annex XI thereto.</p><p lang="en">This appropriation is intended to cover the effects of any salary adjustments decided by the Council during the financial year.</p><p lang="en">This appropriation is purely provisional and may be used only after its transfer to other headings in accordance with the Financial Regulation.</p></bud-remarks></nmc-article></nmc-chapter><nmc-chapter alias="1 4" id="dd2a8986-adea-456d-b71b-b3c9bb23dabe-N46B20"><bud-heading><p lang="en">OTHER STAFF AND EXTERNAL SERVICES</p></bud-heading><bud-data exprev="exp" tot="tot"/><nmc-article alias="1 4 0" id="dd2a8986-adea-456d-b71b-b3c9bb23dabe-N46B2A"><bud-heading><p lang="en">Other staff and external persons</p></bud-heading><bud-data exprev="exp" tot="tot"/><nmc-item alias="1 4 0 0" id="dd2a8986-adea-456d-b71b-b3c9bb23dabe-N46B34"><bud-heading><p lang="en">Other staff</p></bud-heading><bud-data exprev="exp"><amounts><amount catpol="5.17" year="n"><figure>2 178 595</figure></amount><amount catpol="5.17" year="nm1"><figure>2 058 099</figure></amount><amount catpol="5.17" year="nm2"><figure>2 108 735,00</figure></amount></amounts><epnote><p>1.85% salary reserve</p></epnote></bud-data><bud-remarks><p lang="en">Staff Regulations of Officials of the European Union.</p><p lang="en">Conditions of Employment of Other Servants of the European Union.</p><list type="dash"><int.li><p lang="en">This appropriation is intended to cover the following expenditure:</p></int.li><item><p lang="en">the remuneration of other staff including contract staff, interim agents and special advisers (within the meaning of the Conditions of Employment of Other Servants of the European Union), the employer's contributions to the various social security schemes, family, expatriation and travelling allowances from the place of employment to the country of origin and the impact of salary weightings applicable to the remuneration of these staff or the termination of contract allowance,</p></item><item><p lang="en">fees of medical and paramedical staff paid under the arrangements for the provision of services and, in special cases, the employment of temporary agency staff,</p></item><item><p lang="en">the remuneration and fees of conference operators and multimedia editors used during times of excessive workload or in special cases.</p></item></list><p lang="en">The amount of assigned revenue in accordance with Article 18(1)(e) to (j) of the Financial Regulation is estimated at EUR 13 000.</p></bud-remarks></nmc-item><nmc-item alias="1 4 0 2" id="dd2a8986-adea-456d-b71b-b3c9bb23dabe-N46B69"><bud-heading><p lang="en">Interpreting services</p></bud-heading><bud-data exprev="exp"><amounts><amount catpol="5.17" year="n"><figure>4 366 128</figure></amount><amount catpol="5.17" year="nm1"><figure>3 898 329</figure></amount><amount catpol="5.17" year="nm2"><figure>3 692 329,00</figure></amount></amounts><epnote><p>Additionnal Plenary and Bureau meetings</p></epnote></bud-data><bud-remarks><p lang="en">This appropriation is intended to cover expenditure on interpreting services. </p><p lang="en">It covers the fees, social security contributions, travel expenses and subsistence allowances of interpreters employed.</p></bud-remarks></nmc-item><nmc-item alias="1 4 0 4" id="dd2a8986-adea-456d-b71b-b3c9bb23dabe-N46B89"><bud-heading><p lang="en">Graduate traineeships, grants and exchanges of officials</p></bud-heading><bud-data exprev="exp"><amounts><amount catpol="5.17" year="n"><figure>795 460</figure></amount><amount catpol="5.17" year="nm1"><figure>623 000</figure></amount><amount catpol="5.17" year="nm2"><figure>454 524,00</figure></amount></amounts><epnote><p>National Experts</p></epnote></bud-data><bud-remarks><p lang="en">Staff Regulations of Officials of the European Union.</p><p lang="en">Conditions of Employment of Other Servants of the European Union.</p><list type="dash"><int.li><p lang="en">This appropriation is intended to cover:</p></int.li><item><p lang="en">allowances, travel and mission expenses for trainees, and accident and sickness insurance during courses,</p></item><item><p lang="en">expenditure arising from movements between the Committee of the Regions and the public sector in the Member States or other countries specified in the rules,</p></item><item><p lang="en">the contribution, on a limited scale, to the realisation of research projects in the fields of activity of the Committee of the Regions which are of particular interest for European integration,</p></item><item><p lang="en">the cost of programmes to educate young people in the European spirit.</p></item></list></bud-remarks></nmc-item><nmc-item alias="1 4 0 8" id="dd2a8986-adea-456d-b71b-b3c9bb23dabe-N46BBF"><bud-heading><p lang="en">Entitlements in connection with entering the service, transfer and leaving the service</p></bud-heading><bud-data exprev="exp"><amounts><amount catpol="5.17" year="n"><figure>33 500</figure></amount><amount catpol="5.17" year="nm1"><figure>33 500</figure></amount><amount catpol="5.17" year="nm2"><figure>0,—</figure></amount></amounts></bud-data><bud-remarks><list type="dash"><int.li><p lang="en">This appropriation is intended to cover costs for external services related to the establishment and payment of entitlements for officials, temporary and other staff of the Committee of the Regions. Since such services may include, amongst others, services offered by the European Commission's PMO office, interinstitutional cooperation will be enhanced and benefits will result from economies of scale, thus bringing about savings. Such services may include the following:</p></int.li><item><p lang="en">the transfer of pension rights from and to the country of origin,</p></item><item><p lang="en">the calculation of pension rights,</p></item><item><p lang="en">the establishment and payment of resettlement allowances,</p></item><item><p lang="en">the management of files relating to unemployment benefits and the payment of benefits to those who qualify.</p></item></list></bud-remarks></nmc-item></nmc-article><nmc-article alias="1 4 2" id="dd2a8986-adea-456d-b71b-b3c9bb23dabe-N46BEF"><bud-heading><p lang="en">External services</p></bud-heading><bud-data exprev="exp" tot="tot"/><nmc-item alias="1 4 2 0" id="dd2a8986-adea-456d-b71b-b3c9bb23dabe-N46BF9"><bud-heading><p lang="en">Supplementary services for the translation service</p></bud-heading><bud-data exprev="exp"><amounts><amount catpol="5.17" year="n"><figure>347 200</figure></amount><amount catpol="5.17" year="nm1"><figure>310 000</figure></amount><amount catpol="5.17" year="nm2"><figure>210 000,00</figure></amount></amounts><epnote><p>External translation</p></epnote></bud-data><bud-remarks><p lang="en">This appropriation is intended to cover expenditure on work carried out by external translation contractors. The Committee of the Regions always makes use of external translation contractors, except in the case of some non-EU languages where there are no similar procedures.</p><p lang="en">Expenditure on any work entrusted to the Translation Centre for the bodies of the European Union and all interinstitutional cooperation activities in the language area are also covered by this item.</p></bud-remarks></nmc-item><nmc-item alias="1 4 2 2" id="dd2a8986-adea-456d-b71b-b3c9bb23dabe-N46C19"><bud-heading><p lang="en">Expert assistance relating to consultative work</p></bud-heading><bud-data exprev="exp"><amounts><amount catpol="5.17" year="n"><figure>581 160</figure></amount><amount catpol="5.17" year="nm1"><figure>581 160</figure></amount><amount catpol="5.17" year="nm2"><figure>531 160,00</figure></amount></amounts></bud-data><bud-remarks><p lang="en">This appropriation is intended to cover payments to qualified experts in their specific fields who participate in the activities of the Committee of the Regions, in implementation of the rules governing reimbursement of travel expenses and payment of subsistence allowances to experts, speakers and researchers who participate in the activities of the Committee of the Regions.</p></bud-remarks></nmc-item></nmc-article><nmc-article alias="1 4 9" id="dd2a8986-adea-456d-b71b-b3c9bb23dabe-N46C36"><bud-heading><p lang="en">Provisional appropriation</p></bud-heading><bud-data exprev="exp"><amounts><amount catpol="5.17" year="n"><figure>p.m.</figure></amount><amount catpol="5.17" year="nm1"><figure>p.m.</figure></amount><amount catpol="5.17" year="nm2"><figure>0,—</figure></amount></amounts></bud-data><bud-remarks><p lang="en">Staff Regulations of Officials of the European Union, and in particular Article 65 thereof and Annex XI thereto.</p><p lang="en">Conditions of Employment of Other Servants of the European Union.</p><p lang="en">This appropriation is intended to cover the effects of any salary adjustments decided by the Council during the financial year.</p><p lang="en">It is purely provisional and may be used only after its transfer to other headings in accordance with the Financial Regulation.</p></bud-remarks></nmc-article></nmc-chapter><nmc-chapter alias="1 6" id="dd2a8986-adea-456d-b71b-b3c9bb23dabe-N46C5C"><bud-heading><p lang="en">OTHER EXPENDITURE RELATING TO PERSONS WORKING WITH THE INSTITUTION</p></bud-heading><bud-data exprev="exp" tot="tot"/><nmc-article alias="1 6 1" id="dd2a8986-adea-456d-b71b-b3c9bb23dabe-N46C66"><bud-heading><p lang="en">Expenditure relating to staff management</p></bud-heading><bud-data exprev="exp" tot="tot"/><nmc-item alias="1 6 1 0" id="dd2a8986-adea-456d-b71b-b3c9bb23dabe-N46C70"><bud-heading><p lang="en">Miscellaneous expenditure on recruitment</p></bud-heading><bud-data exprev="exp"><amounts><amount catpol="5.17" year="n"><figure>75 000</figure></amount><amount catpol="5.17" year="nm1"><figure>75 000</figure></amount><amount catpol="5.17" year="nm2"><figure>55 000,00</figure></amount></amounts></bud-data><bud-remarks><p lang="en">Staff Regulations of Officials of the European Union, and in particular Articles 27 to 31 and 33 thereof and Annex III thereto. </p><p lang="en">Decision 2002/620/EC of the European Parliament, the Council, the Commission, the Court of Justice, the Court of Auditors, the Economic and Social Committee, the Committee of the Regions and the European Ombudsman of 25 July 2002 establishing a European Communities Personnel Selection Office (OJ L 197, 26.7.2002, p. 53) and Decision 2002/621/EC of the Secretaries-General of the European Parliament, the Council and the Commission, the Registrar of the Court of Justice, the Secretaries-General of the Court of Auditors, the Economic and Social Committee and the Committee of the Regions, and the Representative of the European Ombudsman of 25 July 2002 on the organisation and operation of the European Communities Personnel Selection Office (OJ L 197, 26.7.2002, p. 56).</p><list type="dash"><int.li><p lang="en">This appropriation is intended to cover:</p></int.li><item><p lang="en">expenditure on organising the competitions provided for in Article 3 of Decision 2002/621/EC and the selection of candidates as well as travel and subsistence expenses for applicants responding to a vacancy notice who are called for oral or written tests relating to a competition, or called for an interview or for medical examinations,</p></item><item><list type="dash"><int.li><p lang="en">the costs of organising procedures for selecting temporary, contract and local staff:</p></int.li><item><p lang="en">the expenditure related to insurance for the invited candidates,</p></item><item><p lang="en">the expenditure related to evaluation procedures related to the allocation of candidates to the relevant posts,</p></item><item><p lang="en">the publication of vacancy notices in the appropriate medias,</p></item><item><p lang="en">etc.</p></item></list></item></list><p lang="en">In cases duly justified by operational needs and after consultation of the European Personnel Selection Office, the institution may use some of these appropriations to organise its own competitions.</p></bud-remarks></nmc-item><nmc-item alias="1 6 1 2" id="dd2a8986-adea-456d-b71b-b3c9bb23dabe-N46CB4"><bud-heading><p lang="en">Further training, retraining and information for staff</p></bud-heading><bud-data exprev="exp"><amounts><amount catpol="5.17" year="n"><figure>341 856</figure></amount><amount catpol="5.17" year="nm1"><figure>290 000</figure></amount><amount catpol="5.17" year="nm2"><figure>340 000,00</figure></amount></amounts><epnote><p>Training</p></epnote></bud-data><bud-remarks><p lang="en">Staff Regulations of Officials of the European Union, and in particular Article 24a thereof.</p><p lang="en">Conditions of Employment of Other Servants of the European Union.</p><list type="dash"><int.li><p lang="en">This appropriation is intended to cover:</p></int.li><item><p lang="en">the organisation of training and retraining courses as well as language courses, on an interinstitutional basis. Some of the appropriations may be used in duly justified cases to cover the organisation of courses within the institution,</p></item><item><p lang="en">expenditure relating to the purchase or production of teaching materials,</p></item><item><p lang="en">professional training courses which raise awareness about matters concerning disabled people and training measures in connection with equal opportunities and careers advice, with particular reference to skill profiles.</p></item></list></bud-remarks></nmc-item></nmc-article><nmc-article alias="1 6 2" id="dd2a8986-adea-456d-b71b-b3c9bb23dabe-N46CE6"><bud-heading><p lang="en">Missions</p></bud-heading><bud-data exprev="exp"><amounts><amount catpol="5.17" year="n"><figure>500 000</figure></amount><amount catpol="5.17" year="nm1"><figure>500 000</figure></amount><amount catpol="5.17" year="nm2"><figure>429 000,00</figure></amount></amounts></bud-data><bud-remarks><p lang="en">Staff Regulations of Officials of the European Union, and in particular Article 71 thereof and Articles 11, 12 and 13 of Annex VII thereto.</p><p lang="en">Conditions of Employment of Other Servants of the European Union.</p><p lang="en">This appropriation is intended to cover transport expenses, the payment of daily subsistence allowances and incidental or exceptional expenses incurred on mission.</p><p lang="en">The amount of assigned revenue in accordance with Article 18(1)(e) to (j) of the Financial Regulation is estimated at EUR 5 000.</p></bud-remarks></nmc-article><nmc-article alias="1 6 3" id="dd2a8986-adea-456d-b71b-b3c9bb23dabe-N46D0C"><bud-heading><p lang="en">Activities relating to all persons working with the institution</p></bud-heading><bud-data exprev="exp" tot="tot"/><nmc-item alias="1 6 3 0" id="dd2a8986-adea-456d-b71b-b3c9bb23dabe-N46D16"><bud-heading><p lang="en">Social welfare</p></bud-heading><bud-data exprev="exp"><amounts><amount catpol="5.17" year="n"><figure>20 000</figure></amount><amount catpol="5.17" year="nm1"><figure>14 707</figure></amount><amount catpol="5.17" year="nm2"><figure>2 500,00</figure></amount></amounts></bud-data><bud-remarks><p lang="en">Staff Regulations of Officials of the European Union, and in particular the third paragraph of Article 9(3) and Article 76 thereof.</p><list type="dash"><int.li><p lang="en">This appropriation is intended to cover: </p></int.li><item><list type="dash"><int.li><p lang="en">as part of an interinstitutional policy to assist persons with disabilities in the following categories:</p></int.li><item><p lang="en">officials and temporary staff in active employment,</p></item><item><p lang="en">spouses of officials and temporary staff in active employment,</p></item><item><p lang="en">all dependent children within the meaning of the Staff Regulations of Officials of the European Union,</p></item><item><p lang="en">the reimbursement, subject to budgetary ceilings and once any national entitlements granted in the country of residence or of origin have been exhausted, of non-medical expenditure that is recognised as necessary, results from the disability, is duly substantiated and is not covered by the Joint Sickness Insurance Scheme,</p></item></list></item><item><p lang="en">action taken in respect of officials and other servants in particularly difficult situations.</p></item></list></bud-remarks></nmc-item><nmc-item alias="1 6 3 2" id="dd2a8986-adea-456d-b71b-b3c9bb23dabe-N46D54"><bud-heading><p lang="en">Social contacts between members of staff and other social measures</p></bud-heading><bud-data exprev="exp"><amounts><amount catpol="5.17" year="n"><figure>25 000</figure></amount><amount catpol="5.17" year="nm1"><figure>25 000</figure></amount><amount catpol="5.17" year="nm2"><figure>24 993,00</figure></amount></amounts></bud-data><bud-remarks><p lang="en">This appropriation is intended to encourage and provide financial backing for schemes to promote social contact between staff of different nationalities, for example subsidies to staff clubs, sports associations, cultural societies, etc., and to make a contribution to the cost of a permanent leisure centre (cultural and sports activities, hobbies, restaurant).</p><p lang="en">It also covers the financing of a grant for the Staff Committee and incidental expenditure in the Welfare Service and the Committee of the Regions' contribution towards the social, sporting, educational and cultural activities of the European Interinstitutional Centre at Overijse.</p><p lang="en">This appropriation is also intended to cover aid to members of staff other than aid chargeable to other articles in this chapter (home helps, etc.).</p></bud-remarks></nmc-item><nmc-item alias="1 6 3 3" id="dd2a8986-adea-456d-b71b-b3c9bb23dabe-N46D77" type="aibl"><bud-heading><p lang="en">Mobility/Transport</p></bud-heading><bud-data exprev="exp"><amounts><amount catpol="5.16" year="n"><figure>72 500</figure></amount><amount year="nm1"><figure>77 793</figure></amount></amounts></bud-data><bud-remarks><p lang="en">This appropriation is intended to cover all measures included in the mobility plan such as subsidies to promote the use of public transport, service bicycles, etc.</p></bud-remarks></nmc-item><nmc-item alias="1 6 3 4" id="dd2a8986-adea-456d-b71b-b3c9bb23dabe-N46D8E"><bud-heading><p lang="en">Medical service</p></bud-heading><bud-data exprev="exp"><amounts><amount catpol="5.17" year="n"><figure>40 000</figure></amount><amount catpol="5.17" year="nm1"><figure>40 000</figure></amount><amount catpol="5.17" year="nm2"><figure>58 000,00</figure></amount></amounts></bud-data><bud-remarks><p lang="en">Staff Regulations of Officials of the European Union, and in particular Article 59 thereof and Article 8 of Annex II thereto.</p><p lang="en">This appropriation is intended to cover the operating costs of the medical service at the six places of work, including the purchase of materials and pharmaceutical products, etc., expenditure on preventive medical check-ups, expenditure arising from the operation of the Invalidity Committee and expenditure on services provided by outside medical specialists deemed necessary by the medical officers.</p><p lang="en">It also covers expenditure involving the purchase of certain work tools deemed necessary on medical grounds.</p></bud-remarks></nmc-item><nmc-item alias="1 6 3 6" id="dd2a8986-adea-456d-b71b-b3c9bb23dabe-N46DB1"><bud-heading><p lang="en">Restaurants and canteens</p></bud-heading><bud-data exprev="exp"><amounts><amount catpol="5.17" year="n"><figure>p.m.</figure></amount><amount catpol="5.17" year="nm1"><figure>p.m.</figure></amount><amount catpol="5.17" year="nm2"><figure>0,—</figure></amount></amounts></bud-data><bud-remarks><p lang="en">This appropriation is intended to cover restaurant and cafeteria operating expenditure.</p></bud-remarks></nmc-item><nmc-item alias="1 6 3 8" id="dd2a8986-adea-456d-b71b-b3c9bb23dabe-N46DCE"><bud-heading><p lang="en">Early Childhood Centre and approved day nurseries</p></bud-heading><bud-data exprev="exp"><amounts><amount catpol="5.17" year="n"><figure>400 000</figure></amount><amount catpol="5.17" year="nm1"><figure>400 000</figure></amount><amount catpol="5.17" year="nm2"><figure>289 000,00</figure></amount></amounts></bud-data><bud-remarks><p lang="en">This appropriation is intended to cover the contributions of the Committee of the Regions to the costs of the Union nursery centre and other day nurseries and after-school centres.</p></bud-remarks></nmc-item></nmc-article></nmc-chapter></nmc-title><nmc-title alias="2" id="dd2a8986-adea-456d-b71b-b3c9bb23dabe-N46DEB"><bud-heading><p lang="en">BUILDINGS, FURNITURE, EQUIPMENT AND MISCELLANEOUS OPERATING EXPENDITURE</p></bud-heading><bud-data exprev="exp" tot="tot"/><bud-remarks><p lang="en">In 2010, the joint services of the two committees, under Title 2, represented an amount of EUR 23 635 886 for the European Economic and Social Committee and EUR 17 072 381 for the Committee of the Regions.</p></bud-remarks><nmc-chapter alias="2 0" id="dd2a8986-adea-456d-b71b-b3c9bb23dabe-N46DF9"><bud-heading><p lang="en">BUILDINGS AND ASSOCIATED COSTS</p></bud-heading><bud-data exprev="exp" tot="tot"/><nmc-article alias="2 0 0" id="dd2a8986-adea-456d-b71b-b3c9bb23dabe-N46E03"><bud-heading><p lang="en">Buildings and associated costs</p></bud-heading><bud-data exprev="exp" tot="tot"/><nmc-item alias="2 0 0 0" id="dd2a8986-adea-456d-b71b-b3c9bb23dabe-N46E0D"><bud-heading><p lang="en">Rent</p></bud-heading><bud-data exprev="exp"><amounts><amount catpol="5.17" year="n"><figure>1 469 170</figure></amount><amount catpol="5.17" year="nm1"><figure>1 430 835</figure></amount><amount catpol="5.17" year="nm2"><figure>1 361 088,00</figure></amount></amounts></bud-data><bud-remarks><p lang="en">This appropriation is intended to cover rent on buildings and rental charges for meetings held in buildings that are not occupied permanently.</p><p lang="en">The amount of assigned revenue in accordance with Article 18(1)(e) to (j) of the Financial Regulation is estimated at EUR 9 500.</p></bud-remarks></nmc-item><nmc-item alias="2 0 0 1" id="dd2a8986-adea-456d-b71b-b3c9bb23dabe-N46E2D"><bud-heading><p lang="en">Annual lease payments</p></bud-heading><bud-data exprev="exp"><amounts><amount catpol="5.17" year="n"><figure>7 832 145</figure></amount><amount catpol="5.17" year="nm1"><figure>7 829 819</figure></amount><amount catpol="5.17" year="nm2"><figure>7 546 458,00</figure></amount></amounts></bud-data><bud-remarks><p lang="en">This appropriation is intended to cover annual lease payments and other similar expenditure owed by the institution in respect of its lease/purchase obligations.</p><p lang="en">The amount of assigned revenue in accordance with Article 18(1)(e) to (j) of the Financial Regulation is estimated at EUR 1 500.</p></bud-remarks></nmc-item><nmc-item alias="2 0 0 3" id="dd2a8986-adea-456d-b71b-b3c9bb23dabe-N46E4D"><bud-heading><p lang="en">Acquisition of immovable property</p></bud-heading><bud-data exprev="exp"><amounts><amount catpol="5.17" year="n"><figure>p.m.</figure></amount><amount catpol="5.17" year="nm1"><figure>p.m.</figure></amount><amount catpol="5.17" year="nm2"><figure>0,—</figure></amount></amounts></bud-data><bud-remarks><p lang="en">This appropriation is intended to cover the purchase of premises. Subsidies for land and its servicing will be dealt with in accordance with the provisions of the Financial Regulation.</p></bud-remarks></nmc-item><nmc-item alias="2 0 0 5" id="dd2a8986-adea-456d-b71b-b3c9bb23dabe-N46E6A"><bud-heading><p lang="en">Construction of buildings</p></bud-heading><bud-data exprev="exp"><amounts><amount catpol="5.17" year="n"><figure>p.m.</figure></amount><amount catpol="5.17" year="nm1"><figure>p.m.</figure></amount><amount catpol="5.17" year="nm2"><figure>0,—</figure></amount></amounts></bud-data><bud-remarks><p lang="en">This item is intended to accommodate a possible appropriation for the construction of buildings.</p></bud-remarks></nmc-item><nmc-item alias="2 0 0 7" id="dd2a8986-adea-456d-b71b-b3c9bb23dabe-N46E87"><bud-heading><p lang="en">Fitting-out of premises</p></bud-heading><bud-data exprev="exp"><amounts><amount catpol="5.17" year="n"><figure>206 982</figure></amount><amount catpol="5.17" year="nm1"><figure>164 305</figure></amount><amount catpol="5.17" year="nm2"><figure>77 354,00</figure></amount></amounts></bud-data><bud-remarks><p lang="en">This appropriation is intended to cover the performance of fitting-out work, including specific work such as cabling and security and restaurant-related work, etc., as well as other expenditure connected with that work, in particular architects' or engineers' fees. It also includes renovation projects within the EMAS framework aimed at reducing energy consumption.</p></bud-remarks></nmc-item><nmc-item alias="2 0 0 8" id="dd2a8986-adea-456d-b71b-b3c9bb23dabe-N46EA4"><bud-heading><p lang="en">Other expenditure on buildings</p></bud-heading><bud-data exprev="exp"><amounts><amount catpol="5.17" year="n"><figure>35 255</figure></amount><amount year="nm1"><figure>24 738</figure></amount><amount year="nm2"><figure>76 459,00</figure></amount></amounts></bud-data><bud-remarks><list type="dash"><int.li><p lang="en">This appropriation is intended to cover expenditure on buildings not specifically provided for in the other articles in this chapter, in particular:</p></int.li><item><p lang="en">expenses for building adaptations for disabled employees and disabled visitors to the Committee of the Regions,</p></item><item><p lang="en">public-utility service charges,</p></item><item><p lang="en">engineering consultancy services in connection with projects on the fitting-out of premises and legal fees in connection with a possible 'option to buy' for buildings.</p></item></list></bud-remarks></nmc-item><nmc-item alias="2 0 0 9" id="dd2a8986-adea-456d-b71b-b3c9bb23dabe-N46ECD"><bud-heading><p lang="en">Provisional appropriation to cover the institution's property investments</p></bud-heading><bud-data exprev="exp"><amounts><amount catpol="5.17" year="n"><figure>p.m.</figure></amount><amount catpol="5.17" year="nm1"><figure>p.m.</figure></amount><amount catpol="5.17" year="nm2"><figure>0,—</figure></amount></amounts></bud-data><bud-remarks><p lang="en">This appropriation is intended to cover any property investments made by the institution.</p><p lang="en">It is purely provisional and may be used only after its transfer to other headings in accordance with the Financial Regulation.</p></bud-remarks></nmc-item></nmc-article><nmc-article alias="2 0 2" id="dd2a8986-adea-456d-b71b-b3c9bb23dabe-N46EED"><bud-heading><p lang="en">Other expenditure on buildings</p></bud-heading><bud-data exprev="exp" tot="tot"/><nmc-item alias="2 0 2 2" id="dd2a8986-adea-456d-b71b-b3c9bb23dabe-N46EF7"><bud-heading><p lang="en">Cleaning and maintenance</p></bud-heading><bud-data exprev="exp"><amounts><amount catpol="5.17" year="n"><figure>1 804 836</figure></amount><amount catpol="5.17" year="nm1"><figure>1 895 188</figure></amount><amount catpol="5.17" year="nm2"><figure>1 691 740,00</figure></amount></amounts></bud-data><bud-remarks><p lang="en">This appropriation is intended to cover the cost of cleaning and maintaining premises, lifts, heating and air-conditioning systems and fire doors, as well as rat extermination, repainting and repair work, and maintaining the external appearance of buildings and their environment, including the cost of studies, analyses, authorisations, compliance with Eco-Management and Audit Scheme (EMAS) standards, etc.</p><p lang="en">The amount of assigned revenue in accordance with Article 18(1)(e) to (j) of the Financial Regulation is estimated at EUR 2 500.</p></bud-remarks></nmc-item><nmc-item alias="2 0 2 4" id="dd2a8986-adea-456d-b71b-b3c9bb23dabe-N46F17"><bud-heading><p lang="en">Energy consumption</p></bud-heading><bud-data exprev="exp"><amounts><amount catpol="5.17" year="n"><figure>768 204</figure></amount><amount catpol="5.17" year="nm1"><figure>768 573</figure></amount><amount catpol="5.17" year="nm2"><figure>464 931,00</figure></amount></amounts></bud-data><bud-remarks><p lang="en">This appropriation is intended to cover, in particular, water, gas, electricity and heating costs.</p><p lang="en">The amount of assigned revenue in accordance with Article 18(1)(e) to (j) of the Financial Regulation is estimated at EUR 1 000.</p></bud-remarks></nmc-item><nmc-item alias="2 0 2 6" id="dd2a8986-adea-456d-b71b-b3c9bb23dabe-N46F37"><bud-heading><p lang="en">Security and surveillance of buildings</p></bud-heading><bud-data exprev="exp"><amounts><amount catpol="5.17" year="n"><figure>1 489 413</figure></amount><amount catpol="5.17" year="nm1"><figure>1 456 956</figure></amount><amount catpol="5.17" year="nm2"><figure>1 264 439,00</figure></amount></amounts></bud-data><bud-remarks><p lang="en">This appropriation is intended to cover essentially the costs of security and surveillance in respect of buildings.</p></bud-remarks></nmc-item><nmc-item alias="2 0 2 8" id="dd2a8986-adea-456d-b71b-b3c9bb23dabe-N46F54"><bud-heading><p lang="en">Insurance</p></bud-heading><bud-data exprev="exp"><amounts><amount catpol="5.17" year="n"><figure>95 202</figure></amount><amount catpol="5.17" year="nm1"><figure>93 380</figure></amount><amount catpol="5.17" year="nm2"><figure>85 759,00</figure></amount></amounts></bud-data><bud-remarks><p lang="en">This appropriation is intended to cover payments in respect of insurance policy premiums.</p><p lang="en">The amount of assigned revenue in accordance with Article 18(1)(e) to (j) of the Financial Regulation is estimated at EUR 300.</p></bud-remarks></nmc-item></nmc-article></nmc-chapter><nmc-chapter alias="2 1" id="dd2a8986-adea-456d-b71b-b3c9bb23dabe-N46F74"><bud-heading><p lang="en">DATA PROCESSING, EQUIPMENT AND FURNITURE: PURCHASE, HIRE AND MAINTENANCE</p></bud-heading><bud-data exprev="exp" tot="tot"/><nmc-article alias="2 1 0" id="dd2a8986-adea-456d-b71b-b3c9bb23dabe-N46F7E"><bud-heading><p lang="en">Equipment, operating costs and services relating to data processing and telecommunications</p></bud-heading><bud-data exprev="exp" tot="tot"/><nmc-item alias="2 1 0 0" id="dd2a8986-adea-456d-b71b-b3c9bb23dabe-N46F88"><bud-heading><p lang="en">Purchase, servicing and maintenance of equipment and software, and related work</p></bud-heading><bud-data exprev="exp"><amounts><amount catpol="5.17" year="n"><figure>1 250 851</figure></amount><amount catpol="5.17" year="nm1"><figure>1 125 223</figure></amount><amount catpol="5.17" year="nm2"><figure>1 317 056,00</figure></amount></amounts></bud-data><bud-remarks><p lang="en">This appropriation is intended to cover expenditure for the purchase, hire, servicing and maintenance of equipment and software for the institution, and related work.</p></bud-remarks></nmc-item><nmc-item alias="2 1 0 2" id="dd2a8986-adea-456d-b71b-b3c9bb23dabe-N46FA5"><bud-heading><p lang="en">Outside assistance in connection with the operation, development and maintenance of software systems</p></bud-heading><bud-data exprev="exp"><amounts><amount catpol="5.17" year="n"><figure>1 473 125</figure><reserve><figure>115 000</figure><alias>10 0</alias><total><figure>1 588 125</figure></total></reserve></amount><amount catpol="5.17" year="nm1"><figure>1 488 914</figure></amount><amount catpol="5.17" year="nm2"><figure>1 495 307,00</figure></amount></amounts><epnote><p>IT Platform of Network</p></epnote></bud-data><bud-remarks><p lang="en">This appropriation is intended to cover the cost of outside assistance from service bureaux and data-processing consultants in connection with the operation of the data-processing centre and the network, the production and maintenance of applications, support for users, including Members, the carrying out of studies, and the drawing-up and input of technical documentation.</p></bud-remarks><bud-res-cond><p lang="en">Half of the increase has been placed in the reserve pending receipt of more detailed justifications.</p></bud-res-cond></nmc-item><nmc-item alias="2 1 0 3" id="dd2a8986-adea-456d-b71b-b3c9bb23dabe-N46FC2"><bud-heading><p lang="en">Telecommunications</p></bud-heading><bud-data exprev="exp"><amounts><amount catpol="5.17" year="n"><figure>271 866</figure></amount><amount catpol="5.17" year="nm1"><figure>253 207</figure></amount><amount catpol="5.17" year="nm2"><figure>167 920,00</figure></amount></amounts></bud-data><bud-remarks><p lang="en">This appropriation is intended to cover wired and wireless telecommunication subscriptions and charges (fixed-line and mobile telephony, television), as well as costs incurred in connection with data transmission networks and telematic services.</p><p lang="en">The amount of assigned revenue in accordance with Article 18(1)(e) to (j) of the Financial Regulation is estimated at EUR 10 000.</p></bud-remarks></nmc-item></nmc-article><nmc-article alias="2 1 2" id="dd2a8986-adea-456d-b71b-b3c9bb23dabe-N46FE2"><bud-heading><p lang="en">Furniture</p></bud-heading><bud-data exprev="exp"><amounts><amount catpol="5.17" year="n"><figure>160 162</figure></amount><amount catpol="5.17" year="nm1"><figure>127 433</figure></amount><amount catpol="5.17" year="nm2"><figure>142 853,00</figure></amount></amounts><epnote><p>Furniture</p></epnote></bud-data><bud-remarks><p lang="en">This appropriation is intended to cover the purchase, hire, maintenance and repair of furniture, including the purchase of ergonomic furniture and the replacement of worn-out and broken furniture.</p><p lang="en">In connection with works of art, this appropriation is intended to cover both the cost of acquiring and purchasing specific material and the current expenditure relating thereto, including framing, restoration, cleaning, insurance and ad hoc transport costs.</p></bud-remarks></nmc-article><nmc-article alias="2 1 4" id="dd2a8986-adea-456d-b71b-b3c9bb23dabe-N47002"><bud-heading><p lang="en">Technical equipment and installations</p></bud-heading><bud-data exprev="exp"><amounts><amount catpol="5.17" year="n"><figure>639 856</figure></amount><amount catpol="5.17" year="nm1"><figure>563 752</figure></amount><amount catpol="5.17" year="nm2"><figure>525 824,00</figure></amount></amounts><epnote><p>Technical equipment</p></epnote></bud-data><bud-remarks><list type="dash"><int.li><p lang="en">This appropriation is intended to cover the purchase, hire, maintenance and repair of technical equipment and installations, and in particular of:</p></int.li><item><p lang="en">miscellaneous fixed and mobile technical equipment and installations in connection with publishing, archiving, security, canteens and buildings, etc.,</p></item><item><p lang="en">equipment in particular for the print shop, archives, telephone service, canteens, staff shops, security, conferences, the audiovisual sector, etc.</p></item></list><p lang="en">The amount of assigned revenue in accordance with Article 18(1)(e) to (j) of the Financial Regulation is estimated at EUR 8 400.</p></bud-remarks></nmc-article><nmc-article alias="2 1 6" id="dd2a8986-adea-456d-b71b-b3c9bb23dabe-N4702D"><bud-heading><p lang="en">Vehicles</p></bud-heading><bud-data exprev="exp"><amounts><amount catpol="5.17" year="n"><figure>84 900</figure></amount><amount catpol="5.17" year="nm1"><figure>84 900</figure></amount><amount catpol="5.17" year="nm2"><figure>65 966,00</figure></amount></amounts></bud-data><bud-remarks><p lang="en">This appropriation is intended to cover the purchase, maintenance, use and repair of vehicles (fleet of cars and bicycles) and the hire of cars, taxis, coaches and lorries, with or without drivers, including the necessary insurance cover.</p></bud-remarks></nmc-article></nmc-chapter><nmc-chapter alias="2 3" id="dd2a8986-adea-456d-b71b-b3c9bb23dabe-N4704A"><bud-heading><p lang="en">ADMINISTRATIVE EXPENDITURE</p></bud-heading><bud-data exprev="exp" tot="tot"/><nmc-article alias="2 3 0" id="dd2a8986-adea-456d-b71b-b3c9bb23dabe-N47054"><bud-heading><p lang="en">Stationery, office supplies and miscellaneous consumables</p></bud-heading><bud-data exprev="exp"><amounts><amount catpol="5.17" year="n"><figure>175 514</figure></amount><amount catpol="5.17" year="nm1"><figure>216 562</figure></amount><amount catpol="5.17" year="nm2"><figure>152 892,00</figure></amount></amounts></bud-data><bud-remarks><p lang="en">This appropriation is intended to cover the costs of purchasing paper, envelopes, office supplies, products required by the printing and duplicating shops and the cost of outside printing work.</p></bud-remarks></nmc-article><nmc-article alias="2 3 1" id="dd2a8986-adea-456d-b71b-b3c9bb23dabe-N47071"><bud-heading><p lang="en">Financial charges</p></bud-heading><bud-data exprev="exp"><amounts><amount catpol="5.17" year="n"><figure>5 000</figure></amount><amount catpol="5.17" year="nm1"><figure>20 000</figure></amount><amount catpol="5.17" year="nm2"><figure>20 000,00</figure></amount></amounts></bud-data><bud-remarks><p lang="en">This appropriation is intended to cover bank charges (commission, agios and miscellaneous charges) and other financial charges, including ancillary costs for the financing of buildings.</p></bud-remarks></nmc-article><nmc-article alias="2 3 2" id="dd2a8986-adea-456d-b71b-b3c9bb23dabe-N4708E"><bud-heading><p lang="en">Legal costs and damages</p></bud-heading><bud-data exprev="exp"><amounts><amount catpol="5.17" year="n"><figure>130 000</figure></amount><amount year="nm1"><figure>20 000</figure></amount><amount year="nm2"><figure>30 000,00</figure></amount></amounts></bud-data><bud-remarks><list type="dash"><int.li><p lang="en">This appropriation is intended to cover:</p></int.li><item><p lang="en"> all costs deriving from the Committee of the Regions' involvement in cases before the Union and national courts, the cost of legal services, the purchase of legal works and equipment, and any other legal, court or out-of-court expenses to which the Legal Service contributes,</p></item><item><p lang="en">damages, interest and any related debts within the meaning of Article 8(3) of the Financial Regulation.</p></item></list></bud-remarks></nmc-article><nmc-article alias="2 3 6" id="dd2a8986-adea-456d-b71b-b3c9bb23dabe-N470B3"><bud-heading><p lang="en">Postage on correspondence and delivery charges</p></bud-heading><bud-data exprev="exp"><amounts><amount catpol="5.17" year="n"><figure>124 000</figure></amount><amount catpol="5.17" year="nm1"><figure>389 000</figure></amount><amount catpol="5.17" year="nm2"><figure>385 274,00</figure></amount></amounts></bud-data><bud-remarks><p lang="en">This appropriation is intended to cover charges for postage, processing and delivery by the postal services or private delivery firms.</p></bud-remarks></nmc-article><nmc-article alias="2 3 8" id="dd2a8986-adea-456d-b71b-b3c9bb23dabe-N470D0"><bud-heading><p lang="en">Other administrative expenditure</p></bud-heading><bud-data exprev="exp"><amounts><amount catpol="5.17" year="n"><figure>104 548</figure></amount><amount catpol="5.17" year="nm1"><figure>97 142</figure></amount><amount catpol="5.17" year="nm2"><figure>68 422,00</figure></amount></amounts></bud-data><bud-remarks><list type="dash"><int.li><p lang="en">This appropriation is intended to cover:</p></int.li><item><p lang="en">insurance not specifically provided for in another item,</p></item><item><p lang="en">the purchase and maintenance of uniforms for ushers, drivers and removal personnel, medical services and various technical services,</p></item><item><p lang="en">all removal and handling expenses and those incurred by using removal firms or by using the services of interim handling agents,</p></item><item><p lang="en">miscellaneous expenses, such as decorations, donations, etc.</p></item></list></bud-remarks></nmc-article></nmc-chapter><nmc-chapter alias="2 5" id="dd2a8986-adea-456d-b71b-b3c9bb23dabe-N47100"><bud-heading><p lang="en">MEETINGS AND CONFERENCES</p></bud-heading><bud-data exprev="exp" tot="tot"/><nmc-article alias="2 5 4" id="dd2a8986-adea-456d-b71b-b3c9bb23dabe-N4710A"><bud-heading><p lang="en">Meetings, conferences, congresses, seminars and other events</p></bud-heading><bud-data exprev="exp" tot="tot"/><nmc-item alias="2 5 4 0" id="dd2a8986-adea-456d-b71b-b3c9bb23dabe-N47114"><bud-heading><p lang="en">Internal meetings</p></bud-heading><bud-data exprev="exp"><amounts><amount catpol="5.17" year="n"><figure>110 150</figure></amount><amount catpol="5.17" year="nm1"><figure>110 150</figure></amount><amount catpol="5.17" year="nm2"><figure>134 000,00</figure></amount></amounts></bud-data><bud-remarks><p lang="en">This appropriation is intended to cover the cost of drinks and, occasionally, of snacks and working meals at internal meetings.</p></bud-remarks></nmc-item><nmc-item alias="2 5 4 1" id="dd2a8986-adea-456d-b71b-b3c9bb23dabe-N47131"><bud-heading><p lang="en">Observers</p></bud-heading><bud-data exprev="exp"><amounts><amount catpol="5.17" year="n"><figure>34 800</figure><reserve><figure>22 000</figure><alias>10 0</alias><total><figure>56 800</figure></total></reserve></amount><amount catpol="5.17" year="nm1"><figure>34 800</figure></amount><amount catpol="5.17" year="nm2"><figure>6 940,00</figure></amount></amounts><epnote><p>Croatia observers</p></epnote></bud-data><bud-remarks><p lang="en">This appropriation is intended to cover the payment of travel and subsistence expenses to regional and local representatives of the applicant countries and of countries with special relations with the European Union who participate in the work of the Committee of the Regions.</p></bud-remarks><bud-res-cond><p lang="en">It is placed in reserve pending confirmation of the accession calendar.</p></bud-res-cond></nmc-item><nmc-item alias="2 5 4 2" id="dd2a8986-adea-456d-b71b-b3c9bb23dabe-N4714E"><bud-heading><p lang="en">Meetings, congresses and conferences</p></bud-heading><bud-data exprev="exp"><amounts><amount catpol="5.17" year="n"><figure>444 038</figure></amount><amount catpol="5.17" year="nm1"><figure>361 562</figure></amount><amount catpol="5.17" year="nm2"><figure>423 061,00</figure></amount></amounts><epnote><p>Meetings and conferences</p></epnote></bud-data><bud-remarks><p lang="en">This appropriation is intended to cover expenses, including representation and logistical expenses, connected with (a) the attendance by Committee of the Regions delegates at congresses, conferences, seminars, symposia, etc. and (b) the organisation by the Committee of the Regions of hearings and both general and specific conferences and meetings (including overall contributions where these events are co-organised with third parties and expenses connected with contracting out).</p></bud-remarks></nmc-item><nmc-item alias="2 5 4 6" id="dd2a8986-adea-456d-b71b-b3c9bb23dabe-N4716B"><bud-heading><p lang="en">Representation expenses</p></bud-heading><bud-data exprev="exp"><amounts><amount catpol="5.17" year="n"><figure>184 375</figure></amount><amount year="nm1"><figure>202 813</figure></amount><amount year="nm2"><figure>186 500,00</figure></amount></amounts></bud-data><bud-remarks><p lang="en">This appropriation is intended to cover expenses related to the obligations of the institution regarding representation.</p><p lang="en">It also covers representation expenses of certain officials acting on behalf of the institution.</p></bud-remarks></nmc-item></nmc-article></nmc-chapter><nmc-chapter alias="2 6" id="dd2a8986-adea-456d-b71b-b3c9bb23dabe-N47188"><bud-heading><p lang="en">EXPERTISE AND INFORMATION: ACQUISITION, ARCHIVING, PRODUCTION AND DISTRIBUTION</p></bud-heading><bud-data exprev="exp" tot="tot"/><nmc-article alias="2 6 0" id="dd2a8986-adea-456d-b71b-b3c9bb23dabe-N47192"><bud-heading><p lang="en">Communication and publications</p></bud-heading><bud-data exprev="exp" tot="tot"/><nmc-item alias="2 6 0 0" id="dd2a8986-adea-456d-b71b-b3c9bb23dabe-N4719C"><bud-heading><p lang="en">Expenditure on publishing, dissemination of information and participation in public events</p></bud-heading><bud-data exprev="exp"><amounts><amount catpol="5.17" year="n"><figure>674 422</figure></amount><amount catpol="5.17" year="nm1"><figure>484 996</figure></amount><amount catpol="5.17" year="nm2"><figure>544 898,00</figure></amount></amounts><epnote><p>Communication and events</p></epnote></bud-data><bud-remarks><p lang="en">This appropriation is intended to cover the Committee of the Regions' communication and information expenses, whether relating to the objectives and activities of the Committee, information activities aimed at the general public, cultural initiatives or any other of the various Committee events. </p><p lang="en">It also covers all materials and audiovisual services connected with these events.</p></bud-remarks></nmc-item><nmc-item alias="2 6 0 2" id="dd2a8986-adea-456d-b71b-b3c9bb23dabe-N471B9"><bud-heading><p lang="en">General publications</p></bud-heading><bud-data exprev="exp"><amounts><amount catpol="5.17" year="n"><figure>864 268</figure></amount><amount catpol="5.17" year="nm1"><figure>864 268</figure></amount><amount catpol="5.17" year="nm2"><figure>798 221,00</figure></amount></amounts></bud-data><bud-remarks><p lang="en">This appropriation is intended to cover the Committee of the Regions' publication costs on all media to promote publications and general information as well as distribution and publication costs for promotional and publicity purposes.</p></bud-remarks></nmc-item><nmc-item alias="2 6 0 4" id="dd2a8986-adea-456d-b71b-b3c9bb23dabe-N471D6"><bud-heading><p lang="en">Official Journal</p></bud-heading><bud-data exprev="exp"><amounts><amount catpol="5.17" year="n"><figure>185 000</figure></amount><amount year="nm1"><figure>185 000</figure></amount><amount year="nm2"><figure>230 000,00</figure></amount></amounts></bud-data><bud-remarks><p lang="en">This appropriation is intended to cover printing expenses for publications in the <ft type="ht">Official Journal of the European Union</ft>, as well as postage and associated costs.</p><p lang="en">The amount of assigned revenue in accordance with Article 18(1)(e) to (j) of the Financial Regulation is estimated at EUR 71 600.</p></bud-remarks></nmc-item></nmc-article><nmc-article alias="2 6 2" id="dd2a8986-adea-456d-b71b-b3c9bb23dabe-N471F7"><bud-heading><p lang="en">Acquisition of documentation and archiving</p></bud-heading><bud-data exprev="exp" tot="tot"/><nmc-item alias="2 6 2 0" id="dd2a8986-adea-456d-b71b-b3c9bb23dabe-N47201"><bud-heading><p lang="en">External studies</p></bud-heading><bud-data exprev="exp"><amounts><amount catpol="5.17" year="n"><figure>499 353</figure></amount><amount catpol="5.17" year="nm1"><figure>499 353</figure></amount><amount catpol="5.17" year="nm2"><figure>564 316,00</figure></amount></amounts></bud-data><bud-remarks><p lang="en">This appropriation is intended to cover studies contracted out to experts and research institutes.</p></bud-remarks></nmc-item><nmc-item alias="2 6 2 2" id="dd2a8986-adea-456d-b71b-b3c9bb23dabe-N4721E"><bud-heading><p lang="en">Documentation and library expenditure</p></bud-heading><bud-data exprev="exp"><amounts><amount catpol="5.17" year="n"><figure>156 196</figure></amount><amount catpol="5.17" year="nm1"><figure>156 196</figure></amount><amount catpol="5.17" year="nm2"><figure>139 028,00</figure></amount></amounts></bud-data><bud-remarks><list type="dash"><int.li><p lang="en">This appropriation is intended to cover:</p></int.li><item><p lang="en">the expansion and renewal of the general reference section and the updating of the library's collection,</p></item><item><p lang="en">subscriptions to newspapers, periodicals, information agencies, their publications and online services, including copyright fees for the copying and distribution in print or electronic form of these publications, and service contracts for press reviews and cuttings,</p></item><item><p lang="en">subscriptions or service contracts for the provision of summaries and analyses of the content of periodicals or the storage on optical media of articles extracted from these periodicals,</p></item><item><p lang="en">the costs of using external documentary and statistical databases, excluding information technology equipment and telecommunication costs,</p></item><item><p lang="en">costs arising from obligations undertaken by the Committee of the Regions in the framework of international and/or interinstitutional cooperation,</p></item><item><p lang="en">the purchase or hire of special equipment, including electric, electronic and IT library, documentation and multimedia equipment and systems, as well as external services for the acquisition, development, installation, use and maintenance of this equipment and these systems,</p></item><item><p lang="en">the cost of services connected with the activities of the library, including those provided for its users (searches, analyses), the quality management system, etc.,</p></item><item><p lang="en">the costs of binding and conservation materials and work for the library, documentation service and multimedia resource centre,</p></item><item><p lang="en">the cost, including materials, of internal publications (brochures, studies, etc.) and communication (newsletters, videos, CD-ROMs, etc.),</p></item><item><p lang="en">the purchase of dictionaries, glossaries and other reference works for the Directorate for Translation.</p></item></list></bud-remarks></nmc-item><nmc-item alias="2 6 2 4" id="dd2a8986-adea-456d-b71b-b3c9bb23dabe-N47266"><bud-heading><p lang="en">Expenditure on archive resources</p></bud-heading><bud-data exprev="exp"><amounts><amount catpol="5.17" year="n"><figure>120 187</figure></amount><amount catpol="5.17" year="nm1"><figure>120 187</figure></amount><amount catpol="5.17" year="nm2"><figure>114 790,00</figure></amount></amounts></bud-data><bud-remarks><p lang="en">This appropriation is intended to cover the cost of external archiving services, including sorting, filing and re-filing, the cost of archiving services, the acquisition and use of archive materials on back-up media (microfilm, disk, cassette, etc.), as well as the purchase, hire and maintenance of special materials (electric, electronic, IT) and the cost of publishing on all media (brochures, CD-ROMs, etc.).</p></bud-remarks></nmc-item></nmc-article><nmc-article alias="2 6 4" id="dd2a8986-adea-456d-b71b-b3c9bb23dabe-N47283"><bud-heading><p lang="en">Expenditure on publications, information and on participation in public events: information and communication activities</p></bud-heading><bud-data exprev="exp"><amounts><amount catpol="5.17" year="n"><figure>408 000</figure></amount><amount catpol="5.17" year="nm1"><figure>408 000</figure></amount><amount catpol="5.17" year="nm2"><figure>378 728,00</figure></amount></amounts></bud-data><bud-remarks><p lang="en">Regulation (Committee of the Regions) No 002/2008 on the financing of the political and information activities of Members of the Committee of the Regions.</p><list type="dash"><int.li><p lang="en">This appropriation is intended to cover expenditure resulting from the political and information activities of Committee members in the exercise of their European mandate:</p></int.li><item><p lang="en">promoting and enhancing the role of the Members of the Committee of the Regions through their political groups' activities,</p></item><item><p lang="en">informing citizens on the role of the Committee of the Regions as the institutional representative of the regional and local authorities of the European Union.</p></item></list></bud-remarks></nmc-article></nmc-chapter></nmc-title><nmc-title alias="10" id="dd2a8986-adea-456d-b71b-b3c9bb23dabe-N472AE"><bud-heading><p>OTHER EXPENDITURE</p></bud-heading><bud-data exprev="exp" tot="tot"/><nmc-chapter alias="10 0" id="dd2a8986-adea-456d-b71b-b3c9bb23dabe-N472B7"><bud-heading><p>PROVISIONAL APPROPRIATIONS</p></bud-heading><bud-data exprev="exp" type="reserve"><amounts><amount catpol="5.17" year="n"><figure>137 000</figure></amount><amount catpol="5.17" year="nm1"><figure>p.m.</figure></amount><amount catpol="5.17" year="nm2"><figure>0,—</figure></amount></amounts><relations><relation type="traditional" value="10 0"/></relations></bud-data><bud-remarks><reuse-link reuse="reuse-link"><reuse-param name="class" value="com.softwareag.belgium.xef.impl.filters.CheckOutAndFilter"/><reuse-param name="xpath" value="/abb[1]/nmc-section[1]/nmc-expenditure[1]"/><reuse-param name="filter" value="com.softwareag.belgium.seibud.abb.LinkAndReuse.NDiffReservesBreakdown"/><reuse-param-list name="aliases"><reuse-param name="alias" value="10 0"/></reuse-param-list></reuse-link><p lang="en">The appropriations entered under this chapter are purely provisional and may be used only after transfer to other budget chapters in accordance with the Financial Regulation.</p></bud-remarks></nmc-chapter><nmc-chapter alias="10 1" id="dd2a8986-adea-456d-b71b-b3c9bb23dabe-N472E8"><bud-heading><p>CONTINGENCY RESERVE</p></bud-heading><bud-data exprev="exp"><amounts><amount catpol="5.17" year="n"><figure>p.m.</figure></amount><amount catpol="5.17" year="nm1"><figure>p.m.</figure></amount><amount catpol="5.17" year="nm2"><figure>0,—</figure></amount></amounts><relations><relation type="traditional" value="10 1"/></relations></bud-data></nmc-chapter><nmc-chapter alias="10 2" id="dd2a8986-adea-456d-b71b-b3c9bb23dabe-N47304"><bud-heading><p>RESERVE TO PROVIDE FOR THE TAKEOVER OF BUILDINGS</p></bud-heading><bud-data exprev="exp"><amounts><amount catpol="5.17" year="n"><figure>p.m.</figure></amount><amount catpol="5.17" year="nm1"><figure>p.m.</figure></amount><amount catpol="5.17" year="nm2"><figure>0,—</figure></amount></amounts><relations><relation type="traditional" value="10 2"/></relations></bud-data></nmc-chapter></nmc-title></nmc-expenditure><nmc-grseq alias="S" id="dd2a8986-adea-456d-b71b-b3c9bb23dabe-N47320"><bud-heading><p lang="en">STAFF</p></bud-heading><nmc-grseq alias="S 1" id="dd2a8986-adea-456d-b71b-b3c9bb23dabe-N47327"><bud-heading><p lang="en">Section VII — Committee of the Regions</p></bud-heading><bud-text><table frame="all" pgwide="1"><tgroup cols="5"><colspec colname="C1" colnum="1" colwidth="121pt"/><colspec colname="C2" colnum="2" colwidth="99.25pt"/><colspec colname="C3" colnum="3" colwidth="102.75pt"/><colspec colname="C4" colnum="4" colwidth="109.85pt"/><colspec colname="C5" colnum="5" colwidth="106.3pt"/><thead><row><entry align="center" colname="C1" colsep="1" morerows="2" rowsep="1" valign="middle"><p lang="en">Function group and grade</p></entry><entry align="center" colsep="1" nameend="C5" namest="C2" rowsep="1" valign="middle"><p lang="en">Committee of the Regions</p></entry></row><row><entry align="center" colsep="1" nameend="C3" namest="C2" rowsep="1"><p lang="en">2011</p></entry><entry align="center" colsep="1" nameend="C5" namest="C4" rowsep="1"><p lang="en">2010</p></entry></row><row><entry align="center" colname="C2" colsep="1" rowsep="1"><p lang="en">Permanent posts</p></entry><entry align="center" colname="C3" colsep="1" rowsep="1"><p lang="en">Temporary posts</p></entry><entry align="center" colname="C4" colsep="1" rowsep="1"><p lang="en">Permanent posts</p></entry><entry align="center" colname="C5" colsep="1" rowsep="1"><p lang="en">Temporary posts</p></entry></row></thead><tbody><row><entry align="center" colname="C1" colsep="1" rowsep="0" valign="middle"><p lang="en">HC</p></entry><entry colname="C2" colsep="1" rowsep="0"/><entry align="center" colname="C3" colsep="1" rowsep="0"><p lang="en">1</p></entry><entry colname="C4" colsep="1" rowsep="0"/><entry align="center" colname="C5" colsep="1" rowsep="0"><p lang="en">1</p></entry></row><row><entry align="center" colname="C1" colsep="1" rowsep="0" valign="middle"><p lang="en">AD 16</p></entry><entry colname="C2" colsep="1" rowsep="0"/><entry colname="C3" colsep="1" rowsep="0"/><entry colname="C4" colsep="1" rowsep="0"/><entry colname="C5" colsep="1" rowsep="0"/></row><row><entry align="center" colname="C1" colsep="1" rowsep="0" valign="middle"><p lang="en">AD 15</p></entry><entry align="center" colname="C2" colsep="1" rowsep="0"><p lang="en">6</p></entry><entry colname="C3" colsep="1" rowsep="0"/><entry align="center" colname="C4" colsep="1" rowsep="0"><p lang="en">6</p></entry><entry colname="C5" colsep="1" rowsep="0"/></row><row><entry align="center" colname="C1" colsep="1" rowsep="0" valign="middle"><p lang="en">AD 14</p></entry><entry align="center" colname="C2" colsep="1" rowsep="0"><p lang="en">12</p></entry><entry align="center" colname="C3" colsep="1" rowsep="0"><p lang="en">1</p></entry><entry align="center" colname="C4" colsep="1" rowsep="0"><p lang="en">9</p></entry><entry align="center" colname="C5" colsep="1" rowsep="0"><p lang="en">1</p></entry></row><row><entry align="center" colname="C1" colsep="1" rowsep="0" valign="middle"><p lang="en">AD 13</p></entry><entry align="center" colname="C2" colsep="1" rowsep="0"><p lang="en">13</p></entry><entry align="center" colname="C3" colsep="1" rowsep="0"><p lang="en">1</p></entry><entry align="center" colname="C4" colsep="1" rowsep="0"><p lang="en">10</p></entry><entry colname="C5" colsep="1" rowsep="0"/></row><row><entry align="center" colname="C1" colsep="1" rowsep="0" valign="middle"><p lang="en">AD 12</p></entry><entry align="center" colname="C2" colsep="1" rowsep="0"><p lang="en">25</p></entry><entry align="center" colname="C3" colsep="1" rowsep="0"><p lang="en">3</p></entry><entry align="center" colname="C4" colsep="1" rowsep="0"><p lang="en">26</p></entry><entry align="center" colname="C5" colsep="1" rowsep="0"><p lang="en">4</p></entry></row><row><entry align="center" colname="C1" colsep="1" rowsep="0" valign="middle"><p lang="en">AD 11</p></entry><entry align="center" colname="C2" colsep="1" rowsep="0"><p lang="en">28</p></entry><entry align="center" colname="C3" colsep="1" rowsep="0"><p lang="en">1</p></entry><entry align="center" colname="C4" colsep="1" rowsep="0"><p lang="en">29</p></entry><entry colname="C5" colsep="1" rowsep="0"/></row><row><entry align="center" colname="C1" colsep="1" rowsep="0" valign="middle"><p lang="en">AD 10</p></entry><entry align="center" colname="C2" colsep="1" rowsep="0"><p lang="en">18</p></entry><entry align="center" colname="C3" colsep="1" rowsep="0"><p lang="en">4</p></entry><entry align="center" colname="C4" colsep="1" rowsep="0"><p lang="en">19</p></entry><entry align="center" colname="C5" colsep="1" rowsep="0"><p lang="en">3</p></entry></row><row><entry align="center" colname="C1" colsep="1" rowsep="0" valign="middle"><p lang="en">AD 9</p></entry><entry align="center" colname="C2" colsep="1" rowsep="0"><p lang="en">9</p></entry><entry align="center" colname="C3" colsep="1" rowsep="0"><p lang="en">1</p></entry><entry align="center" colname="C4" colsep="1" rowsep="0"><p lang="en">7</p></entry><entry align="center" colname="C5" colsep="1" rowsep="0"><p lang="en">3</p></entry></row><row><entry align="center" colname="C1" colsep="1" rowsep="0" valign="middle"><p lang="en">AD 8</p></entry><entry align="center" colname="C2" colsep="1" rowsep="0"><p lang="en">29</p></entry><entry align="center" colname="C3" colsep="1" rowsep="0"><p lang="en">2</p></entry><entry align="center" colname="C4" colsep="1" rowsep="0"><p lang="en">22</p></entry><entry colname="C5" colsep="1" rowsep="0"/></row><row><entry align="center" colname="C1" colsep="1" rowsep="0" valign="middle"><p lang="en">AD 7</p></entry><entry align="center" colname="C2" colsep="1" rowsep="0"><p lang="en">39</p></entry><entry align="center" colname="C3" colsep="1" rowsep="0"><p lang="en">1</p></entry><entry align="center" colname="C4" colsep="1" rowsep="0"><p lang="en">25</p></entry><entry align="center" colname="C5" colsep="1" rowsep="0"><p lang="en">3</p></entry></row><row><entry align="center" colname="C1" colsep="1" rowsep="0" valign="middle"><p lang="en">AD 6</p></entry><entry align="center" colname="C2" colsep="1" rowsep="0"><p lang="en">81</p></entry><entry align="center" colname="C3" colsep="1" rowsep="0"><p lang="en">9</p></entry><entry align="center" colname="C4" colsep="1" rowsep="0"><p lang="en">76</p></entry><entry align="center" colname="C5" colsep="1" rowsep="0"><p lang="en">7</p></entry></row><row><entry align="center" colname="C1" colsep="1" rowsep="0" valign="middle"><p lang="en">AD 5</p></entry><entry align="center" colname="C2" colsep="1" rowsep="1"><p lang="en">26</p></entry><entry align="center" colname="C3" colsep="1" rowsep="1"><p lang="en">1</p></entry><entry align="center" colname="C4" colsep="1" rowsep="1"><p lang="en">41</p></entry><entry align="center" colname="C5" colsep="1" rowsep="1"><p lang="en">3</p></entry></row><row><entry align="right" colname="C1" colsep="1" rowsep="1" valign="middle"><p lang="en">AD total</p></entry><entry align="center" colname="C2" colsep="1" rowsep="1"><p lang="en"><ft type="glossary">286</ft></p></entry><entry align="center" colname="C3" colsep="1" rowsep="1"><p lang="en"><ft type="glossary">25</ft></p></entry><entry align="center" colname="C4" colsep="1" rowsep="1"><p lang="en"><ft type="glossary">270</ft></p></entry><entry align="center" colname="C5" colsep="1" rowsep="1"><p lang="en"><ft type="glossary">25</ft></p></entry></row><row><entry align="center" colname="C1" colsep="1" rowsep="0" valign="middle"><p lang="en">AST 11</p></entry><entry align="center" colname="C2" colsep="1" rowsep="0"><p lang="en">3</p></entry><entry colname="C3" colsep="1" rowsep="0"/><entry align="center" colname="C4" colsep="1" rowsep="0"><p lang="en">2</p></entry><entry colname="C5" colsep="1" rowsep="0"/></row><row><entry align="center" colname="C1" colsep="1" rowsep="0" valign="middle"><p lang="en">AST 10</p></entry><entry align="center" colname="C2" colsep="1" rowsep="0"><p lang="en">5</p></entry><entry colname="C3" colsep="1" rowsep="0"/><entry align="center" colname="C4" colsep="1" rowsep="0"><p lang="en">5</p></entry><entry colname="C5" colsep="1" rowsep="0"/></row><row><entry align="center" colname="C1" colsep="1" rowsep="0" valign="middle"><p lang="en">AST 9</p></entry><entry align="center" colname="C2" colsep="1" rowsep="0"><p lang="en">2</p></entry><entry colname="C3" colsep="1" rowsep="0"/><entry align="center" colname="C4" colsep="1" rowsep="0"><p lang="en">2</p></entry><entry colname="C5" colsep="1" rowsep="0"/></row><row><entry align="center" colname="C1" colsep="1" rowsep="0" valign="middle"><p lang="en">AST 8</p></entry><entry align="center" colname="C2" colsep="1" rowsep="0"><p lang="en">8</p></entry><entry colname="C3" colsep="1" rowsep="0"/><entry align="center" colname="C4" colsep="1" rowsep="0"><p lang="en">8</p></entry><entry colname="C5" colsep="1" rowsep="0"/></row><row><entry align="center" colname="C1" colsep="1" rowsep="0" valign="middle"><p lang="en">AST 7</p></entry><entry align="center" colname="C2" colsep="1" rowsep="0"><p lang="en">14</p></entry><entry align="center" colname="C3" colsep="1" rowsep="0"><p lang="en">2</p></entry><entry align="center" colname="C4" colsep="1" rowsep="0"><p lang="en">13</p></entry><entry align="center" colname="C5" colsep="1" rowsep="0"><p lang="en">1</p></entry></row><row><entry align="center" colname="C1" colsep="1" rowsep="0" valign="middle"><p lang="en">AST 6</p></entry><entry align="center" colname="C2" colsep="1" rowsep="0"><p lang="en">20</p></entry><entry align="center" colname="C3" colsep="1" rowsep="0"><p lang="en">1</p></entry><entry align="center" colname="C4" colsep="1" rowsep="0"><p lang="en">19</p></entry><entry align="center" colname="C5" colsep="1" rowsep="0"><p lang="en">1</p></entry></row><row><entry align="center" colname="C1" colsep="1" rowsep="0" valign="middle"><p lang="en">AST 5</p></entry><entry align="center" colname="C2" colsep="1" rowsep="0"><p lang="en">39</p></entry><entry align="center" colname="C3" colsep="1" rowsep="0"><p lang="en">5</p></entry><entry align="center" colname="C4" colsep="1" rowsep="0"><p lang="en">36</p></entry><entry align="center" colname="C5" colsep="1" rowsep="0"><p lang="en">5</p></entry></row><row><entry align="center" colname="C1" colsep="1" rowsep="0" valign="middle"><p lang="en">AST 4</p></entry><entry align="center" colname="C2" colsep="1" rowsep="0"><p lang="en">32</p></entry><entry align="center" colname="C3" colsep="1" rowsep="0"><p lang="en">3</p></entry><entry align="center" colname="C4" colsep="1" rowsep="0"><p lang="en">29</p></entry><entry align="center" colname="C5" colsep="1" rowsep="0"><p lang="en">3</p></entry></row><row><entry align="center" colname="C1" colsep="1" rowsep="0" valign="middle"><p lang="en">AST 3</p></entry><entry align="center" colname="C2" colsep="1" rowsep="0"><p lang="en">24</p></entry><entry align="center" colname="C3" colsep="1" rowsep="0"><p lang="en">1</p></entry><entry align="center" colname="C4" colsep="1" rowsep="0"><p lang="en">28</p></entry><entry align="center" colname="C5" colsep="1" rowsep="0"><p lang="en">2</p></entry></row><row><entry align="center" colname="C1" colsep="1" rowsep="0" valign="middle"><p lang="en">AST 2</p></entry><entry align="center" colname="C2" colsep="1" rowsep="0"><p lang="en">41</p></entry><entry align="center" colname="C3" colsep="1" rowsep="0"><p lang="en">2</p></entry><entry align="center" colname="C4" colsep="1" rowsep="0"><p lang="en">36</p></entry><entry align="center" colname="C5" colsep="1" rowsep="0"><p lang="en">2</p></entry></row><row><entry align="center" colname="C1" colsep="1" rowsep="0" valign="middle"><p lang="en">AST 1</p></entry><entry align="center" colname="C2" colsep="1" rowsep="1"><p lang="en">11</p></entry><entry colname="C3" colsep="1" rowsep="1"/><entry align="center" colname="C4" colsep="1" rowsep="1"><p lang="en">19</p></entry><entry colname="C5" colsep="1" rowsep="1"/></row><row><entry align="right" colname="C1" colsep="1" rowsep="1" valign="middle"><p lang="en">AST total</p></entry><entry align="center" colname="C2" colsep="1" rowsep="1"><p lang="en"><ft type="glossary">199</ft></p></entry><entry align="center" colname="C3" colsep="1" rowsep="1"><p lang="en"><ft type="glossary">14</ft></p></entry><entry align="center" colname="C4" colsep="1" rowsep="1"><p lang="en"><ft type="glossary">197</ft></p></entry><entry align="center" colname="C5" colsep="1" rowsep="1"><p lang="en"><ft type="glossary">14</ft></p></entry></row><row><entry align="right" colname="C1" colsep="1" rowsep="1" valign="middle"><p lang="en"><ft type="glossary">Grand total</ft></p></entry><entry align="center" colname="C2" colsep="1" rowsep="1"><p lang="en"><ft type="glossary">485</ft></p></entry><entry align="center" colname="C3" colsep="1" rowsep="1"><p lang="en"><ft type="glossary">39</ft></p></entry><entry align="center" colname="C4" colsep="1" rowsep="1"><p lang="en"><ft type="glossary">467</ft></p></entry><entry align="center" colname="C5" colsep="1" rowsep="1"><p lang="en"><ft type="glossary">39</ft></p></entry></row><row><entry align="right" colname="C1" colsep="1" rowsep="1" valign="middle"><p lang="en"><ft type="glossary">Total staff</ft></p></entry><entry align="center" colsep="1" nameend="C3" namest="C2" rowsep="1"><p lang="en"><ft type="glossary">524</ft><note><p lang="en">The effects of filling certain posts with half-time staff may be offset by recruiting additional staff, subject to the balance of posts thus released in each function group.</p></note><note><p lang="en">Of which one AD 14, one AD 9, one AD 6, one AD 5, one AST 7 and one AST 5 (temporary posts) assigned to the President's private office; one AD 13, three AD 12, one AD 11, four AD 10, two AD 8, one AD 7, five AD 6, one AST 7, one AST 6, four AST 5, three AST 4, one AST 3 and two AST 2 (temporary posts) assigned to the political groups; two AD 6 (temporary posts) for the translation service and one AD 6 (temporary post) for the Communications, press and protocol Directorate.</p></note></p></entry><entry align="center" colsep="1" nameend="C5" namest="C4" rowsep="1"><p lang="en"><ft type="glossary">506</ft><note><p lang="en"> Of which one AD 14, one AD 9, one AD 6, one AD 5, one AST 7 and one AST 5 (temporary posts) assigned to the President's private office; four AD 12, three AD 10, two AD 9, three AD 7, three AD 6, two AD 5, one AST 6, four AST 5, three AST 4, two AST 3 and two AST 2 (temporary posts) assigned to the political groups; one AD 6 (temporary posts) for the translation service and two AD 6 (temporary post) for the Communications<ft type="glossary"><ft type="ht">, </ft></ft>press and protocol Directorate.</p></note></p></entry></row></tbody></tgroup></table></bud-text></nmc-grseq></nmc-grseq></nmc-section>