<?xml version="1.0" encoding="UTF-8"?>
<nmc-section alias="SEC8" id="dd2a8986-adea-456d-b71b-b3c9bb23dabe-N477F5"><bud-heading><p lang="en">SECTION VIII — EUROPEAN OMBUDSMAN</p></bud-heading><nmc-revenue alias="R" id="dd2a8986-adea-456d-b71b-b3c9bb23dabe-N477FC"><bud-heading><p lang="en">OWN RESOURCES</p></bud-heading><bud-data exprev="rev" tot="tot"/><nmc-title alias="4" id="dd2a8986-adea-456d-b71b-b3c9bb23dabe-N47806"><bud-heading><p lang="en">REVENUE ACCRUING FROM PERSONS WORKING WITH THE INSTITUTIONS AND OTHER UNION BODIES</p></bud-heading><bud-data exprev="rev" tot="tot"/><nmc-chapter alias="4 0" id="dd2a8986-adea-456d-b71b-b3c9bb23dabe-N47810"><bud-heading><p lang="en">MISCELLANEOUS TAXES AND DEDUCTIONS</p></bud-heading><bud-data exprev="rev" tot="tot"/><nmc-article alias="4 0 0" id="dd2a8986-adea-456d-b71b-b3c9bb23dabe-N4781A"><bud-heading><p lang="en">Proceeds from taxation on the salaries, wages and allowances of Members of the institution, officials, other servants and recipients of pensions</p></bud-heading><bud-data exprev="rev"><amounts><amount year="n"><figure>546 866</figure></amount><amount year="nm1"><figure>558 683</figure></amount><amount year="nm2"><figure>481 433,00</figure></amount></amounts></bud-data><bud-remarks><p lang="en">Protocol on the privileges and immunities of the European Union, and in particular Article 12 thereof.</p><p lang="en">Regulation No 422/67/EEC, No 5/67/Euratom of the Council of 25 July 1967 determining the emoluments of the President and Members of the Commission, of the President, Judges, Advocates-General and Registrar of the Court of Justice, of the President, Members and Registrar of the Court of First Instance and of the President, Members and Registrar of the European Union Civil Service Tribunal (OJ 187, 8.8.1967, p. 1).</p><p lang="en">Regulation (EEC, Euratom, ECSC) No 260/68 of the Council of 29 February 1968 laying down the conditions and procedure for applying the tax for the benefit of the European Communities (OJ L 56, 4.3.1968, p. 8).</p><p lang="en">Decision 94/262/ECSC, EC, Euratom of the European Parliament of 9 March 1994 on the regulations and general conditions governing the performance of the Ombudsman’s duties (OJ L 113, 4.5.1994, p. 15), and in particular Article 10(2) and (3) thereof.</p></bud-remarks></nmc-article><nmc-article alias="4 0 4" id="dd2a8986-adea-456d-b71b-b3c9bb23dabe-N47857"><bud-heading><p lang="en">Proceeds from the special levy on the salaries of Members of the institution, officials and other servants in active employment</p></bud-heading><bud-data exprev="rev"><amounts><amount year="n"><figure>58 425</figure></amount><amount year="nm1"><figure>50 682</figure></amount><amount year="nm2"><figure>55 109,00</figure></amount></amounts></bud-data><bud-remarks><p lang="en">Protocol on the privileges and immunities of the European Union, and in particular Article 12 thereof.</p><p lang="en">Regulation No 422/67/EEC, No 5/67/Euratom of the Council of 25 July 1967 determining the emoluments of the President and Members of the Commission, of the President, Judges, Advocates-General and Registrar of the Court of Justice, of the President, Members and Registrar of the Court of First Instance and of the President, Members and Registrar of the European Union Civil Service Tribunal (OJ 187, 8.8.1967, p. 1).</p><p lang="en">Staff Regulations of Officials of the European Union, in particular Article 66a thereof, and Conditions of Employment of Other Servants of the European Union.</p><p lang="en">Decision 94/262/ECSC, EC, Euratom of the European Parliament of 9 March 1994 on the regulations and general conditions governing the performance of the Ombudsman’s duties (OJ L 113, 4.5.1994, p. 15), and in particular Article 10(2) and (3) thereof.</p></bud-remarks></nmc-article></nmc-chapter><nmc-chapter alias="4 1" id="dd2a8986-adea-456d-b71b-b3c9bb23dabe-N4787A" type="aibl"><bud-heading><p>CONTRIBUTIONS TO THE PENSION SCHEME</p></bud-heading><bud-data exprev="rev" tot="tot"/><nmc-article alias="4 1 0" id="dd2a8986-adea-456d-b71b-b3c9bb23dabe-N47884" type="aibl"><bud-heading><p lang="en">Staff contributions to the pension scheme</p></bud-heading><bud-data exprev="rev"><amounts><amount year="n"><figure>493 113</figure></amount><amount year="nm1"><figure>462 713</figure></amount><amount year="nm2"><figure>418 018,00</figure></amount></amounts></bud-data><bud-remarks><p lang="en">Staff Regulations of Officials of the European Union, and in particular Article 83(2) thereof.</p></bud-remarks></nmc-article><nmc-article alias="4 1 1" id="dd2a8986-adea-456d-b71b-b3c9bb23dabe-N4789F" type="aibl"><bud-heading><p>Transfer or purchase of pension rights by staff</p></bud-heading><bud-data exprev="rev"><amounts><amount year="n"><figure>p.m.</figure></amount><amount year="nm1"><figure>p.m.</figure></amount><amount year="nm2"><figure>0,—</figure></amount></amounts></bud-data><bud-remarks><p lang="en">Staff Regulations of Officials of the European Union, and in particular Article 4, Article 11(2) and (3) and Article 48 of Annex VIII thereto.</p></bud-remarks></nmc-article><nmc-article alias="4 1 2" id="dd2a8986-adea-456d-b71b-b3c9bb23dabe-N478B9" type="aibl"><bud-heading><p lang="en">Contributions to the pension scheme by officials and other agents on leave on personal grounds</p></bud-heading><bud-data exprev="rev"><amounts><amount year="n"><figure>p.m.</figure></amount><amount year="nm1"><figure>p.m.</figure></amount><amount year="nm2"><figure>0,—</figure></amount></amounts></bud-data><bud-remarks><p lang="en">Staff Regulations of Officials of the European Union, in particular Article 40(3) thereof, and Article 17 of the Conditions of Employment of Other Servants of the European Union.</p></bud-remarks></nmc-article></nmc-chapter></nmc-title><nmc-title alias="6" id="dd2a8986-adea-456d-b71b-b3c9bb23dabe-N478D4"><bud-heading><p lang="en">CONTRIBUTIONS AND REFUNDS IN CONNECTION WITH UNION AGREEMENTS AND PROGRAMMES</p></bud-heading><bud-data exprev="rev" tot="tot"/><nmc-chapter alias="6 6" id="dd2a8986-adea-456d-b71b-b3c9bb23dabe-N478DE"><bud-heading><p>OTHER CONTRIBUTIONS AND REFUNDS</p></bud-heading><bud-data exprev="rev" tot="tot"/><nmc-article alias="6 6 0" id="dd2a8986-adea-456d-b71b-b3c9bb23dabe-N478E7"><bud-heading><p>Other contributions and refunds</p></bud-heading><bud-data exprev="rev" tot="tot"/><nmc-item alias="6 6 0 0" id="dd2a8986-adea-456d-b71b-b3c9bb23dabe-N478F0"><bud-heading><p lang="en">Other assigned contributions and refunds — Assigned revenue</p></bud-heading><bud-data exprev="rev"><amounts><amount year="n"><figure>p.m.</figure></amount><amount year="nm1"><figure>p.m.</figure></amount><amount year="nm2"><figure>124 123,00</figure></amount></amounts></bud-data><bud-remarks><p lang="en">This item is intended to record, pursuant to Article 18 of the Financial Regulation, any revenue not provided for in other parts of Title 6 and which is used to provide additional appropriations to finance expenditure to which this revenue is assigned.</p></bud-remarks></nmc-item></nmc-article></nmc-chapter></nmc-title><nmc-title alias="9" id="dd2a8986-adea-456d-b71b-b3c9bb23dabe-N4790A"><bud-heading><p>MISCELLANEOUS REVENUE</p></bud-heading><bud-data exprev="rev" tot="tot"/><nmc-chapter alias="9 0" id="dd2a8986-adea-456d-b71b-b3c9bb23dabe-N47913"><bud-heading><p>MISCELLANEOUS REVENUE</p></bud-heading><bud-data exprev="rev" tot="tot"/><nmc-article alias="9 0 0" id="dd2a8986-adea-456d-b71b-b3c9bb23dabe-N4791C"><bud-heading><p>Miscellaneous revenue</p></bud-heading><bud-data exprev="rev"><amounts><amount year="n"><figure>p.m.</figure></amount><amount year="nm1"><figure>p.m.</figure></amount><amount year="nm2"><figure>21 573,00</figure></amount></amounts></bud-data><bud-remarks><p lang="en">This article is intended to record miscellaneous revenue.</p></bud-remarks></nmc-article></nmc-chapter></nmc-title></nmc-revenue><nmc-expenditure alias="E" id="dd2a8986-adea-456d-b71b-b3c9bb23dabe-N47935"><bud-heading><p>EXPENDITURE</p></bud-heading><bud-data exprev="exp" tot="tot"/><nmc-title alias="1" id="dd2a8986-adea-456d-b71b-b3c9bb23dabe-N4793E"><bud-heading><p>EXPENDITURE RELATING TO PERSONS WORKING WITH THE INSTITUTION</p></bud-heading><bud-data exprev="exp" tot="tot"/><nmc-chapter alias="1 0" id="dd2a8986-adea-456d-b71b-b3c9bb23dabe-N47947"><bud-heading><p>MEMBERS OF THE INSTITUTION</p></bud-heading><bud-data exprev="exp" tot="tot"/><nmc-article alias="1 0 0" id="dd2a8986-adea-456d-b71b-b3c9bb23dabe-N47950"><bud-heading><p>Salaries, allowances and payments related to salaries</p></bud-heading><bud-data exprev="exp"><amounts><amount catpol="5.18" year="n"><figure>366 734</figure></amount><amount catpol="5.18" year="nm1"><figure>360 000</figure></amount><amount catpol="5.18" year="nm2"><figure>344 146,00</figure></amount></amounts><epnote><p>1.85% salary reserve</p></epnote></bud-data><bud-remarks><p lang="en">Regulation No 422/67/EEC, No 5/67/Euratom of the Council of 25 July 1967 determining the emoluments of the President and Members of the Commission, of the President, Judges, Advocates-General and Registrar of the Court of Justice, of the President, Members and Registrar of the Court of First Instance and of the President, Members and Registrar of the European Union Civil Service Tribunal (OJ 187, 8.8.1967, p. 1), and in particular Articles 4a, 11 and 14 thereof.</p><p lang="en">Decision 94/262/ECSC, EC, Euratom of the European Parliament of 9 March 1994 on the regulations and general conditions governing the performance of the Ombudsman’s duties (OJ L 113, 4.5.1994, p. 15).</p><p lang="en">This appropriation is intended to cover salaries, allowances and other payments related to the salary of the Ombudsman, namely the institution’s contributions towards insurance against accident and occupational disease, the institution’s contributions towards sickness insurance, birth grants, allowances payable in the event of death, annual medical visits, etc.</p><p lang="en">It is also intended to cover the payment of weighting and any adjustments to salaries and pensions made by the Council during the financial year.</p></bud-remarks></nmc-article><nmc-article alias="1 0 2" id="dd2a8986-adea-456d-b71b-b3c9bb23dabe-N47978"><bud-heading><p>Temporary allowances</p></bud-heading><bud-data exprev="exp"><amounts><amount catpol="5.18" comp="true" year="n"><figure>p.m.</figure></amount><amount catpol="5.18" comp="true" year="nm1"><figure>p.m.</figure></amount><amount catpol="5.18" comp="true" year="nm2"><figure>0,—</figure></amount></amounts></bud-data><bud-remarks><p lang="en">Regulation No 422/67/EEC, No 5/67/Euratom of the Council of 25 July 1967 determining the emoluments of the President and Members of the Commission, of the President, Judges, Advocates-General and Registrar of the Court of Justice, of the President, Members and Registrar of the Court of First Instance and of the President, Members and Registrar of the European Union Civil Service Tribunal (OJ 187, 8.8.1967, p. 1), and in particular Article 7 thereof.</p><p>This appropriation is intended to cover transitional allowances, family allowances and weighting in respect of countries of residence.</p></bud-remarks></nmc-article><nmc-article alias="1 0 3" id="dd2a8986-adea-456d-b71b-b3c9bb23dabe-N47999"><bud-heading><p>Pensions</p></bud-heading><bud-data exprev="exp"><amounts><amount catpol="5.18" year="n"><figure>104 970</figure></amount><amount catpol="5.18" comp="true" year="nm1"><figure>103 000</figure></amount><amount catpol="5.18" comp="true" year="nm2"><figure>98 350,00</figure></amount></amounts><epnote><p>1.85% salary reserve</p></epnote></bud-data><bud-remarks><p lang="en">Regulation No 422/67/EEC, No 5/67/Euratom of the Council of 25 July 1967 determining the emoluments of the President and Members of the Commission, of the President, Judges, Advocates-General and Registrar of the Court of Justice, of the President, Members and Registrar of the Court of First Instance and of the President, Members and Registrar of the European Union Civil Service Tribunal (OJ 187, 8.8.1967, p. 1), and in particular Articles 8, 9, 15 and 18 thereof.</p><p lang="en">This appropriation is intended to cover the retirement pensions and the weighting in respect of the countries of residence of the Members of the institution as well as the survivors’ pensions of surviving spouses and orphans and the weightings applied in respect of their countries of residence.</p></bud-remarks></nmc-article><nmc-article alias="1 0 4" id="dd2a8986-adea-456d-b71b-b3c9bb23dabe-N479BB"><bud-heading><p lang="en">Mission expenses</p></bud-heading><bud-data exprev="exp"><amounts><amount catpol="5.18" year="n"><figure>54 000</figure></amount><amount catpol="5.18" year="nm1"><figure>50 000</figure></amount><amount catpol="5.18" year="nm2"><figure>42 583,00</figure></amount></amounts></bud-data><bud-remarks><p lang="en">Regulation No 422/67/EEC, No 5/67/Euratom of the Council of 25 July 1967 determining the emoluments of the President and Members of the Commission, of the President, Judges, Advocates-General and Registrar of the Court of Justice, of the President, Members and Registrar of the Court of First Instance and of the President, Members and Registrar of the European Union Civil Service Tribunal (OJ 187, 8.8.1967, p. 1), and in particular Article 6 thereof.</p><p>This appropriation is intended to cover travel expenses, daily subsistence allowances while on missions and additional or exceptional expenditure incurred on mission.</p><p lang="en">The amount of assigned revenue in accordance with Article 18(1)(e) to (j) of the Financial Regulation is estimated at EUR 1 000.</p></bud-remarks></nmc-article><nmc-article alias="1 0 5" id="dd2a8986-adea-456d-b71b-b3c9bb23dabe-N479DD"><bud-heading><p lang="en">Language and data-processing courses</p></bud-heading><bud-data exprev="exp"><amounts><amount catpol="5.18" year="n"><figure>4 000</figure></amount><amount catpol="5.18" year="nm1"><figure>2 000</figure></amount><amount catpol="5.18" year="nm2"><figure>0,—</figure></amount></amounts></bud-data><bud-remarks><p lang="en">This appropriation is intended to cover expenses incurred in attending language courses or other professional training seminars.</p></bud-remarks></nmc-article><nmc-article alias="1 0 8" id="dd2a8986-adea-456d-b71b-b3c9bb23dabe-N479FA"><bud-heading><p>Allowances and expenses on entering and leaving the service</p></bud-heading><bud-data exprev="exp"><amounts><amount catpol="5.18" year="n"><figure>p.m.</figure></amount><amount catpol="5.18" year="nm1"><figure>155 000</figure></amount><amount catpol="5.18" year="nm2"><figure>22 580,00</figure></amount></amounts></bud-data><bud-remarks><p lang="en">Regulation No 422/67/EEC, No 5/67/Euratom of the Council of 25 July 1967 determining the emoluments of the President and Members of the Commission, of the President, Judges, Advocates-General and Registrar of the Court of Justice, of the President, Members and Registrar of the Court of First Instance and of the President, Members and Registrar of the European Union Civil Service Tribunal (OJ 187, 8.8.1967, p. 1), and in particular Article 5 thereof.</p><p lang="en">This appropriation is intended to cover travel expenses due to Members (including their families) on taking up duty or leaving the institution, installation and resettlement allowances due to Members on taking up duty or leaving the institution and removal expenses due to Members on taking up duty or leaving the institution.</p></bud-remarks></nmc-article></nmc-chapter><nmc-chapter alias="1 2" id="dd2a8986-adea-456d-b71b-b3c9bb23dabe-N47A19"><bud-heading><p lang="en">OFFICIALS AND TEMPORARY STAFF </p></bud-heading><bud-data exprev="exp" tot="tot"/><bud-remarks/><nmc-article alias="1 2 0" id="dd2a8986-adea-456d-b71b-b3c9bb23dabe-N47A24"><bud-heading><p lang="en">Remuneration and other entitlements</p></bud-heading><bud-data exprev="exp" tot="tot"/><nmc-item alias="1 2 0 0" id="dd2a8986-adea-456d-b71b-b3c9bb23dabe-N47A2E"><bud-heading><p lang="en">Remuneration and allowances </p></bud-heading><bud-data exprev="exp"><amounts><amount catpol="5.18" year="n"><figure>6 449 905</figure></amount><amount catpol="5.18" year="nm1"><figure>6 187 275</figure></amount><amount catpol="5.18" year="nm2"><figure>5 393 377,00</figure></amount></amounts><epnote><p>1.85% salary reserve</p></epnote></bud-data><bud-remarks><p lang="en">Staff Regulations of Officials of the European Union.</p><p lang="en">Conditions of Employment of Other Servants of the European Union.</p><list type="dash"><int.li><p lang="en">This appropriation is mainly intended to cover, for officials and temporary staff holding a post provided for in the establishment plan: </p></int.li><item><p lang="en">salaries, allowances and payments related to salaries,</p></item><item><p lang="en">insurance against sickness, accidents and occupational disease and other social security charges,</p></item><item><p lang="en">flat-rate overtime allowances,</p></item><item><p lang="en">miscellaneous allowances and grants,</p></item><item><p lang="en">payment of travel expenses for officials or temporary staff, their spouses and dependants from their place of employment to their place of origin,</p></item><item><p lang="en">the impact of salary weightings applicable to remuneration and to the part of emoluments transferred to a country other than the country of employment,</p></item><item><p lang="en">unemployment insurance for temporary staff and payments by the institution to temporary staff in order to constitute or maintain their pension rights in their countries of origin.</p></item></list></bud-remarks></nmc-item><nmc-item alias="1 2 0 2" id="dd2a8986-adea-456d-b71b-b3c9bb23dabe-N47A70"><bud-heading><p lang="en">Paid overtime</p></bud-heading><bud-data exprev="exp"><amounts><amount catpol="5.18" year="n"><figure>3 000</figure></amount><amount catpol="5.18" year="nm1"><figure>1 500</figure></amount><amount catpol="5.18" year="nm2"><figure>1 505,00</figure></amount></amounts></bud-data><bud-remarks><p lang="en">Staff Regulations of Officials of the European Union, and in particular Article 56 thereof and Annex VI thereto.</p><p lang="en">Conditions of Employment of Other Servants of the European Union.</p><p lang="en">This appropriation is intended to cover the payment of overtime pursuant to the abovementioned provisions.</p></bud-remarks></nmc-item><nmc-item alias="1 2 0 4" id="dd2a8986-adea-456d-b71b-b3c9bb23dabe-N47A93"><bud-heading><p lang="en">Entitlements in connection with entering the service, transfer and leaving the service</p></bud-heading><bud-data exprev="exp"><amounts><amount catpol="5.18" year="n"><figure>25 000</figure></amount><amount catpol="5.18" year="nm1"><figure>55 000</figure></amount><amount catpol="5.18" year="nm2"><figure>53 107,00</figure></amount></amounts></bud-data><bud-remarks><p lang="en">Staff Regulations of Officials of the European Union.</p><p lang="en">Conditions of Employment of Other Servants of the European Union.</p><list type="dash"><int.li><p lang="en">This appropriation is intended to cover:</p></int.li><item><p lang="en">travel expenses due to officials and temporary staff (including their families) entering or leaving the service or being transferred to another place of employment,</p></item><item><p lang="en">installation/resettlement allowances and removal expenses due to officials and temporary staff obliged to change their place of residence on taking up duty, on transfer to a new place of employment and on finally leaving the institution and resettling elsewhere,</p></item><item><p lang="en">daily subsistence allowance for officials and temporary staff who furnish evidence that they must change their place of residence on taking up duty or transferring to a new place of employment,</p></item><item><p lang="en">the compensation for a probationary official who is dismissed because his work is obviously inadequate,</p></item><item><p lang="en">compensation for a member of the temporary staff whose contract is terminated by the institution.</p></item></list></bud-remarks></nmc-item></nmc-article><nmc-article alias="1 2 2" id="dd2a8986-adea-456d-b71b-b3c9bb23dabe-N47ACD"><bud-heading><p lang="en">Allowances upon early termination of service </p></bud-heading><bud-data exprev="exp" tot="tot"/><nmc-item alias="1 2 2 0" id="dd2a8986-adea-456d-b71b-b3c9bb23dabe-N47AD7"><bud-heading><p lang="en">Allowances for staff retired in the interests of the service</p></bud-heading><bud-data exprev="exp"><amounts><amount catpol="5.18" comp="true" year="n"><figure>p.m.</figure></amount><amount catpol="5.18" comp="true" year="nm1"><figure>p.m.</figure></amount><amount catpol="5.18" comp="true" year="nm2"><figure>p.m.</figure></amount></amounts></bud-data><bud-remarks><p lang="en">Staff Regulations of Officials of the European Union, and in particular Articles 41 and 50 thereof and Annex IV thereto.</p><list type="dash"><int.li><p lang="en">This appropriation is intended to cover the allowances payable to officials:</p></int.li><item><p lang="en">assigned non-active status in connection with action to reduce the number of posts in the institution,</p></item><item><p lang="en">holding an AD 16 or AD 15 grade post who are retired in the interests of the service.</p></item></list><p lang="en">It also covers the employer’s contribution to sickness insurance and the impact of weightings applicable to these allowances.</p></bud-remarks></nmc-item><nmc-item alias="1 2 2 2" id="dd2a8986-adea-456d-b71b-b3c9bb23dabe-N47B08"><bud-heading><p lang="en">Allowances for staff whose service is terminated and special retirement scheme for officials and temporary staff </p></bud-heading><bud-data exprev="exp"><amounts><amount catpol="5.18" comp="true" year="n"><figure>p.m.</figure></amount><amount catpol="5.18" comp="true" year="nm1"><figure>p.m.</figure></amount><amount catpol="5.18" comp="true" year="nm2"><figure>0,—</figure></amount></amounts></bud-data><bud-remarks><p lang="en">Council Regulation (ECSC, EEC, Euratom) No 3518/85 of 12 December 1985 introducing special measures to terminate the service of officials of the European Communities as a result of the accession of Spain, and Portugal (OJ L 335, 13.12.1985, p. 56) and Council Regulation (EC, Euratom, ECSC) No 2688/95 of 17 November 1995 introducing special measures to terminate the service of officials of the European Communities as a result of the accession of Austria, Finland and Sweden (OJ L 280, 23.11.1995, p. 1).</p><p lang="en">Staff Regulations of Officials of the European Union, and in particular Articles 64 and 72 thereof.</p><list type="dash"><int.li><p lang="en">This appropriation is intended to cover:</p></int.li><item><p lang="en">the allowances payable under the Staff Regulations or the other regulations referred to above,</p></item><item><p lang="en">the employer’s contributions towards sickness insurance for the recipients of the allowances,</p></item><item><p lang="en">the impact of the salary weightings applicable to the various allowances.</p></item></list></bud-remarks></nmc-item></nmc-article></nmc-chapter><nmc-chapter alias="1 4" id="dd2a8986-adea-456d-b71b-b3c9bb23dabe-N47B3D"><bud-heading><p lang="en">OTHER STAFF AND OUTSIDE SERVICES</p></bud-heading><bud-data exprev="exp" tot="tot"/><nmc-article alias="1 4 0" id="dd2a8986-adea-456d-b71b-b3c9bb23dabe-N47B47"><bud-heading><p lang="en">Other staff and externals</p></bud-heading><bud-data exprev="exp" tot="tot"/><nmc-item alias="1 4 0 0" id="dd2a8986-adea-456d-b71b-b3c9bb23dabe-N47B51"><bud-heading><p lang="en">Other staff</p></bud-heading><bud-data exprev="exp"><amounts><amount catpol="5.18" year="n"><figure>180 186</figure></amount><amount catpol="5.18" year="nm1"><figure>180 000</figure></amount><amount catpol="5.18" year="nm2"><figure>135 413,00</figure></amount></amounts><epnote><p>1.85% salary reserve</p></epnote></bud-data><bud-remarks><p lang="en">Conditions of Employment of Other Servants of the European Union.</p><list type="dash"><int.li><p lang="en">This appropriation is mainly intended to cover:</p></int.li><item><p lang="en">the remuneration of other staff including contract and local staff and special advisers (within the meaning of the Conditions of Employment of Other Servants of the European Union), employer’s contributions to the various social security schemes and the impact of salary weightings applicable to the remuneration of these staff,</p></item><item><p lang="en">fees of staff paid under the arrangements for the provision of services and, in special cases, the employment of temporary agency staff.</p></item></list></bud-remarks></nmc-item><nmc-item alias="1 4 0 4" id="dd2a8986-adea-456d-b71b-b3c9bb23dabe-N47B7C"><bud-heading><p lang="en">Graduate traineeships, grants and exchanges of officials</p></bud-heading><bud-data exprev="exp"><amounts><amount catpol="5.18" year="n"><figure>183 000</figure></amount><amount catpol="5.18" year="nm1"><figure>180 000</figure></amount><amount catpol="5.18" year="nm2"><figure>169 403,00</figure></amount></amounts></bud-data><bud-remarks><p lang="en">European Ombudsman’s decision concerning traineeships and European Ombudsman’s decision concerning seconded international, national and regional or local officials to the European Ombudsman’s office.</p><list type="dash"><int.li><p lang="en">This appropriation is intended to cover:</p></int.li><item><p lang="en">an allowance, travel and mission expenses for trainees, and accident and sickness insurance during courses,</p></item><item><p lang="en">expenditure arising from movements of staff between the Ombudsman and the public sector in the Member States or other countries specified in the rules.</p></item></list></bud-remarks></nmc-item></nmc-article></nmc-chapter><nmc-chapter alias="1 6" id="dd2a8986-adea-456d-b71b-b3c9bb23dabe-N47BA7"><bud-heading><p lang="en">OTHER EXPENDITURE RELATING TO PERSONS WORKING WITH THE INSTITUTION </p></bud-heading><bud-data exprev="exp" tot="tot"/><nmc-article alias="1 6 1" id="dd2a8986-adea-456d-b71b-b3c9bb23dabe-N47BB1"><bud-heading><p lang="en">Expenditure relating to staff management</p></bud-heading><bud-data exprev="exp" tot="tot"/><nmc-item alias="1 6 1 0" id="dd2a8986-adea-456d-b71b-b3c9bb23dabe-N47BBB"><bud-heading><p lang="en">Expenditure on recruitment</p></bud-heading><bud-data exprev="exp"><amounts><amount catpol="5.18" year="n"><figure>8 000</figure></amount><amount catpol="5.18" year="nm1"><figure>8 000</figure></amount><amount catpol="5.18" year="nm2"><figure>4 596,00</figure></amount></amounts></bud-data><bud-remarks><p lang="en">Staff Regulations of Officials of the European Union, and in particular Articles 27 to 31 and 33 thereof and Annex III thereto. </p><p lang="en">Decision 2002/620/EC of the European Parliament, the Council, the Commission, the Court of Justice, the Court of Auditors, the Economic and Social Committee, the Committee of the Regions and the European Ombudsman of 25 July 2002 establishing a European Communities Personnel Selection Office (OJ L 197, 26.7.2002, p. 53) and Decision 2002/621/EC of the Secretaries-General of the European Parliament, the Council and the Commission, the Registrar of the Court of Justice, the Secretaries-General of the Court of Auditors, the Economic and Social Committee and the Committee of the Regions, and the representative of the European Ombudsman of 25 July 2002 on the organisation and operation of the European Communities Personnel Selection Office (OJ L 197, 26.7.2002, p. 56).</p><list type="dash"><int.li><p lang="en">This appropriation is intended to cover:</p></int.li><item><p lang="en">expenditure on organising the competitions provided for in Article 3 of Decision 2002/621/EC and travel and subsistence expenses for applicants called for interviews and medical examinations,</p></item><item><p lang="en">the costs of organising procedures for selecting officials and other staff.</p></item></list><p lang="en">In cases duly justified by operating requirements and after consulting the European Personnel Selection Office, this appropriation may be used for competitions organised by the institution on its own.</p></bud-remarks></nmc-item><nmc-item alias="1 6 1 2" id="dd2a8986-adea-456d-b71b-b3c9bb23dabe-N47BEC"><bud-heading><p lang="en">Further training</p></bud-heading><bud-data exprev="exp"><amounts><amount catpol="5.18" year="n"><figure>45 000</figure></amount><amount catpol="5.18" year="nm1"><figure>37 000</figure></amount><amount catpol="5.18" year="nm2"><figure>17 000,00</figure></amount></amounts></bud-data><bud-remarks><p lang="en">Staff Regulations of Officials of the European Union, and in particular Article 24a thereof.</p><p lang="en">Conditions of Employment of Other Servants of the European Union.</p><list type="dash"><int.li><p lang="en">This appropriation is intended to cover:</p></int.li><item><p lang="en">expenditure on training for improving staff skills and the performance and efficiency of the institution,</p></item><item><p lang="en">expenditure on transport costs, the payment of daily mission allowances and the ancillary or exceptional expenses incurred in the performance of a mission, including ancillary costs relating to tickets and reservations (other than that in Article 3 0 0).</p></item></list></bud-remarks></nmc-item></nmc-article><nmc-article alias="1 6 3" id="dd2a8986-adea-456d-b71b-b3c9bb23dabe-N47C1A"><bud-heading><p lang="en">Measures to assist the institution’s staff</p></bud-heading><bud-data exprev="exp" tot="tot"/><nmc-item alias="1 6 3 0" id="dd2a8986-adea-456d-b71b-b3c9bb23dabe-N47C24"><bud-heading><p lang="en">Social welfare</p></bud-heading><bud-data exprev="exp"><amounts><amount catpol="5.18" year="n"><figure>p.m.</figure></amount><amount catpol="5.18" year="nm1"><figure>p.m.</figure></amount><amount catpol="5.18" year="nm2"><figure>0,—</figure></amount></amounts></bud-data><bud-remarks><p lang="en">Staff Regulations of Officials of the European Union, and in particular Article 9(3), third subparagraph, and Article 76 thereof. European Ombudsman’s decision of 15 January 2004 adopting the rules on social assistance to officials and other staff of the European Ombudsman’s office.</p><list type="dash"><int.li><p lang="en">This appropriation is intended to cover: </p></int.li><item><list type="dash"><int.li><p lang="en">as part of an interinstitutional policy to assist people with disabilities in the following categories:</p></int.li><item><p lang="en">officials and temporary staff in active employment,</p></item><item><p lang="en">spouses of officials and temporary staff in active employment,</p></item><item><p lang="en">all dependent children within the meaning of the Staff Regulations of Officials of the European Union,</p></item></list><p lang="en">the reimbursement, subject to budgetary ceilings and once any national entitlements granted in the country of residence or of origin have been exhausted, of non-medical expenditure that is recognised as necessary, results from disability, is duly substantiated and is not covered by the Joint Sickness Insurance Scheme,</p></item><item><p lang="en">action taken in respect of officials and other servants in particularly difficult situations.</p></item></list></bud-remarks></nmc-item><nmc-item alias="1 6 3 2" id="dd2a8986-adea-456d-b71b-b3c9bb23dabe-N47C61"><bud-heading><p lang="en">Social contacts between members of staff and other social measures</p></bud-heading><bud-data exprev="exp"><amounts><amount catpol="5.18" year="n"><figure>8 000</figure></amount><amount catpol="5.18" year="nm1"><figure>8 000</figure></amount><amount catpol="5.18" year="nm2"><figure>4 378,00</figure></amount></amounts></bud-data><bud-remarks><p lang="en">This appropriation is intended to encourage and provide financial backing for schemes to promote social contacts between staff of different nationalities, for example subsidies to staff clubs, associations, cultural activities, etc. and to make a contribution to the cost of activities organised by the staff committee (cultural, leisure activities, meals etc.).</p><p lang="en">It also covers financial participation in interinstitutional social activities.</p></bud-remarks></nmc-item></nmc-article></nmc-chapter></nmc-title><nmc-title alias="2" id="dd2a8986-adea-456d-b71b-b3c9bb23dabe-N47C81"><bud-heading><p lang="en">BUILDINGS, FURNITURE, EQUIPMENT AND MISCELLANEOUS OPERATING EXPENDITURE</p></bud-heading><bud-data exprev="exp" tot="tot"/><nmc-chapter alias="2 0" id="dd2a8986-adea-456d-b71b-b3c9bb23dabe-N47C8B"><bud-heading><p lang="en">BUILDINGS AND ASSOCIATED COSTS</p></bud-heading><bud-data exprev="exp" tot="tot"/><nmc-article alias="2 0 0" id="dd2a8986-adea-456d-b71b-b3c9bb23dabe-N47C95"><bud-heading><p lang="en">Buildings</p></bud-heading><bud-data exprev="exp" tot="tot"/><nmc-item alias="2 0 0 0" id="dd2a8986-adea-456d-b71b-b3c9bb23dabe-N47C9F"><bud-heading><p lang="en">Rent</p></bud-heading><bud-data exprev="exp"><amounts><amount catpol="5.18" year="n"><figure>479 200</figure></amount><amount catpol="5.18" year="nm1"><figure>472 000</figure></amount><amount catpol="5.18" year="nm2"><figure>453 504,00</figure></amount></amounts></bud-data><bud-remarks><p lang="en">Administrative arrangement between the Ombudsman and the European Parliament.</p><p>This appropriation is intended as a lump-sum payment to the European Parliament in respect of the offices which the European Parliament provides to the Ombudsman within its premises in Strasbourg and Brussels.  It covers rent and charges in respect of insurance, water, electricity, heating, cleaning and maintenance, security and surveillance as well as other miscellaneous buildings expenditure, including alteration, repair or refurbishment of the offices concerned.</p></bud-remarks></nmc-item></nmc-article></nmc-chapter><nmc-chapter alias="2 1" id="dd2a8986-adea-456d-b71b-b3c9bb23dabe-N47CBD"><bud-heading><p lang="en">DATA PROCESSING, EQUIPMENT AND FURNITURE: PURCHASE, HIRE AND MAINTENANCE</p></bud-heading><bud-data exprev="exp" tot="tot"/><bud-remarks><p lang="en">In connection with public procurement, the institution will consult the other institutions on the contractual terms each of them has obtained.</p></bud-remarks><nmc-article alias="2 1 0" id="dd2a8986-adea-456d-b71b-b3c9bb23dabe-N47CCB"><bud-heading><p lang="en">Equipment, operating costs and services relating to data processing and telecommunications</p></bud-heading><bud-data exprev="exp" tot="tot"/><nmc-item alias="2 1 0 0" id="dd2a8986-adea-456d-b71b-b3c9bb23dabe-N47CD5"><bud-heading><p lang="en">Purchase, servicing and maintenance of equipment and software, and related work</p></bud-heading><bud-data exprev="exp"><amounts><amount catpol="5.18" year="n"><figure>69 000</figure></amount><amount catpol="5.18" year="nm1"><figure>49 000</figure></amount><amount catpol="5.18" year="nm2"><figure>73 064,00</figure></amount></amounts></bud-data><bud-remarks><list type="dash"><int.li><p>This appropriation is intended to cover expenditure on:</p></int.li><item><p>the purchase, hire, servicing and maintenance of equipment and development of software,</p></item><item><p>assistance in connection with the operation and maintenance of data-processing systems,</p></item><item><p>data-processing operations entrusted to third parties and other data-processing service expenditure.</p></item></list><p lang="en">The amount of assigned revenue in accordance with Article 18(1)(e) to (j) of the Financial Regulation is estimated at EUR 1 000.</p></bud-remarks></nmc-item><nmc-item alias="2 1 0 1" id="dd2a8986-adea-456d-b71b-b3c9bb23dabe-N47D00"><bud-heading><p lang="en">Purchase, servicing and maintenance of equipment relating to telecommunications</p></bud-heading><bud-data exprev="exp"><amounts><amount catpol="5.18" year="n"><figure>1 000</figure></amount><amount catpol="5.18" year="nm1"><figure>1 000</figure></amount><amount catpol="5.18" year="nm2"><figure>510,00</figure></amount></amounts></bud-data><bud-remarks><p>This appropriation is intended to cover expenditure on the hiring, servicing and maintenance of telecommunications equipment and other telecommunications-related expenses (transmission networks, telephone switchboards, telephones and similar equipment, fax machines, telex systems, installation costs, etc.).</p></bud-remarks></nmc-item></nmc-article><nmc-article alias="2 1 2" id="dd2a8986-adea-456d-b71b-b3c9bb23dabe-N47D1C"><bud-heading><p lang="en">Furniture </p></bud-heading><bud-data exprev="exp"><amounts><amount catpol="5.18" year="n"><figure>20 000</figure></amount><amount catpol="5.18" year="nm1"><figure>20 000</figure></amount><amount catpol="5.18" year="nm2"><figure>20 000,00</figure></amount></amounts></bud-data><bud-remarks><p lang="en">This appropriation is intended to cover the purchase, hire, maintenance and repair of furniture, including the purchase of ergonomic furniture, the replacement of worn-out and broken furniture and office machines.</p></bud-remarks></nmc-article><nmc-article alias="2 1 6" id="dd2a8986-adea-456d-b71b-b3c9bb23dabe-N47D39"><bud-heading><p>Vehicles</p></bud-heading><bud-data exprev="exp"><amounts><amount catpol="5.18" year="n"><figure>17 000</figure></amount><amount catpol="5.18" year="nm1"><figure>17 000</figure></amount><amount catpol="5.18" year="nm2"><figure>17 000,00</figure></amount></amounts></bud-data><bud-remarks><p lang="en">This appropriation is intended to cover the acquisition, maintenance, use and repair of vehicles (service cars) and the hire of cars, taxis, coaches and lorries, with or without drivers, including the necessary insurance cover and the payment of eventual fines.</p></bud-remarks></nmc-article></nmc-chapter><nmc-chapter alias="2 3" id="dd2a8986-adea-456d-b71b-b3c9bb23dabe-N47D55"><bud-heading><p>CURRENT ADMINISTRATIVE EXPENDITURE</p></bud-heading><bud-data exprev="exp" tot="tot"/><nmc-article alias="2 3 0" id="dd2a8986-adea-456d-b71b-b3c9bb23dabe-N47D5E"><bud-heading><p lang="en">Administrative expenditure </p></bud-heading><bud-data exprev="exp" tot="tot"/><bud-remarks><p lang="en">In connection with public procurement, the institution will consult the other institutions on the contractual terms each of them has obtained.</p></bud-remarks><nmc-item alias="2 3 0 0" id="dd2a8986-adea-456d-b71b-b3c9bb23dabe-N47D6C"><bud-heading><p lang="en">Stationery, office supplies and miscellaneous consumables</p></bud-heading><bud-data exprev="exp"><amounts><amount catpol="5.18" year="n"><figure>30 000</figure></amount><amount catpol="5.18" year="nm1"><figure>30 000</figure></amount><amount catpol="5.18" year="nm2"><figure>25 750,00</figure></amount></amounts></bud-data><bud-remarks><p lang="en">This appropriation is intended to cover the purchase of paper, envelopes, office supplies, supplies for the print shop and reproduction workshops, etc.</p><p lang="en">The amount of assigned revenue in accordance with Article 18(1)(e) to (j) of the Financial Regulation is estimated at EUR 1 000.</p></bud-remarks></nmc-item><nmc-item alias="2 3 0 1" id="dd2a8986-adea-456d-b71b-b3c9bb23dabe-N47D8C"><bud-heading><p lang="en">Postage on correspondence and delivery charges</p></bud-heading><bud-data exprev="exp"><amounts><amount catpol="5.18" year="n"><figure>19 000</figure></amount><amount catpol="5.18" year="nm1"><figure>19 000</figure></amount><amount catpol="5.18" year="nm2"><figure>16 001,00</figure></amount></amounts></bud-data><bud-remarks><p lang="en">This appropriation is intended to cover charges for postage, processing and delivery by the postal services or private delivery firms.</p></bud-remarks></nmc-item><nmc-item alias="2 3 0 2" id="dd2a8986-adea-456d-b71b-b3c9bb23dabe-N47DA9"><bud-heading><p lang="en">Telecommunications</p></bud-heading><bud-data exprev="exp"><amounts><amount catpol="5.18" year="n"><figure>16 000</figure></amount><amount catpol="5.18" year="nm1"><figure>16 000</figure></amount><amount catpol="5.18" year="nm2"><figure>10 419,00</figure></amount></amounts></bud-data><bud-remarks><p lang="en">This appropriation is intended to cover subscriptions and charges for cable and radio communications (fixed and mobile telephony, and television) as well as expenditure on data transmission networks and telematic services.</p></bud-remarks></nmc-item><nmc-item alias="2 3 0 3" id="dd2a8986-adea-456d-b71b-b3c9bb23dabe-N47DC6"><bud-heading><p lang="en">Financial charges</p></bud-heading><bud-data exprev="exp"><amounts><amount catpol="5.18" year="n"><figure>1 500</figure></amount><amount catpol="5.18" year="nm1"><figure>3 000</figure></amount><amount catpol="5.18" year="nm2"><figure>842,00</figure></amount></amounts></bud-data><bud-remarks><p lang="en">This appropriation is intended to cover bank charges (commission, agios and miscellaneous charges) and other financial charges, including ancillary costs for the financing of buildings. </p><p lang="en">The amount of assigned revenue in accordance with Article 18(1)(e) to (j) of the Financial Regulation is estimated at EUR 10 000.</p></bud-remarks></nmc-item><nmc-item alias="2 3 0 4" id="dd2a8986-adea-456d-b71b-b3c9bb23dabe-N47DE6"><bud-heading><p lang="en">Other expenditures</p></bud-heading><bud-data exprev="exp"><amounts><amount catpol="5.18" year="n"><figure>4 000</figure></amount><amount catpol="5.18" year="nm1"><figure>4 000</figure></amount><amount catpol="5.18" year="nm2"><figure>2 399,00</figure></amount></amounts></bud-data><bud-remarks><list type="dash"><int.li><p>This appropriation is intended to cover:</p></int.li><item><p lang="en">insurance not specifically provided for in another item,</p></item><item><p lang="en">miscellaneous operating expenses, such as for the purchase of railway and flight timetables, the publication of notices of sales of second-hand equipment in newspapers, etc.,</p></item><item><p lang="en">imprest accounts in Brussels and Strasbourg. </p></item></list></bud-remarks></nmc-item><nmc-item alias="2 3 0 5" id="dd2a8986-adea-456d-b71b-b3c9bb23dabe-N47E11"><bud-heading><p lang="en">Legal costs and damages</p></bud-heading><bud-data exprev="exp"><amounts><amount catpol="5.18" year="n"><figure>p.m.</figure></amount><amount year="nm1"><figure>p.m.</figure></amount></amounts></bud-data><bud-remarks><list type="dash"><int.li><p lang="en">This appropriation is intended to cover:</p></int.li><item><p lang="en">all costs deriving from the Ombudsman's involvement in cases before the Union and national courts, the cost of legal services, and any other legal, court or out-of-court expenses,</p></item><item><p lang="en">damages, interest and any debts within the meaning of Article 8(3) of the Financial Regulation.</p></item></list><p lang="en">The amount of assigned revenue in accordance with Article 18(1)(e) to (j) of the Financial Regulation is estimated at EUR 1 000.</p></bud-remarks></nmc-item></nmc-article><nmc-article alias="2 3 1" id="dd2a8986-adea-456d-b71b-b3c9bb23dabe-N47E35"><bud-heading><p lang="en">Translation and interpretation</p></bud-heading><bud-data exprev="exp"><amounts><amount catpol="5.18" year="n"><figure>640 000</figure></amount><amount catpol="5.18" year="nm1"><figure>608 000</figure></amount><amount catpol="5.18" year="nm2"><figure>785 000,00</figure></amount></amounts></bud-data><bud-remarks><p lang="en">This appropriation is intended to cover the cost of all supplementary services, in particular the translation and typing of the annual report and other documents, contracted and occasional interpreters and other associated costs.</p><p lang="en">The amount of assigned revenue in accordance with Article 18(1)(e) to (j) of the Financial Regulation is estimated at EUR 5 000.</p></bud-remarks></nmc-article><nmc-article alias="2 3 2" id="dd2a8986-adea-456d-b71b-b3c9bb23dabe-N47E55"><bud-heading><p lang="en">Support for activities</p></bud-heading><bud-data exprev="exp"><amounts><amount catpol="5.18" year="n"><figure>73 500</figure></amount><amount catpol="5.18" year="nm1"><figure>70 000</figure></amount><amount catpol="5.18" year="nm2"><figure>62 555,00</figure></amount></amounts></bud-data><bud-remarks><p lang="en">This appropriation is intended to cover the global management costs payable to the European Parliament to cover the costs in staff time to the European Parliament of providing general services such as accounting, internal audit and a medical service, etc.</p></bud-remarks></nmc-article></nmc-chapter></nmc-title><nmc-title alias="3" id="dd2a8986-adea-456d-b71b-b3c9bb23dabe-N47E72"><bud-heading><p lang="en">EXPENDITURE RESULTING FROM GENERAL FUNCTIONS CARRIED OUT BY THE INSTITUTION</p></bud-heading><bud-data exprev="exp" tot="tot"/><nmc-chapter alias="3 0" id="dd2a8986-adea-456d-b71b-b3c9bb23dabe-N47E7C"><bud-heading><p lang="en">MEETINGS AND CONFERENCES </p></bud-heading><bud-data exprev="exp" tot="tot"/><nmc-article alias="3 0 0" id="dd2a8986-adea-456d-b71b-b3c9bb23dabe-N47E86"><bud-heading><p lang="en">Staff mission expenses </p></bud-heading><bud-data exprev="exp"><amounts><amount catpol="5.18" year="n"><figure>143 000</figure></amount><amount catpol="5.18" year="nm1"><figure>141 000</figure></amount><amount catpol="5.18" year="nm2"><figure>117 436,00</figure></amount></amounts></bud-data><bud-remarks><p lang="en">Staff Regulations of Officials of the European Union, and in particular Article 71 thereof and Articles 11, 12 and 13 of Annex VII thereto.</p><p lang="en">This appropriation is intended to cover expenditure on transport costs, the payment of daily mission allowances and the ancillary or exceptional expenses incurred in the performance of a mission, including ancillary costs relating to tickets and reservations.</p><p lang="en">The amount of assigned revenue in accordance with Article 18(1)(e) to (j) of the Financial Regulation is estimated at EUR 5 000.</p></bud-remarks></nmc-article><nmc-article alias="3 0 2" id="dd2a8986-adea-456d-b71b-b3c9bb23dabe-N47EA9"><bud-heading><p lang="en">Entertainment and representation expenses</p></bud-heading><bud-data exprev="exp"><amounts><amount catpol="5.18" year="n"><figure>17 000</figure></amount><amount catpol="5.18" year="nm1"><figure>17 000</figure></amount><amount catpol="5.18" year="nm2"><figure>11 730,00</figure></amount></amounts></bud-data><bud-remarks><p lang="en">This appropriation is intended to cover the costs related to the institution’s obligations concerning receptions, representation costs and the purchase of representational items offered by the Ombudsman.</p></bud-remarks></nmc-article><nmc-article alias="3 0 3" id="dd2a8986-adea-456d-b71b-b3c9bb23dabe-N47EC6"><bud-heading><p lang="en">Meetings in general</p></bud-heading><bud-data exprev="exp"><amounts><amount catpol="5.18" year="n"><figure>40 000</figure></amount><amount catpol="5.18" year="nm1"><figure>40 000</figure></amount><amount catpol="5.18" year="nm2"><figure>6 654,00</figure></amount></amounts></bud-data><bud-remarks><p lang="en">This appropriation is intended to cover the travel, subsistence and incidental expenses of experts and other persons invited to take part in committees, study groups or working meetings, as well as other connected expenditure (rental of rooms, interpretation needs, etc.).</p></bud-remarks></nmc-article><nmc-article alias="3 0 4" id="dd2a8986-adea-456d-b71b-b3c9bb23dabe-N47EE3"><bud-heading><p lang="en">Internal meetings</p></bud-heading><bud-data exprev="exp"><amounts><amount catpol="5.18" year="n"><figure>35 000</figure></amount><amount catpol="5.18" year="nm1"><figure>28 000</figure></amount><amount catpol="5.18" year="nm2"><figure>26 365,00</figure></amount></amounts></bud-data><bud-remarks><p lang="en">This appropriation is intended to cover the costs related to the organisation of the internal meetings of the institution.</p></bud-remarks></nmc-article></nmc-chapter><nmc-chapter alias="3 2" id="dd2a8986-adea-456d-b71b-b3c9bb23dabe-N47F00"><bud-heading><p lang="en">EXPERTISE AND INFORMATION: ACQUISITION, ARCHIVING, PRODUCTION AND DISSEMINATION</p></bud-heading><bud-data exprev="exp" tot="tot"/><nmc-article alias="3 2 0" id="dd2a8986-adea-456d-b71b-b3c9bb23dabe-N47F0A"><bud-heading><p lang="en">Acquisition of information and expertise</p></bud-heading><bud-data exprev="exp" tot="tot"/><nmc-item alias="3 2 0 0" id="dd2a8986-adea-456d-b71b-b3c9bb23dabe-N47F14"><bud-heading><p lang="en">Documentation and library expenditure</p></bud-heading><bud-data exprev="exp"><amounts><amount catpol="5.18" year="n"><figure>13 000</figure></amount><amount catpol="5.18" year="nm1"><figure>12 000</figure></amount><amount catpol="5.18" year="nm2"><figure>11 722,00</figure></amount></amounts></bud-data><bud-remarks><list type="dash"><int.li><p lang="en">This appropriation is intended to cover:</p></int.li><item><p lang="en">the extension and renewal of the general reference works section and keeping the library stock up to date,</p></item><item><p lang="en">subscriptions to newspapers and periodicals and news agencies and to the publications thereof and online services, including copyright fees for the reproduction and dissemination of the above in written and/or electronic form and service contracts for press reviews and cuttings,</p></item><item><p lang="en">subscriptions or service contracts for the supply of summaries and analyses of the content of periodicals or the storage on optical media of articles taken from such periodicals,</p></item><item><p lang="en">utilising external documentary and statistical databases (computer hardware and telecommunications charges excepted),</p></item><item><p lang="en">the purchase or rental of special library, documentation and media library materials, including electric, electronic and computer facilities and/or systems, as well as outside services for the acquisition, development, installation, use and maintenance of these facilities and systems,</p></item><item><p lang="en">the cost of services relating to library activities, in particular in dealings with library customers (enquiries, analyses), and quality management systems, etc.,</p></item><item><p lang="en">binding and preservation equipment and work for the library, documentation and media library,</p></item><item><p lang="en">the purchase of dictionaries, glossaries and other works for the Ombudsman’s services.</p></item></list></bud-remarks></nmc-item><nmc-item alias="3 2 0 1" id="dd2a8986-adea-456d-b71b-b3c9bb23dabe-N47F54"><bud-heading><p lang="en">Expenditure on archive resources</p></bud-heading><bud-data exprev="exp"><amounts><amount catpol="5.18" year="n"><figure>10 000</figure></amount><amount catpol="5.18" year="nm1"><figure>10 000</figure></amount><amount catpol="5.18" year="nm2"><figure>13 986,00</figure></amount></amounts></bud-data><bud-remarks><p lang="en">Regulation (EC) No 1049/2001 of the European Parliament and of the Council of 30 May 2001 regarding public access to European Parliament, Council and Commission documents (OJ L 145, 31.5.2001, p. 43), and the implementing measures adopted within the Ombudsman’s office.</p><list type="dash"><int.li><p lang="en">This appropriation is intended to cover:</p></int.li><item><p lang="en">the cost of outside services for archiving operations, including sorting, filing and refiling in the depositories, the cost of archive services, the acquisition and use of archive resources on substitute media (microfilms, discs, cassettes, etc.), the purchase, hire and maintenance of special facilities (electronic, computerised and electrical) and expenditure on publications on all media (brochures, CD-ROM, etc.),</p></item><item><p lang="en">the cost of processing papers of the Ombudsman accumulated in the exercise of his office and handed over, in the form of legal donations or legacies, to the European Parliament, to the Historical Archives of the European Union (HAEU) or to an association or foundation according to established rules.</p></item></list></bud-remarks></nmc-item></nmc-article><nmc-article alias="3 2 1" id="dd2a8986-adea-456d-b71b-b3c9bb23dabe-N47F7F"><bud-heading><p lang="en">Production and dissemination </p></bud-heading><bud-data exprev="exp" tot="tot"/><nmc-item alias="3 2 1 0" id="dd2a8986-adea-456d-b71b-b3c9bb23dabe-N47F89"><bud-heading><p lang="en">Communication and publications</p></bud-heading><bud-data exprev="exp"><amounts><amount catpol="5.18" year="n"><figure>360 000</figure></amount><amount catpol="5.18" year="nm1"><figure>422 000</figure></amount><amount catpol="5.18" year="nm2"><figure>362 512,00</figure></amount></amounts></bud-data><bud-remarks><list type="dash"><int.li><p lang="en">This appropriation is intended to cover expenditure on publishing and information, and in particular:</p></int.li><item><p lang="en">printing expenses for publications in the <ft type="ht">Official Journal of the European Union</ft>,</p></item><item><p lang="en">the cost of printing and reproducing, in the official languages, various publications (annual report, etc.),</p></item><item><p lang="en">printed material (by traditional or electronic means) promoting information with regard to the Ombudsman (publicity and measures to promote the principle of the European Ombudsman to the public at large),</p></item><item><p lang="en">any other expenses in connection with the institution’s information policy (symposia, seminars, participation in public events, etc.).</p></item></list><p lang="en">The amount of assigned revenue in accordance with Article 18(1)(e) to (j) of the Financial Regulation is estimated at EUR 1 000.</p></bud-remarks></nmc-item></nmc-article></nmc-chapter><nmc-chapter alias="3 3" id="dd2a8986-adea-456d-b71b-b3c9bb23dabe-N47FC0"><bud-heading><p lang="en">STUDIES AND OTHER SUBSIDIES</p></bud-heading><bud-data exprev="exp" tot="tot"/><nmc-article alias="3 3 0" id="dd2a8986-adea-456d-b71b-b3c9bb23dabe-N47FCA"><bud-heading><p lang="en">Studies and subsidies</p></bud-heading><bud-data exprev="exp" tot="tot"/><nmc-item alias="3 3 0 0" id="dd2a8986-adea-456d-b71b-b3c9bb23dabe-N47FD4"><bud-heading><p lang="en">Studies</p></bud-heading><bud-data exprev="exp"><amounts><amount catpol="5.18" year="n"><figure>5 400</figure></amount><amount catpol="5.18" year="nm1"><figure>p.m.</figure></amount><amount catpol="5.18" year="nm2"><figure>0,—</figure></amount></amounts></bud-data><bud-remarks><p lang="en">This appropriation is intended to cover the financing of studies and/or surveys contracted out to qualified experts and research institutes, as well as the publication costs of such studies and associated costs.</p></bud-remarks></nmc-item><nmc-item alias="3 3 0 1" id="dd2a8986-adea-456d-b71b-b3c9bb23dabe-N47FF1"><bud-heading><p lang="en">Other subsidies</p></bud-heading><bud-data exprev="exp"><amounts><amount catpol="5.18" year="n"><figure>p.m.</figure></amount><amount catpol="5.18" year="nm1"><figure>25 000</figure></amount><amount catpol="5.18" year="nm2"><figure>1 648,00</figure></amount></amounts></bud-data><bud-remarks><p lang="en">This appropriation is intended to cover expenditure committed to promoting relations and strengthening cooperation between the European Ombudsman and the national/regional ombudsmen and other similar bodies.</p><p lang="en">It can cover, in particular, financial contributions to projects in the fields of activity of the European Network of Ombudsmen (other than that in Item 3 2 1 0).</p><p lang="en">It is also intended to cover any contribution in relation to the Ombudsman’s visitors groups.</p></bud-remarks></nmc-item></nmc-article></nmc-chapter><nmc-chapter alias="3 4" id="dd2a8986-adea-456d-b71b-b3c9bb23dabe-N48014"><bud-heading><p lang="en">EXPENSES RELATING TO THE OMBUDSMAN’S DUTIES</p></bud-heading><bud-data exprev="exp" tot="tot"/><nmc-article alias="3 4 0" id="dd2a8986-adea-456d-b71b-b3c9bb23dabe-N4801E"><bud-heading><p lang="en">Expenses relating to the Ombudsman’s duties</p></bud-heading><bud-data exprev="exp" tot="tot"/><bud-remarks/><nmc-item alias="3 4 0 0" id="dd2a8986-adea-456d-b71b-b3c9bb23dabe-N48029"><bud-heading><p lang="en">Miscellaneous expenses</p></bud-heading><bud-data exprev="exp"><amounts><amount catpol="5.18" year="n"><figure>2 000</figure></amount><amount catpol="5.18" year="nm1"><figure>1 500</figure></amount><amount catpol="5.18" year="nm2"><figure>1 470,00</figure></amount></amounts></bud-data><bud-remarks><p lang="en">This appropriation is intended to cover expenditure incurred owing to the special nature of the Ombudsman’s duties such as relations with the national ombudsmen and international organisations of ombudsmen and subscriptions to international organisations.</p></bud-remarks></nmc-item></nmc-article></nmc-chapter></nmc-title><nmc-title alias="10" id="dd2a8986-adea-456d-b71b-b3c9bb23dabe-N48046"><bud-heading><p>OTHER EXPENDITURE</p></bud-heading><bud-data exprev="exp" tot="tot"/><nmc-chapter alias="10 0" id="dd2a8986-adea-456d-b71b-b3c9bb23dabe-N4804F"><bud-heading><p>PROVISIONAL APPROPRIATIONS</p></bud-heading><bud-data exprev="exp" type="reserve"><amounts><amount catpol="5.18" year="n"><figure>p.m.</figure></amount><amount catpol="5.18" year="nm1"><figure>p.m.</figure></amount><amount catpol="5.18" year="nm2"><figure>0,—</figure></amount></amounts></bud-data><bud-remarks><p lang="en">Council Regulation (EC, Euratom) No 1605/2002 of 25 June 2002 on the Financial Regulation applicable to the general budget of the European Communities (OJ L 248, 16.9.2002, p. 1).</p></bud-remarks></nmc-chapter><nmc-chapter alias="10 1" id="dd2a8986-adea-456d-b71b-b3c9bb23dabe-N4806C"><bud-heading><p>CONTINGENCY RESERVE</p></bud-heading><bud-data exprev="exp"><amounts><amount catpol="5.18" year="n"><figure>p.m.</figure></amount><amount catpol="5.18" year="nm1"><figure>p.m.</figure></amount><amount catpol="5.18" year="nm2"><figure>0,—</figure></amount></amounts></bud-data><bud-remarks><p lang="en">This appropriation is intended to cover expenditure resulting from budgetary decisions taken in the course of the financial year (expenditure that cannot be estimated).</p></bud-remarks></nmc-chapter></nmc-title></nmc-expenditure><nmc-grseq alias="S" id="dd2a8986-adea-456d-b71b-b3c9bb23dabe-N48088"><bud-heading><p lang="en">STAFF</p></bud-heading><nmc-grseq alias="S 1" id="dd2a8986-adea-456d-b71b-b3c9bb23dabe-N4808F"><bud-heading><p lang="en">Section VIII — European Ombudsman</p></bud-heading><bud-text><table frame="all"><tgroup cols="5"><colspec colname="C1" colnum="1" colwidth="97.55pt"/><colspec colname="C2" colnum="2" colwidth="115.6pt"/><colspec colname="C3" colnum="3" colwidth="113.4pt"/><colspec colname="C4" colnum="4" colwidth="106.3pt"/><colspec colname="C5" colnum="5" colwidth="99.25pt"/><tbody><row><entry align="center" colname="C1" colsep="1" morerows="1" rowsep="1" valign="middle"><p lang="en">Function group and grade</p></entry><entry align="center" colsep="1" nameend="C3" namest="C2" rowsep="1" valign="middle"><p lang="fr">2011</p></entry><entry align="center" colsep="1" nameend="C5" namest="C4" rowsep="1" valign="middle"><p lang="en">2010</p></entry></row><row><entry align="center" colname="C2" colsep="1" rowsep="1" valign="middle"><p lang="en">Permanent posts</p></entry><entry align="center" colname="C3" colsep="1" rowsep="1" valign="middle"><p lang="en">Temporary posts</p></entry><entry align="center" colname="C4" colsep="1" rowsep="1" valign="middle"><p lang="en">Permanent posts</p></entry><entry align="center" colname="C5" colsep="1" rowsep="1" valign="middle"><p lang="en">Temporary posts</p></entry></row><row><entry align="center" colname="C1" colsep="1" rowsep="0" valign="middle"><p lang="en">AD 16</p></entry><entry colname="C2" colsep="1" rowsep="0" valign="middle"/><entry align="center" colname="C3" colsep="1" rowsep="0" valign="middle"><p lang="en">1</p></entry><entry colname="C4" colsep="1" rowsep="0" valign="middle"/><entry align="center" colname="C5" colsep="1" rowsep="0" valign="middle"><p lang="en">1</p></entry></row><row><entry align="center" colname="C1" colsep="1" rowsep="0" valign="middle"><p lang="en">AD 15</p></entry><entry align="center" colname="C2" colsep="1" rowsep="0" valign="middle"><p lang="en">1</p></entry><entry colname="C3" colsep="1" rowsep="0" valign="middle"/><entry align="center" colname="C4" colsep="1" rowsep="0" valign="middle"><p lang="en">1</p></entry><entry colname="C5" colsep="1" rowsep="0" valign="middle"/></row><row><entry align="center" colname="C1" colsep="1" rowsep="0" valign="middle"><p lang="en">AD 14</p></entry><entry align="center" colname="C2" colsep="1" rowsep="0" valign="middle"><p lang="en">2</p></entry><entry colname="C3" colsep="1" rowsep="0" valign="middle"/><entry colname="C4" colsep="1" rowsep="0" valign="middle"/><entry align="center" colname="C5" colsep="1" rowsep="0" valign="middle"><p lang="en">1</p></entry></row><row><entry align="center" colname="C1" colsep="1" rowsep="0" valign="middle"><p lang="en">AD 13</p></entry><entry align="center" colname="C2" colsep="1" rowsep="0" valign="middle"><p lang="en">1</p></entry><entry align="center" colname="C3" colsep="1" rowsep="0" valign="middle"><p lang="en">2</p></entry><entry align="center" colname="C4" colsep="1" rowsep="0" valign="middle"><p lang="en">2</p></entry><entry colname="C5" colsep="1" rowsep="0" valign="middle"><p lang="fr"> 1</p></entry></row><row><entry align="center" colname="C1" colsep="1" rowsep="0" valign="middle"><p lang="en">AD 12</p></entry><entry colname="C2" colsep="1" rowsep="0" valign="middle"/><entry align="center" colname="C3" colsep="1" rowsep="0" valign="middle"><p lang="en">2</p></entry><entry colname="C4" colsep="1" rowsep="0" valign="middle"/><entry align="center" colname="C5" colsep="1" rowsep="0" valign="middle"><p lang="en">3</p></entry></row><row><entry align="center" colname="C1" colsep="1" rowsep="0" valign="middle"><p lang="en">AD 11</p></entry><entry colname="C2" colsep="1" rowsep="0" valign="middle"/><entry align="center" colname="C3" colsep="1" rowsep="0" valign="middle"><p lang="en">2</p></entry><entry colname="C4" colsep="1" rowsep="0" valign="middle"/><entry align="center" colname="C5" colsep="1" rowsep="0" valign="middle"><p lang="en">2</p></entry></row><row><entry align="center" colname="C1" colsep="1" rowsep="0" valign="middle"><p lang="en">AD 10</p></entry><entry colname="C2" colsep="1" rowsep="0" valign="middle"/><entry align="center" colname="C3" colsep="1" rowsep="0" valign="middle"><p lang="en">3</p></entry><entry colname="C4" colsep="1" rowsep="0" valign="middle"/><entry colname="C5" colsep="1" rowsep="0" valign="middle"/></row><row><entry align="center" colname="C1" colsep="1" rowsep="0" valign="middle"><p lang="en">AD 9</p></entry><entry colname="C2" colsep="1" rowsep="0" valign="middle"/><entry align="center" colname="C3" colsep="1" rowsep="0" valign="middle"><p lang="en">4</p></entry><entry colname="C4" colsep="1" rowsep="0" valign="middle"/><entry align="center" colname="C5" colsep="1" rowsep="0" valign="middle"><p lang="en">7</p></entry></row><row><entry align="center" colname="C1" colsep="1" rowsep="0" valign="middle"><p lang="en">AD 8</p></entry><entry colname="C2" colsep="1" rowsep="0" valign="middle"/><entry colname="C3" colsep="1" rowsep="0" valign="middle"/><entry align="center" colname="C4" colsep="1" rowsep="0" valign="middle"><p lang="en">1</p></entry><entry colname="C5" colsep="1" rowsep="0" valign="middle"/></row><row><entry align="center" colname="C1" colsep="1" rowsep="0" valign="middle"><p lang="en">AD 7</p></entry><entry align="center" colname="C2" colsep="1" rowsep="0" valign="middle"><p lang="en">2</p></entry><entry align="center" colname="C3" colsep="1" rowsep="0" valign="middle"><p lang="en">1</p></entry><entry align="center" colname="C4" colsep="1" rowsep="0" valign="middle"><p lang="en">1</p></entry><entry align="center" colname="C5" colsep="1" rowsep="0" valign="middle"><p lang="en">1</p></entry></row><row><entry align="center" colname="C1" colsep="1" rowsep="0" valign="middle"><p lang="en">AD 6</p></entry><entry colname="C2" colsep="1" rowsep="0" valign="middle"/><entry align="center" colname="C3" colsep="1" rowsep="0" valign="middle"><p lang="fr">9</p></entry><entry colname="C4" colsep="1" rowsep="0" valign="middle"/><entry align="center" colname="C5" colsep="1" rowsep="0" valign="middle"><p lang="fr">9</p></entry></row><row><entry align="center" colname="C1" colsep="1" rowsep="0" valign="middle"><p lang="en">AD 5</p></entry><entry align="center" colname="C2" colsep="1" rowsep="1" valign="middle"><p lang="en">1</p></entry><entry align="center" colname="C3" colsep="1" rowsep="1" valign="middle"><p lang="en">4</p></entry><entry align="center" colname="C4" colsep="1" rowsep="1" valign="middle"><p lang="en">1</p></entry><entry align="center" colname="C5" colsep="1" rowsep="1" valign="middle"><p lang="en">4</p></entry></row><row><entry align="right" colname="C1" colsep="1" rowsep="1" valign="middle"><p lang="en">AD total</p></entry><entry align="center" colname="C2" colsep="1" rowsep="1" valign="middle"><p lang="fr"><ft type="glossary">7</ft></p></entry><entry align="center" colname="C3" colsep="1" rowsep="1" valign="middle"><p lang="fr"><ft type="glossary">28</ft></p></entry><entry align="center" colname="C4" colsep="1" rowsep="1" valign="middle"><p lang="en"><ft type="glossary">6</ft></p></entry><entry align="center" colname="C5" colsep="1" rowsep="1" valign="middle"><p lang="en"><ft type="glossary">29</ft></p></entry></row><row><entry align="center" colname="C1" colsep="1" rowsep="0" valign="middle"><p lang="en">AST 11</p></entry><entry colname="C2" colsep="1" rowsep="0" valign="middle"/><entry colname="C3" colsep="1" rowsep="0" valign="middle"/><entry colname="C4" colsep="1" rowsep="0" valign="middle"/><entry colname="C5" colsep="1" rowsep="0" valign="middle"/></row><row><entry align="center" colname="C1" colsep="1" rowsep="0" valign="middle"><p lang="en">AST 10</p></entry><entry colname="C2" colsep="1" rowsep="0" valign="middle"/><entry colname="C3" colsep="1" rowsep="0" valign="middle"/><entry colname="C4" colsep="1" rowsep="0" valign="middle"/><entry colname="C5" colsep="1" rowsep="0" valign="middle"/></row><row><entry align="center" colname="C1" colsep="1" rowsep="0" valign="middle"><p lang="en">AST 9</p></entry><entry colname="C2" colsep="1" rowsep="0" valign="middle"/><entry colname="C3" colsep="1" rowsep="0" valign="middle"/><entry colname="C4" colsep="1" rowsep="0" valign="middle"/><entry colname="C5" colsep="1" rowsep="0" valign="middle"/></row><row><entry align="center" colname="C1" colsep="1" rowsep="0" valign="middle"><p lang="en">AST 8</p></entry><entry colname="C2" colsep="1" rowsep="0" valign="middle"/><entry align="center" colname="C3" colsep="1" rowsep="0" valign="middle"><p lang="en">1</p></entry><entry colname="C4" colsep="1" rowsep="0" valign="middle"/><entry colname="C5" colsep="1" rowsep="0" valign="middle"/></row><row><entry align="center" colname="C1" colsep="1" rowsep="0" valign="middle"><p lang="en">AST 7</p></entry><entry colname="C2" colsep="1" rowsep="0" valign="middle"/><entry align="center" colname="C3" colsep="1" rowsep="0" valign="middle"><p lang="en">1</p></entry><entry colname="C4" colsep="1" rowsep="0" valign="middle"/><entry align="center" colname="C5" colsep="1" rowsep="0" valign="middle"><p lang="en">2</p></entry></row><row><entry align="center" colname="C1" colsep="1" rowsep="0" valign="middle"><p lang="en">AST 6</p></entry><entry align="center" colname="C2" colsep="1" rowsep="0" valign="middle"><p lang="en">1</p></entry><entry align="center" colname="C3" colsep="1" rowsep="0" valign="middle"><p lang="en">3</p></entry><entry colname="C4" colsep="1" rowsep="0" valign="middle"/><entry align="center" colname="C5" colsep="1" rowsep="0" valign="middle"><p lang="en">3</p></entry></row><row><entry align="center" colname="C1" colsep="1" rowsep="0" valign="middle"><p lang="en">AST 5</p></entry><entry align="center" colname="C2" colsep="1" rowsep="0" valign="middle"><p lang="en">2</p></entry><entry align="center" colname="C3" colsep="1" rowsep="0" valign="middle"><p lang="en">2</p></entry><entry align="center" colname="C4" colsep="1" rowsep="0" valign="middle"><p lang="en">2</p></entry><entry align="center" colname="C5" colsep="1" rowsep="0" valign="middle"><p lang="en">2</p></entry></row><row><entry align="center" colname="C1" colsep="1" rowsep="0" valign="middle"><p lang="en">AST 4</p></entry><entry align="center" colname="C2" colsep="1" rowsep="0" valign="middle"><p lang="fr">5</p></entry><entry align="center" colname="C3" colsep="1" rowsep="0" valign="middle"><p lang="en">2</p></entry><entry align="center" colname="C4" colsep="1" rowsep="0" valign="middle"><p lang="en">6</p></entry><entry align="center" colname="C5" colsep="1" rowsep="0" valign="middle"><p lang="en">2</p></entry></row><row><entry align="center" colname="C1" colsep="1" rowsep="0" valign="middle"><p lang="en">AST 3</p></entry><entry align="center" colname="C2" colsep="1" rowsep="0" valign="middle"><p lang="en">1</p></entry><entry align="center" colname="C3" colsep="1" rowsep="0" valign="middle"><p lang="fr">5</p></entry><entry colname="C4" colsep="1" rowsep="0" valign="middle"/><entry align="center" colname="C5" colsep="1" rowsep="0" valign="middle"><p lang="en">3</p></entry></row><row><entry align="center" colname="C1" colsep="1" rowsep="0" valign="middle"><p lang="en">AST 2</p></entry><entry colname="C2" colsep="1" rowsep="0" valign="middle"/><entry align="center" colname="C3" colsep="1" rowsep="0" valign="middle"><p lang="en">2</p></entry><entry align="center" colname="C4" colsep="1" rowsep="0" valign="middle"><p lang="en">1</p></entry><entry align="center" colname="C5" colsep="1" rowsep="0" valign="middle"><p lang="en">4</p></entry></row><row><entry align="center" colname="C1" colsep="1" rowsep="0" valign="middle"><p lang="en">AST 1</p></entry><entry colname="C2" colsep="1" rowsep="1" valign="middle"/><entry align="center" colname="C3" colsep="1" rowsep="1" valign="middle"><p lang="en">4</p></entry><entry colname="C4" colsep="1" rowsep="1" valign="middle"/><entry align="center" colname="C5" colsep="1" rowsep="1" valign="middle"><p lang="en">3</p></entry></row><row><entry align="right" colname="C1" colsep="1" rowsep="1" valign="middle"><p lang="en">AST total</p></entry><entry align="center" colname="C2" colsep="1" rowsep="1" valign="middle"><p lang="fr"><ft type="glossary">9</ft></p></entry><entry align="center" colname="C3" colsep="1" rowsep="1" valign="middle"><p lang="en"><ft type="glossary">20</ft></p></entry><entry align="center" colname="C4" colsep="1" rowsep="1" valign="middle"><p lang="fr"><ft type="glossary">9</ft></p></entry><entry align="center" colname="C5" colsep="1" rowsep="1" valign="middle"><p lang="fr"><ft type="glossary">19</ft></p></entry></row><row><entry align="right" colname="C1" colsep="1" rowsep="1" valign="middle"><p lang="en"><ft type="glossary">Grand total</ft></p></entry><entry align="center" colname="C2" colsep="1" rowsep="1" valign="middle"><p lang="en"><ft type="glossary">16</ft></p></entry><entry align="center" colname="C3" colsep="1" rowsep="1" valign="middle"><p lang="fr"><ft type="glossary">48</ft></p></entry><entry align="center" colname="C4" colsep="1" rowsep="1" valign="middle"><p lang="fr"><ft type="glossary">15</ft></p></entry><entry align="center" colname="C5" colsep="1" rowsep="1" valign="middle"><p lang="fr"><ft type="glossary">48</ft></p></entry></row></tbody></tgroup></table></bud-text></nmc-grseq></nmc-grseq></nmc-section>