<?xml version="1.0" encoding="UTF-8"?>
<nmc-annex alias="COM-A-V" id="AP20037246"><bud-heading><p lang="en">Office for Administration and Payment of Individual Entitlements</p></bud-heading><nmc-revenue alias="COM-A-V R" id="AP20037247"><bud-heading><p lang="en">Revenue</p></bud-heading><bud-data exprev="rev" tot="tot"/><nmc-title alias="A-V 4" id="AP20037248"><bud-heading><p lang="en">MISCELLANEOUS UNION TAXES, LEVIES AND DUES</p></bud-heading><bud-data exprev="rev" tot="tot"/><nmc-chapter alias="A-V 4 0" id="AP20037249"><bud-heading><p>DEDUCTIONS FROM REMUNERATION</p></bud-heading><bud-data exprev="rev" tot="tot"/><nmc-article alias="A-V 4 0 0" id="AP20037250"><bud-heading><p>Proceeds of the tax on the salaries, wages and allowances of officials and other servants</p></bud-heading><bud-data exprev="rev"><amounts><amount year="n"><figure>1 134 000</figure></amount><amount year="nm1"><figure>1 127 000</figure></amount><amount year="nm2"><figure>1 137 000,—</figure></amount></amounts><relations><relation type="traditional" value="A-V 4 0 0"/></relations></bud-data><bud-remarks><p>This revenue comprises all the proceeds of the tax on the salaries, wages and allowances of officials and other servants deducted monthly from the salaries of the staff of the Office.</p></bud-remarks><bud-legal><p lang="en">Staff Regulations of Officials of the European Communities.</p><p lang="en">Conditions of Employment of Other Servants of the European Communities.</p><p lang="en">Council Regulation (EEC, Euratom, ECSC) No 260/68 of 29 February 1968 laying down the conditions and procedure for applying the tax for the benefit of the European Communities (OJ L 56, 4.3.1968, p. 8).</p></bud-legal><bud-reference><p lang="en">Protocol on the privileges and immunities of the European Union, and in particular Article 12 thereof.</p></bud-reference></nmc-article><nmc-article alias="A-V 4 0 3" id="NOM-1074589565689-7"><bud-heading><p lang="en">Proceeds of the temporary contribution from the salaries of Members of the institutions, officials and other servants in active employment</p></bud-heading><bud-data exprev="rev"><amounts><amount year="n"><figure>p.m.</figure></amount><amount year="nm1"><figure>p.m.</figure></amount><amount year="nm2"><figure>p.m.</figure></amount></amounts><relations><relation type="traditional" value="A-V 4 0 3"/></relations></bud-data><bud-remarks><p>This revenue comprises all the proceeds of the temporary contribution from the remuneration of officials and other servants in active employment deducted monthly from the salaries of the staff of the Office.</p></bud-remarks><bud-legal><p lang="en">Staff Regulations of Officials of the European Communities.</p><p lang="en">Conditions of Employment of Other Servants of the European Communities.</p></bud-legal></nmc-article><nmc-article alias="A-V 4 0 4" id="NEW560104"><bud-heading><p lang="en">Proceeds from the special levy on the salaries of Members of the institutions, officials and other servants in active employment</p></bud-heading><bud-data exprev="rev"><amounts><amount year="n"><figure>191 000</figure></amount><amount year="nm1"><figure>179 000</figure></amount><amount year="nm2"><figure>147 000,—</figure></amount></amounts></bud-data><bud-legal><p lang="en">Staff Regulations of Officials of the European Communities.</p><p lang="en">Conditions of Employment of Other Servants of the European Communities.</p></bud-legal></nmc-article></nmc-chapter><nmc-chapter alias="A-V 4 1" id="41331245132-0"><bud-heading><p>CONTRIBUTIONS TO THE PENSION SCHEME</p></bud-heading><bud-data exprev="rev" tot="tot"/><nmc-article alias="A-V 4 1 0" id="41331245142-1"><bud-heading><p>Staff contributions to the pension scheme</p></bud-heading><bud-data exprev="rev"><amounts><amount year="n"><figure>2 073 000</figure></amount><amount year="nm1"><figure>2 173 000</figure></amount><amount year="nm2"><figure>2 117 000,—</figure></amount></amounts><relations><relation type="traditional" value="A-V 4 0 1"/></relations></bud-data><bud-remarks><p lang="en">This revenue comprises all the contributions deducted monthly from the salaries of the staff of the Office in accordance with Article 83(2) of the Staff Regulations and used to finance the pension scheme.</p></bud-remarks><bud-legal><p lang="en">Staff Regulations of Officials of the European Communities.</p><p lang="en">Conditions of Employment of Other Servants of the European Communities.</p></bud-legal></nmc-article></nmc-chapter></nmc-title><nmc-title alias="A-V 6" id="AP20038107"><bud-heading><p lang="en">CONTRIBUTIONS TO EU/COMMUNITY PROGRAMMES, REPAYMENT OF EXPENDITURE AND REVENUE</p></bud-heading><bud-data exprev="rev" tot="tot"/><nmc-chapter alias="A-V 6 6" id="AP20038108"><bud-heading><p>OTHER CONTRIBUTIONS AND REFUNDS</p></bud-heading><bud-data exprev="rev" tot="tot"/><nmc-article alias="A-V 6 6 0" id="AP20038109"><bud-heading><p>Other contributions and refunds</p></bud-heading><bud-data exprev="rev" tot="tot"/><nmc-item alias="A-V 6 6 0 0" id="AP20038110"><bud-heading><p>Other assigned contributions and refunds</p></bud-heading><bud-data exprev="rev"><amounts><amount year="n"><figure>p.m.</figure></amount><amount year="nm1"><figure>p.m.</figure></amount><amount year="nm2"><figure>0,—</figure></amount></amounts><relations><relation type="traditional" value="A-V 6 6 0 0"/></relations></bud-data><bud-remarks><p lang="en">This item is intended to receive, in accordance with Article 18 of the Financial Regulation, any revenue not provided for in other parts of Title 6 which is used to provide additional appropriations to finance expenditure to which this revenue is assigned.</p></bud-remarks></nmc-item></nmc-article></nmc-chapter></nmc-title></nmc-revenue><nmc-expenditure alias="COM-A-V E" id="AP20037253"><bud-heading><p lang="en">Expenditure</p></bud-heading><bud-data exprev="exp" tot="tot"/><nmc-title alias="A5" id="NOM-1052124420674-0"><bud-heading><p lang="en">OFFICE FOR ADMINISTRATION AND PAYMENT OF INDIVIDUAL ENTITLEMENTS</p></bud-heading><bud-data exprev="exp" tot="tot"/><nmc-chapter alias="A5 01" id="41241555415-9"><bud-heading><p>ADMINISTRATIVE EXPENDITURE</p></bud-heading><bud-data exprev="exp" tot="tot"/><nmc-article alias="A5 01 01" id="41241555415-10"><bud-heading><p>Expenditure related to staff in active employment</p></bud-heading><bud-data exprev="exp"><amounts><amount catpol="5.0.1" year="n"><figure>16 158 000</figure></amount><amount catpol="5.0.1" year="nm1"><figure>17 308 000</figure></amount><amount catpol="5.0.1" year="nm2"><figure>16 745 483,74</figure></amount></amounts></bud-data><bud-remarks><list type="dash"><int.li><p lang="en">This appropriation is intended to cover, for officials and temporary staff holding posts on the establishment plan:</p></int.li><item><p>salaries, allowances and payments related to salaries,</p></item><item><p>accident and sickness insurance and other social security charges,</p></item><item><p>unemployment insurance for temporary staff and payments to constitute or maintain pension rights for them in their country of origin,</p></item><item><p>miscellaneous allowances and grants,</p></item><item><p>the cost of weightings applied to the remuneration of officials and temporary staff and the cost of weightings applied to the part of emoluments transferred to a country other than the country of employment,</p></item><item><p>travel expenses due to officials and temporary staff (including their families) on taking up duty, leaving the institution or transfer to another place of employment,</p></item><item><p>installation and resettlement allowances due to officials obliged to change their place of residence on taking up duty, on transfer to a new place of employment and on finally leaving the service and resettling elsewhere,</p></item><item><p>removal expenses due to officials obliged to change their place of residence on taking up duty, on transfer to a new place of employment and on finally leaving the service and resettling elsewhere,</p></item><item><p>the cost of any adjustments to remuneration approved by the Council during the financial year.</p></item></list></bud-remarks><bud-legal><p lang="en">Staff Regulations of Officials of the European Communities.</p><p lang="en">Conditions of Employment of Other Servants of the European Communities.</p><p lang="en">Council Regulation (EC, Euratom) No 1605/2002 of 25 June 2002 on the Financial Regulation applicable to the general budget of the European Communities (OJ L 248, 16.9.2002, p. 1).</p></bud-legal></nmc-article><nmc-article alias="A5 01 02" id="41241555415-11"><bud-heading><p>External staff and other management expenditure</p></bud-heading><bud-data exprev="exp" tot="tot"/><nmc-item alias="A5 01 02 01" id="41241555484-19"><bud-heading><p>External staff</p></bud-heading><bud-data exprev="exp"><amounts><amount catpol="5.0.1" year="n"><figure>7 910 000</figure></amount><amount catpol="5.0.1" year="nm1"><figure>7 148 000</figure></amount><amount catpol="5.0.1" year="nm2"><figure>10 120 489,17</figure></amount></amounts></bud-data><bud-remarks><list type="dash"><int.li><p>This appropriation is intended to cover the following expenditure:</p></int.li><item><p lang="en">the remuneration of contract staff (within the meaning of Title IV of the Conditions of Employment), the institution’s social insurance scheme covering contract staff, as described in Title IV, and the cost of weightings applicable to the remuneration of such staff,</p></item><item><p lang="en">expenditure incurred (remuneration, insurance, etc.) through the use of private-law contract external staff and agency staff,</p></item><item><p lang="en">personnel costs included in service contracts for technical and administrative subcontracting, supplementary assistance and the supply of intellectual services,</p></item><item><p>the cost of national civil servants or other experts on secondment or temporary assignment to the Office and supplementary expenses arising from the secondment of officials to national civil services or international organisations,</p></item><item><p>the cost of any adjustments to remuneration approved by the Council during the financial year.</p></item></list><p lang="en">The amount of assigned revenue pursuant to Article 18(1)(e) to (j) of the Financial Regulation is estimated at EUR 3 000 000.</p></bud-remarks><bud-legal><p lang="en">Staff Regulations of Officials of the European Communities.</p><p lang="en">Conditions of Employment of Other Servants of the European Communities.</p><p>Rules governing designation and remuneration and other financial conditions adopted by the Commission.</p><p lang="en">Council Regulation (EC, Euratom) No 1605/2002 of 25 June 2002 on the Financial Regulation applicable to the general budget of the European Communities (OJ L 248, 16.9.2002, p. 1).</p></bud-legal></nmc-item><nmc-item alias="A5 01 02 11" id="41241555491-21"><bud-heading><p lang="en">Other management expenditure</p></bud-heading><bud-data exprev="exp"><amounts><amount catpol="5.0.1" year="n"><figure>284 000</figure></amount><amount catpol="5.0.1" year="nm1"><figure>284 000</figure></amount><amount catpol="5.0.1" year="nm2"><figure>203 631,40</figure></amount></amounts></bud-data><bud-remarks><list type="dash"><int.li><p>This appropriation is intended to cover the following expenditure:</p></int.li><item><p>travel expenses, daily subsistence allowances and additional or exceptional expenditure incurred in connection with missions by staff covered by the Staff Regulations and by national or international experts or officials on secondment,</p></item><item><p>reimbursement of costs incurred by persons officially representing the Office (reimbursement is not possible for expenses incurred in the performance of representation duties vis-à-vis staff of the Commission or other European institutions),</p></item><item><p>travel, subsistence and incidental expenses of experts participating in study groups and working parties, and the cost of organising such meetings where they are not covered by the existing infrastructure in the headquarters of the institutions or external offices (experts are reimbursed on the basis of decisions made by the Commission),</p></item><item><p>the cost of refreshments and food served on special occasions during internal meetings,</p></item><item><p>miscellaneous expenditure relating to conferences, congresses and meetings in which the Office participates or which it organises,</p></item><item><p>expenditure on specialised studies and consultations contracted out to highly qualified experts (individuals or firms) if the Office does not have suitable staff available to carry out such studies, including the purchase of studies already conducted,</p></item><item><list type="dash"><int.li><p lang="en">expenditure on training for improving staff skills and the performance and efficiency of the Office:</p></int.li><item><p>fees for experts employed to identify training needs, design, develop and hold courses, and evaluate and monitor results,</p></item><item><p>fees for consultants in various fields, in particular organisational methods, management, strategy, quality and personnel management,</p></item><item><p>the cost of attending external training and of joining the relevant professional organisations,</p></item></list></item><item><p lang="en">expenditure related to the practical aspects of organising courses, the use of premises, transport, meals and accommodation for participants in residential courses,</p></item><item><p>training expenditure related to publications and information, associated Internet sites and the purchase of teaching equipment, subscriptions and licences for distance teaching, books, press and multimedia products,</p></item><item><p>financing of teaching aids.</p></item></list></bud-remarks><bud-legal><p lang="en">Staff Regulations of Officials of the European Communities.</p><p lang="en">Conditions of Employment of Other Servants of the European Communities.</p><p>Rules governing designation and remuneration and other financial conditions adopted by the Commission.</p></bud-legal></nmc-item></nmc-article><nmc-article alias="A5 01 03" id="41241555415-12"><bud-heading><p>Buildings and related expenditure</p></bud-heading><bud-data exprev="exp"><amounts><amount catpol="5.0.1" year="n"><figure>
9 376 000</figure></amount><amount catpol="5.0.1" year="nm1"><figure>9 252 000</figure></amount><amount catpol="5.0.1" year="nm2"><figure>10 127 760,92</figure></amount></amounts></bud-data><bud-remarks><list type="dash"><int.li><p lang="en">This appropriation is intended to cover expenditure on the Office’s buildings and other associated expenditure, including:</p></int.li><item><p>the costs of purchase or lease-purchase of buildings or the construction of buildings,</p></item><item><p>rent and ground rent, various taxes and the exercise of purchase options on buildings or parts of buildings occupied, as well as the hire of conference rooms, warehouses, storerooms, archives, garages and parking facilities,</p></item><item><p>the payment of insurance premiums on the buildings or parts of buildings occupied by the Office,</p></item><item><p>water, gas, electricity and heating charges for the buildings or parts of buildings occupied by the Office,</p></item><item><p>maintenance costs for premises, lifts, central heating, air-conditioning equipment, etc.; the expenditure incurred by regular cleaning operations, including the purchase of maintenance, washing, laundry and dry-cleaning products, etc., and by repainting, repairs and supplies used by the maintenance shops,</p></item><item><p>expenditure on the selective treatment, storage and removal of waste,</p></item><item><p>the refurbishment of buildings, e.g. alterations to partitioning, alterations to technical installations and other specialist work on locks, electrical equipment, plumbing, painting, floor coverings, etc., and the cost of changes to the cabling associated with fixtures, and the cost of the necessary equipment (before contracts for an amount in excess of EUR 300 000 are renewed or concluded, and with a view to rationalising expenditure, the Office must consult the other institutions with regard to the conditions (price, currency chosen, indexing, duration, other clauses) obtained by each of them for a similar contract),</p></item><item><p lang="en">expenses concerning the physical and material security of persons and property, in particular contracts for the guarding of buildings, contracts for the maintenance of security installations and the purchase of minor items of equipment (before contracts for an amount in excess of EUR 300 000 are renewed or concluded, and with a view to rationalising expenditure, the Office must consult the other institutions with regard to the conditions (price, currency chosen, indexing, duration, other clauses) obtained by each of them for a similar contract),</p></item><item><p lang="en">expenses concerning the health and safety of individuals at work, in particular the purchase, hire and maintenance of fire-fighting equipment, the replacement of equipment for fire pickets and statutory inspection costs (before contracts for an amount in excess of EUR 300 000 are renewed or concluded, and with a view to rationalising expenditure, the Office must consult the other institutions with regard to the conditions (price, currency chosen, indexing, duration, other clauses) obtained by each of them for a similar contract),</p></item><item><p>the cost of legal, financial and technical consultancy fees prior to the acquisition, rental or construction of buildings,</p></item><item><p lang="en">other expenditure on buildings, in particular management fees for multiple-tenanted buildings, costs of surveys of premises and charges for utilities (refuse collection, etc.),</p></item><item><p>technical assistance fees relating to major fitting-out operations for premises,</p></item><item><p>the purchase, hire or leasing, maintenance, repair, installation and renewal of technical equipment and installations,</p></item><item><p>the purchase, hire, maintenance and repair of furniture,</p></item><item><p>the purchase, hire, maintenance and repair of vehicles,</p></item><item><p>various types of insurance (in particular third-party and theft),</p></item><item><list type="dash"><int.li><p>expenditure on working equipment, and in particular:</p></int.li><item><p>purchase of uniforms (mainly for floor messengers, drivers and restaurant and cafeteria staff),</p></item><item><p>purchase and cleaning of working clothes for workshop staff and staff required to do work for which protection is necessary against bad or cold weather, abnormal wear and dirt,</p></item><item><p>purchase or reimbursement of the cost of any equipment which might be necessary pursuant to Directives 89/391/EEC and 90/270/EEC,</p></item></list></item><item><p>departmental removals and reorganisations and handling (taking delivery, storing, delivering) in respect of equipment, furniture and office supplies,</p></item><item><p>expenditure on equipping buildings with telecommunications, notably purchase, hire, installation and maintenance of telephone switchboards and distributors, audio, videoconferencing, interphone and mobile phone systems, and expenditure on data networks (equipment and maintenance) and associated services (management, support, documentation, installation and removal),</p></item><item><p>the purchase, hire or leasing and maintenance of computers, terminals, mini-computers, peripherals, connection devices and the necessary software,</p></item><item><p>the purchase, hire or leasing and maintenance of equipment relating to the presentation of information in printed form, e.g. printers, fax machines, photocopiers, scanners and microcopiers,</p></item><item><p>the purchase, hire or leasing of typewriters, word processors and any other electronic office equipment,</p></item><item><p>installation, configuration, maintenance, studies, documentation and supplies related to this equipment,</p></item><item><p>the cost of purchasing paper, envelopes, office supplies and supplies for the print shops, and of some printing carried out by outside service providers,</p></item><item><p lang="en">expenditure on postal and mail delivery charges, on postal and other packages sent by air, sea or rail, and on the Office’s internal mail,</p></item><item><p lang="en">subscription charges and the cost of cable or radio communications (land and mobile telephones, television, teleconferencing and videoconferencing), expenditure on data-transmission networks, telematic services, etc., and the purchase of directories,</p></item><item><p lang="en">the costs of interbuilding telephone and computer links and international transmission lines between sites of Union offices,</p></item><item><p>technical and logistic support, training and other activities of general interest related to computer equipment and software, general computer training, subscriptions to technical documentation whether on paper or in electronic form, etc., external operating staff, office services, subscriptions to international organisations, etc., studies on safety and quality assurance relating to computer equipment and software, the cost of the use, maintenance, upkeep and development of software, and of carrying out computer projects,</p></item><item><p lang="en">other operating expenditure not specially provided for above.<ft type="ht"> </ft></p></item></list></bud-remarks><bud-legal><p lang="en">Council Directive 89/391/EEC of 12 June 1989 on the introduction of measures to encourage improvements in the safety and health of workers at work (OJ L 183, 29.6.1989, p. 1).</p><p lang="en">Council Directive 90/270/EEC of 29 May 1990 on the minimum safety and health requirements for work with display-screen equipment (fifth individual Directive within the meaning of Article 16(1) of Directive 89/391/EEC) (OJ L 156, 21.6.1990, p. 14).</p><p lang="en">Council Regulation (EC, Euratom) No 1605/2002 of 25 June 2002 on the Financial Regulation applicable to the general budget of the European Communities (OJ L 248, 16.9.2002, p. 1).</p></bud-legal></nmc-article><nmc-article alias="A5 01 50" id="41241555415-15"><bud-heading><p>Personnel policy and management</p></bud-heading><bud-data exprev="exp"><amounts><amount catpol="5.0.1" year="n"><figure>p.m.</figure></amount><amount catpol="5.0.1" year="nm1"><figure>p.m.</figure></amount><amount catpol="5.0.1" year="nm2"><figure>0,—</figure></amount></amounts></bud-data><bud-remarks><list type="dash"><int.li><p>This appropriation is intended to cover:</p></int.li><item><p lang="en">the Office’s contribution to the costs of the recreation centre and to other cultural and sports activities and initiatives to promote social contact between staff of different nationalities,</p></item><item><p lang="en">the Office’s contribution to the costs of the Early Childhood Centre and other childminding facilities,</p></item><item><list type="dash"><int.li><p lang="en">expenditure for the following categories of persons, as part of a policy to assist people with disabilities:</p></int.li><item><p>officials and temporary staff in active employment,</p></item><item><p>spouses of officials and temporary staff in active employment,</p></item><item><p lang="en">all dependent children within the meaning of the Staff Regulations.</p></item></list></item></list><p>It covers, within the limits of the amount entered in the budget and after any national entitlements granted in the country of residence or origin have been claimed, any duly substantiated non-medical expenditure which is acknowledged to be necessary and arises from disablement. </p></bud-remarks><bud-legal><p lang="en">Staff Regulations of Officials of the European Communities.</p><p lang="en">Conditions of Employment of Other Servants of the European Communities.</p></bud-legal></nmc-article><nmc-article alias="A5 01 51" id="41241555415-16"><bud-heading><p>Infrastructure policy and management</p></bud-heading><bud-data exprev="exp"><amounts><amount catpol="5.0.1" year="n"><figure>p.m.</figure></amount><amount catpol="5.0.1" year="nm1"><figure>p.m.</figure></amount><amount catpol="5.0.1" year="nm2"><figure>0,—</figure></amount></amounts></bud-data><bud-remarks><list type="dash"><int.li><p>This appropriation is intended to cover:</p></int.li><item><p>routine running and conversion costs for restaurants, cafeterias and canteens,</p></item><item><p>damages to be borne by the Office and those arising from third-party liability, and expenditure relating to certain cases where, for reasons of equity, compensation has to be paid without any legal claim whatsoever arising therefrom.</p></item></list></bud-remarks></nmc-article><nmc-article alias="A5 01 60" id="41241555415-17"><bud-heading><p>Documentation and library expenditure</p></bud-heading><bud-data exprev="exp"><amounts><amount catpol="5.0.1" year="n"><figure>p.m.</figure></amount><amount catpol="5.0.1" year="nm1"><figure>p.m.</figure></amount><amount catpol="5.0.1" year="nm2"><figure>0,—</figure></amount></amounts></bud-data><bud-remarks><p lang="en">This appropriation is intended to cover expenditure on producing and developing the Commission’s intranet site (IntraComm), subscriptions to view data services, the cost of binding and other expenditure necessary for the preservation of reference works and periodicals, expenditure on subscriptions to newspapers and specialist periodicals, and the purchase of publications and technical works connected with the Office’s activities.</p></bud-remarks></nmc-article></nmc-chapter><nmc-chapter alias="A5 10" id="41241555544-22"><bud-heading><p>RESERVES</p></bud-heading><bud-data exprev="exp" tot="tot"/><nmc-article alias="A5 10 01" id="41241555729-26"><bud-heading><p>Provisional appropriations</p></bud-heading><bud-data exprev="exp"><amounts><amount catpol="5.0.1" year="n"><figure>p.m.</figure></amount><amount catpol="5.0.1" year="nm1"><figure>p.m.</figure></amount><amount catpol="5.0.1" year="nm2"><figure>0,—</figure></amount></amounts></bud-data><bud-remarks><p lang="en">The appropriations in this chapter are purely provisional and can only be used after transfer to other chapters in accordance with the relevant procedure laid down in the Financial Regulation.</p></bud-remarks><bud-legal><p lang="en">Council Regulation (EC, Euratom) No 1605/2002 of 25 June 2002 on the Financial Regulation applicable to the general budget of the European Communities (OJ L 248, 16.9.2002, p. 1).</p></bud-legal></nmc-article><nmc-article alias="A5 10 02" id="41241555741-28"><bud-heading><p>Contingency reserve</p></bud-heading><bud-data exprev="exp"><amounts><amount catpol="5.0.1" year="n"><figure>p.m.</figure></amount><amount catpol="5.0.1" year="nm1"><figure>p.m.</figure></amount><amount catpol="5.0.1" year="nm2"><figure>0,—</figure></amount></amounts></bud-data></nmc-article></nmc-chapter></nmc-title></nmc-expenditure></nmc-annex>