<?xml version="1.0" encoding="UTF-8"?>
<nmc-annex alias="COM-A-II" id="P20024824"><bud-heading><p lang="en">Publications Office</p></bud-heading><nmc-revenue alias="COM-A-II R" id="P20024825"><bud-heading><p lang="en">Revenue</p></bud-heading><bud-data exprev="rev" tot="tot"/><nmc-title alias="A-II 4" id="P20024826"><bud-heading><p lang="en">MISCELLANEOUS UNION TAXES, LEVIES AND DUES</p></bud-heading><bud-data exprev="rev" tot="tot"/><nmc-chapter alias="A-II 4 0" id="P20024827"><bud-heading><p>DEDUCTIONS FROM REMUNERATION</p></bud-heading><bud-data exprev="rev" tot="tot"/><nmc-article alias="A-II 4 0 0" id="P20024828"><bud-heading><p>Proceeds of the tax on the salaries, wages and allowances of officials and other servants</p></bud-heading><bud-data exprev="rev"><amounts><amount year="n"><figure>3 067 000</figure></amount><amount year="nm1"><figure>2 894 000</figure></amount><amount year="nm2"><figure>2 704 000,—</figure></amount></amounts><relations><relation type="traditional" value="A-II 4 0 0"/></relations></bud-data><bud-remarks><p>This revenue comprises the entire proceeds from the tax on the salaries, wages and allowances of officials and other servants deducted each month from the salaries of the staff of the Publications Office.</p></bud-remarks><bud-legal><p lang="en">Staff Regulations of Officials of the European Communities.</p><p lang="en">Conditions of Employment of Other Servants of the European Communities.</p><p lang="en">Council Regulation (EEC, Euratom, ECSC) No 260/68 of 29 February 1968 laying down the conditions and procedure for applying the tax for the benefit of the European Communities (OJ L 56, 4.3.1968, p. 8).</p></bud-legal><bud-reference><p lang="en">Protocol on the privileges and immunities of the European Union, and in particular Article 12 thereof.</p></bud-reference></nmc-article><nmc-article alias="A-II 4 0 3" id="P20024830"><bud-heading><p lang="en">Proceeds of the temporary contribution from the salaries of Members of the institutions, officials and other servants in active employment</p></bud-heading><bud-data exprev="rev"><amounts><amount year="n"><figure>p.m.</figure></amount><amount year="nm1"><figure>p.m.</figure></amount><amount year="nm2"><figure>0,—</figure></amount></amounts><relations><relation type="traditional" value="A-II 4 0 3"/></relations></bud-data><bud-remarks><p>This revenue comprises the entire proceeds from the temporary contribution from the remuneration of officials and other servants in active employment deducted each month from the salaries of the staff of the Publications Office.</p></bud-remarks><bud-legal><p lang="en">Staff Regulations of Officials of the European Communities.</p><p lang="en">Conditions of Employment of Other Servants of the European Communities.</p></bud-legal></nmc-article><nmc-article alias="A-II 4 0 4" id="NEW560001"><bud-heading><p lang="en">Proceeds from the special levy on the salaries of Members of the institutions, officials and other servants in active employment</p></bud-heading><bud-data exprev="rev"><amounts><amount year="n"><figure>498 000</figure></amount><amount year="nm1"><figure>432 000</figure></amount><amount year="nm2"><figure>363 000,—</figure></amount></amounts></bud-data><bud-remarks/><bud-legal><p lang="en">Staff Regulations of Officials of the European Communities.</p><p lang="en">Conditions of Employment of Other Servants of the European Communities.</p></bud-legal></nmc-article></nmc-chapter><nmc-chapter alias="A-II 4 1" id="41331244881-0"><bud-heading><p>STAFF CONTRIBUTIONS TO THE PENSION SCHEME</p></bud-heading><bud-data exprev="rev" tot="tot"/><nmc-article alias="A-II 4 1 0" id="41331244892-1"><bud-heading><p>Staff contributions to the pension scheme</p></bud-heading><bud-data exprev="rev"><amounts><amount year="n"><figure>4 282 000</figure></amount><amount year="nm1"><figure>3 944 000</figure></amount><amount year="nm2"><figure>3 900 000,—</figure></amount></amounts><relations><relation type="traditional" value="A-II 4 0 1"/></relations></bud-data><bud-remarks><p lang="en">This revenue comprises the entire proceeds from contributions by the staff of the Publications Office deducted each month from salaries in accordance with Article 83(2) of the Staff Regulations for financing the pension scheme.</p></bud-remarks><bud-legal><p lang="en">Staff Regulations of Officials of the European Communities.</p><p lang="en">Conditions of Employment of Other Servants of the European Communities.</p></bud-legal></nmc-article></nmc-chapter></nmc-title><nmc-title alias="A-II 6" id="AP20038047"><bud-heading><p lang="en">CONTRIBUTIONS TO COMMUNITY/EU PROGRAMMES, REPAYMENT OF EXPENDITURE AND REVENUE</p></bud-heading><bud-data exprev="rev" tot="tot"/><nmc-chapter alias="A-II 6 6" id="AP20038048"><bud-heading><p>OTHER CONTRIBUTIONS AND REFUNDS</p></bud-heading><bud-data exprev="rev" tot="tot"/><nmc-article alias="A-II 6 6 0" id="AP20038049"><bud-heading><p>Other contributions and refunds</p></bud-heading><bud-data exprev="rev" tot="tot"/><nmc-item alias="A-II 6 6 0 0" id="AP20038050"><bud-heading><p>Other assigned contributions and refunds</p></bud-heading><bud-data exprev="rev"><amounts><amount year="n"><figure>p.m.</figure></amount><amount year="nm1"><figure>p.m.</figure></amount><amount year="nm2"><figure>0,—</figure></amount></amounts><relations><relation type="traditional" value="A-II 6 6 0 0"/></relations></bud-data><bud-remarks><p lang="en">This item is intended to receive, in accordance with Article 18 of the Financial Regulation, any revenue not provided for in other parts of Title 6 which is used to provide additional appropriations to finance expenditure to which this revenue is assigned.</p></bud-remarks></nmc-item></nmc-article></nmc-chapter></nmc-title></nmc-revenue><nmc-expenditure alias="COM-A-II E" id="P20024859"><bud-heading><p lang="en">Expenditure</p></bud-heading><bud-data exprev="exp" tot="tot"/><nmc-title alias="A2" id="NOM-1052328305739-0"><bud-heading><p lang="en">ANNEX 2 — PUBLICATIONS OFFICE </p></bud-heading><bud-data exprev="exp" tot="tot"/><nmc-chapter alias="A2 01" id="41262385764-9"><bud-heading><p>ADMINISTRATIVE EXPENDITURE</p></bud-heading><bud-data exprev="exp" tot="tot"/><nmc-article alias="A2 01 01" id="41262385764-10"><bud-heading><p>Expenditure related to staff in active employment</p></bud-heading><bud-data exprev="exp"><amounts><amount catpol="5.0.1" year="n"><figure>53 409 000</figure></amount><amount catpol="5.0.1" year="nm1"><figure>50 209 000</figure></amount><amount catpol="5.0.1" year="nm2"><figure>47 498 131,62</figure></amount></amounts></bud-data><bud-remarks><list type="dash"><int.li><p lang="en">This appropriation is intended to cover, for officials and temporary staff holding posts on the establishment plan:</p></int.li><item><p>salaries, allowances and payments related to salaries,</p></item><item><p>accident and sickness insurance and other social security charges,</p></item><item><p>unemployment insurance for temporary staff and payments by the institution to constitute or maintain pension rights for them in their country of origin,</p></item><item><p>miscellaneous allowances and grants,</p></item><item><p>the cost of weightings applied to the remuneration of officials and temporary staff and the cost of weightings applied to the part of emoluments transferred to a country other than the country of employment,</p></item><item><p>travel expenses due to officials and temporary staff (including their families) on taking up duty, leaving the institution or transfer to another place of employment,</p></item><item><p>installation and resettlement allowances due to officials and temporary staff obliged to change their place of residence on taking up duty, on transfer to a new place of employment and on finally leaving the institution and resettling elsewhere,</p></item><item><p>removal expenses due to officials and temporary staff obliged to change their place of residence on taking up duty, on transfer to a new place of employment and on finally leaving the institution and resettling elsewhere,</p></item><item><p lang="en">the cost of any adjustments to remuneration approved by the Council during the financial year.</p></item></list><p>The amount of assigned revenue pursuant to Article 18(1)(e) to (j) of the Financial Regulation is estimated at EUR 100.</p></bud-remarks><bud-legal><p lang="en">Staff Regulations of Officials of the European Communities.</p><p lang="en">Conditions of Employment of Other Servants of the European Communities.</p><p lang="en">Council Regulation (EC, Euratom) No 1605/2002 of 25 June 2002 on the Financial Regulation applicable to the general budget of the European Communities (OJ L 248, 16.9.2002, p. 1).</p></bud-legal></nmc-article><nmc-article alias="A2 01 02" id="41262385764-11"><bud-heading><p>External staff and other management expenditure</p></bud-heading><bud-data exprev="exp" tot="tot"/><nmc-item alias="A2 01 02 01" id="41262385905-18"><bud-heading><p>External staff </p></bud-heading><bud-data exprev="exp"><amounts><amount catpol="5.0.1" year="n"><figure>2 544 000</figure></amount><amount catpol="5.0.1" year="nm1"><figure>2 430 000</figure></amount><amount catpol="5.0.1" year="nm2"><figure>2 602 600,—</figure></amount></amounts></bud-data><bud-remarks><list type="dash"><int.li><p>This appropriation is intended to cover the following expenditure:</p></int.li><item><p lang="en">the remuneration of contract staff (within the meaning of Title IV of the Conditions of Employment), the institution’s social insurance scheme covering contract staff, as described in Title IV, and the cost of weightings applicable to the remuneration of such staff,</p></item><item><p lang="en">expenditure incurred (remuneration, insurance, etc.) through the use of private‑law contract external staff and agency staff,</p></item><item><p>the cost of national civil servants or other experts on secondment or temporary assignments to the Office and supplementary expenses arising from the secondment of officials to national civil services or international organisations,</p></item><item><p>the cost of any adjustments to remuneration approved by the Council during the financial year,</p></item><item><p lang="en">support services in the field of proofreading, expenditure connected with agency and freelance staff and related administrative expenditure.</p></item></list><p>The amount of assigned revenue pursuant to Article 18(1)(e) to (j) of the Financial Regulation is estimated at EUR 100.</p></bud-remarks><bud-legal><p lang="en">Staff Regulations of Officials of the European Communities.</p><p lang="en">Conditions of Employment of Other Servants of the European Communities.</p><p>Rules of appointment and payment and other financial terms laid down by the Commission.</p><p lang="en">Council Regulation (EC, Euratom) No 1605/2002 of 25 June 2002 on the Financial Regulation applicable to the general budget of the European Communities (OJ L 248, 16.9.2002, p. 1).</p></bud-legal></nmc-item><nmc-item alias="A2 01 02 11" id="41262385939-19"><bud-heading><p lang="en">Other management expenditure</p></bud-heading><bud-data exprev="exp"><amounts><amount catpol="5.0.1" year="n"><figure>774 000</figure></amount><amount catpol="5.0.1" year="nm1"><figure>744 000</figure></amount><amount catpol="5.0.1" year="nm2"><figure>1 263 253,86</figure></amount></amounts></bud-data><bud-remarks><list type="dash"><int.li><p>This appropriation is intended to cover the following expenditure:</p></int.li><item><p>travel expenses, daily subsistence allowances and additional or exceptional expenditure incurred in connection with missions by staff covered by the Staff Regulations and by national or international seconded experts or officials,</p></item><item><p>reimbursement of costs incurred by persons officially representing the Office (reimbursement is not possible for expenses incurred in the performance of representation duties vis-à-vis staff of the Commission or other European institutions),</p></item><item><p lang="en">travel, subsistence and incidental expenses of experts participating in study groups and working parties, and the cost of organising such meetings where they are not covered by the existing infrastructure in the headquarters of the institutions or external offices (experts are reimbursed on the basis of decisions made by the Commission),</p></item><item><p>the cost of refreshments and food served on special occasions during internal meetings,</p></item><item><p>the cost of conferences, congresses and meetings in which the Office takes part or which it organises,</p></item><item><p lang="en">expenditure on training for improving staff skills, performance and efficiency to meet the Office’s specific needs,</p></item><item><p>use of experts to identify training needs, design, develop and hold courses and evaluate and monitor results,</p></item><item><p>use of consultants in various fields, in particular organisational methods, management, strategy, quality and personnel management,</p></item><item><p lang="en">attending external training and joining the relevant professional organisations,</p></item><item><p>expenditure related to the practical aspects of organising courses, the use of premises, transport, meals and accommodation for participants in residential courses,</p></item><item><p lang="en">training expenditure related to publications and information, associated Internet sites and the purchase of teaching equipment, subscriptions and licences for distance teaching, books, press and multimedia products,</p></item><item><p lang="en">financing of teaching aids,</p></item><item><p lang="en">expenditure on studies and specialist consultancy contracted out to highly qualified experts (natural or legal persons) where the Office is not able, with the staff at its disposal, to carry this out directly, including the purchase of existing studies,</p></item><item><p lang="en">the costs of the Office’s participation in the Bridge Forum Dialogue.</p></item></list><p>The amount of assigned revenue pursuant to Article 18(1)(e) to (j) of the Financial Regulation is estimated at EUR 100.</p></bud-remarks><bud-legal><p lang="en">Staff Regulations of Officials of the European Communities.</p><p lang="en">Conditions of Employment of Other Servants of the European Communities.</p><p>Rules of appointment and payment and other financial terms laid down by the Commission.</p></bud-legal></nmc-item></nmc-article><nmc-article alias="A2 01 03" id="41262385764-12"><bud-heading><p>Buildings and related expenditure</p></bud-heading><bud-data exprev="exp"><amounts><amount catpol="5.0.1" year="n"><figure>16 136 000</figure></amount><amount catpol="5.0.1" year="nm1"><figure>15 949 000</figure></amount><amount catpol="5.0.1" year="nm2"><figure>15 976 519,34</figure></amount></amounts></bud-data><bud-remarks><list type="dash"><int.li><p>This appropriation is intended to cover the buildings of the Publications Office and related expenditure, including in particular: </p></int.li><item><p>the costs connected with the purchase or rental with purchase option of buildings or the construction of buildings,</p></item><item><p lang="en">rent and ground rent, the various taxes, etc., in connection with purchase options on occupied buildings or parts of buildings, and the hire of conference rooms, storerooms, archive rooms, garages and parking facilities<ft type="ht">,</ft></p></item><item><p>insurance premiums on the buildings or parts of buildings occupied by the Office,</p></item><item><p>water, gas, electricity and heating charges in respect of the buildings or parts of buildings occupied by the Office,</p></item><item><p lang="en">expenditure on the maintenance of rooms, lifts, etc., and central heating and air conditioning installations, etc.; expenditure on certain periodical cleaning, and the purchase of maintenance, washing, bleaching and dry‑cleaning products, etc.; and repainting, repairs, and supplies for the maintenance workshops,</p></item><item><p>expenditure on the selective treatment, storage and removal of waste,</p></item><item><p>the refurbishment of buildings, e.g. alterations to partitioning, alterations to technical installations and other specialist work on locks, electrical equipment, plumbing, painting, floor coverings, etc., and the cost of changes to the network equipments associated with the building by destination, and the cost of the necessary equipment (before contracts for an amount in excess of EUR 300 000 are renewed or concluded, and with a view to rationalising expenditure, the Publications Office must consult the Commission’s Offices for Infrastructure and Logistics with regard to the conditions (price, currency chosen, indexing, duration, other clauses) obtained by each of them for a similar contract),</p></item><item><p>expenses concerned with the physical and material security of persons and property, in particular contracts for the guarding of buildings, contracts for the maintenance of security installations and the purchase of minor items of equipment (before contracts for an amount in excess of EUR 300 000 are renewed or concluded, and with a view to rationalising expenditure, the Publications Office must consult the Commission’s Offices for Infrastructure and Logistics with regard to the conditions (price, currency chosen, indexing, duration, other clauses) obtained by each of them for a similar contract),</p></item><item><p>expenses concerned with the health and safety of individuals at work, in particular the purchase, hire and maintenance of fire-fighting equipment, the replacement of equipment for fire pickets and statutory inspection costs (before contracts for an amount in excess of EUR 300 000 are renewed or concluded, and with a view to rationalising expenditure, the Publications Office must consult the Commission’s Offices for Infrastructure and Logistics with regard to the conditions (price, currency chosen, indexing, duration, other clauses) obtained by each of them for a similar contract),</p></item><item><p>the cost of financial and technical consultancy fees prior to the acquisition, rental or construction of buildings,</p></item><item><p>other expenditure on buildings, in particular management fees for multiple-tenanted buildings, costs of surveys of premises and charges for utilities (street cleaning and maintenance, refuse collection, etc.),</p></item><item><p>technical assistance fees relating to major refurbishment work on premises,</p></item><item><p>purchase, hire or leasing, maintenance, repair, installation and renewal of technical equipment and installations,</p></item><item><p lang="en">purchase, hire, maintenance and repair of furniture,</p></item><item><p lang="en">purchase, hire, maintenance and repair of transport equipment,</p></item><item><p>various types of insurance (in particular third-party liability and insurance against theft),</p></item><item><list type="dash"><int.li><p lang="en">expenditure on working equipment, etc., including in particular:</p></int.li><item><p lang="en">
purchase of uniforms (mainly for messengers, drivers and catering staff),</p></item><item><p>purchase and cleaning of working clothes for workshop staff and staff required to do work for which protection is necessary against bad or cold weather, abnormal wear and dirt,</p></item><item><p lang="en">purchase or reimbursement of the cost of any equipment which might be necessary pursuant to Directives 89/391/EEC and 90/270/EEC,</p></item></list></item><item><p>departmental removals and reorganisations and handling (taking delivery, storing, delivering) in respect of equipment, furniture and office supplies,</p></item><item><p>expenditure on equipping buildings with telecommunications, notably purchase, hire, installation and maintenance of cabling, telephone switchboards and distributors, audio, videoconferencing, interphone and mobile phone systems, and expenditure on data networks (equipment and maintenance) and associated services (management, support, documentation, installation and removal),</p></item><item><p lang="en">the purchase, hire or leasing and maintenance of computers, terminals, servers, mini-computers, peripherals, connection devices and the necessary software, </p></item><item><p>the purchase, hire or leasing and maintenance of equipment relating to the reproduction and archiving of information in any form, e.g. printers, fax machines, photocopiers, scanners and microcopiers,</p></item><item><p>the purchase, hire or leasing of typewriters and word processors and any other electronic office equipment,</p></item><item><p>installation, configuration, maintenance, studies, documentation and supplies related to this equipment,</p></item><item><p lang="en">the cost of purchasing paper, envelopes, office supplies, etc.,</p></item><item><p lang="en">postal and delivery charges for mail, reports and publications, and for postal and other packages sent by air, land, sea or rail, and the Office’s internal mail,</p></item><item><p lang="en">subscription charges and the cost of cable or radio communications (land and mobile telephones, internet television, teleconferencing and videoconferencing), expenditure on data-transmission networks, telematic services, etc., and the purchase of directories,</p></item><item><p lang="en">establishing telephone and computer links and international transmission lines between sites of EU offices,</p></item><item><p>technical and logistical support and training and other general activities relating to computer hardware and software, general information-technology training, subscriptions to technical documentation in printed or electronic form, etc., outside operating personnel, office services, subscriptions to international organisations, etc., studies covering security aspects and quality control relating to information technology hardware and software, and utilisation, maintenance and software development costs, and undertaking of IT projects,</p></item><item><p>other operating expenditure not specifically provided for above.</p></item></list><p lang="en">This appropriation does not cover expenditure connected with the industrial activities of the distribution centre.</p><p lang="en">The amount of assigned revenue pursuant to Article 18(1)(e) to (j) of the Financial Regulation is estimated at EUR 52 000.</p></bud-remarks><bud-legal><p lang="en">Council Directive 89/391/EEC of 12 June 1989 on the introduction of measures to encourage improvements in the safety and health of workers at work (OJ L 183, 29.6.1989, p. 1).</p><p lang="en">Council Directive 90/270/EEC of 29 May 1990 on the minimum safety and health requirements for work with display-screen equipment (fifth individual Directive within the meaning of Article 16(1) of Directive 89/391/EEC) (OJ L 156, 21.6.1990, p. 14).</p><p lang="en">Council Regulation (EC, Euratom) No 1605/2002 of 25 June 2002 on the Financial Regulation applicable to the general budget of the European Communities (OJ L 248, 16.9.2002, p. 1).</p></bud-legal></nmc-article><nmc-article alias="A2 01 50" id="41262385764-15"><bud-heading><p>Personnel policy and management</p></bud-heading><bud-data exprev="exp"><amounts><amount catpol="5.0.1" year="n"><figure>525 000</figure></amount><amount catpol="5.0.1" year="nm1"><figure>565 000</figure></amount><amount catpol="5.0.1" year="nm2"><figure>
484 556,99</figure></amount></amounts></bud-data><bud-remarks><list type="dash"><int.li><p>This appropriation is intended to cover the following expenditure:</p></int.li><item><p lang="en">the contribution by the Publications Office to the costs of the recreation centre and to other cultural and sports activities in Luxembourg, and any initiatives designed to encourage social contact between staff of different nationalities,</p></item><item><p lang="en">the Office’s contribution to the cost of the Early Childhood Centre and other crèches and for transport of children,</p></item><item><list type="dash"><int.li><p lang="en">for the following categories of persons, as part of a policy to assist people with disabilities:</p></int.li><item><p>officials and temporary staff in active employment,</p></item><item><p>spouses of officials and temporary staff in active employment,</p></item><item><p lang="en">all dependent children within the meaning of the Staff Regulations of Officials of the European Communities.</p></item></list></item></list><p lang="en">It covers, within the limits of the amount entered in the budget and after any national entitlements granted in the country of residence or origin have been claimed, any duly substantiated non-medical expenditure which is acknowledged to be necessary and arises from disablement.</p><p>The amount of assigned revenue pursuant to Article 18(1)(e) to (j) of the Financial Regulation is estimated at EUR 100.</p></bud-remarks><bud-legal><p lang="en">Staff Regulations of Officials of the European Communities.</p><p lang="en">Conditions of Employment of Other Servants of the European Communities.</p></bud-legal></nmc-article><nmc-article alias="A2 01 51" id="41262385764-16"><bud-heading><p>Infrastructure policy and management</p></bud-heading><bud-data exprev="exp"><amounts><amount catpol="5.0.1" year="n"><figure>19 000</figure></amount><amount catpol="5.0.1" year="nm1"><figure>19 000</figure></amount><amount catpol="5.0.1" year="nm2"><figure>18 769,40</figure></amount></amounts></bud-data><bud-remarks><list type="dash"><int.li><p>This appropriation is intended to cover the following expenditure:</p></int.li><item><p>routine running and conversion costs for restaurants, cafeterias and canteens,</p></item><item><p>damages to be borne by the Office and those arising from third-party liability, and expenditure relating to certain cases where, for reasons of equity, compensation has to be paid without any legal claim whatsoever arising therefrom.</p></item></list><p>The amount of assigned revenue pursuant to Article 18(1)(e) to (j) of the Financial Regulation is estimated at EUR 100.</p></bud-remarks></nmc-article><nmc-article alias="A2 01 60" id="41262385764-17"><bud-heading><p>Documentation and library expenditure</p></bud-heading><bud-data exprev="exp"><amounts><amount catpol="5.0.1" year="n"><figure>15 000</figure></amount><amount catpol="5.0.1" year="nm1"><figure>32 000</figure></amount><amount catpol="5.0.1" year="nm2"><figure>9 600,—</figure></amount></amounts></bud-data><bud-remarks><list type="dash"><int.li><p>This appropriation is intended to cover the following expenditure:</p></int.li><item><p lang="en">subscriptions to view data services, subscriptions to newspapers, specialist periodicals, purchase of publications and technical works connected with the Office’s activities,</p></item><item><p lang="en">the costs of subscriptions to press agencies (wire services and press and information bulletins).</p></item></list><p>The amount of assigned revenue pursuant to Article 18(1)(e) to (j) of the Financial Regulation is estimated at EUR 100.</p></bud-remarks></nmc-article></nmc-chapter><nmc-chapter alias="A2 02" id="NOM-1052328434204-11"><bud-heading><p lang="en">SPECIFIC ACTIVITIES</p></bud-heading><bud-data exprev="exp" tot="tot"/><nmc-article alias="A2 02 01" id="NOM-1052328447824-12"><bud-heading><p lang="en">EU Bookshop</p></bud-heading><bud-data exprev="exp" tot="tot"/><nmc-item alias="A2 02 01 01" id="NOM-1052328467332-13"><bud-heading><p lang="en">EU Bookshop</p></bud-heading><bud-data exprev="exp"><amounts><amount catpol="5.0.1" year="n"><figure>970 000</figure></amount><amount catpol="5.0.1" year="nm1"><figure>970 000</figure></amount><amount catpol="5.0.1" year="nm2"><figure>2 442 525,11</figure></amount></amounts></bud-data><bud-remarks><list type="dash"><int.li><p lang="en">This appropriation is intended to cover all expenditure relating to the <qt>EU Bookshop</qt> activity including:</p></int.li><item><p lang="en">cataloguing, comprising the costs of documentary analysis, indexing, and the drafting, input and checking of the bibliographical notices required for building up databases listing the European Union’s publications,</p></item><item><p lang="en">annual subscriptions to international agencies in the field of cataloguing (ISBN etc.),</p></item><item><p lang="en">development and maintenance of the application,</p></item><item><p lang="en">expenditure on digitisation (equipment and contract work) and archiving of old publications.</p></item></list><p lang="en">The amount of assigned revenue pursuant to Article 18(1)(e) to (j) of the Financial Regulation is estimated at EUR 100.</p></bud-remarks><bud-legal><p lang="en">Decision 2009/496/EC/Euratom of the European Parliament, the Council, the Commission, the Court of Justice, the Court of Auditors, the European Economic and Social Committee and the Committee of the Regions of 26 June 2009 on the organisation and operation of the Publications Office of the European Union (OJ L 168, 30.6.2009, p. 41).</p></bud-legal></nmc-item></nmc-article><nmc-article alias="A2 02 02" id="NOM-1052328484276-14"><bud-heading><p>Official Journal: L and C series</p></bud-heading><bud-data exprev="exp" tot="tot"/><nmc-item alias="A2 02 02 01" id="NOM-1052328492578-15"><bud-heading><p>Official Journal: L and C series</p></bud-heading><bud-data exprev="exp"><amounts><amount catpol="5.0.1" year="n"><figure>20 000</figure></amount><amount catpol="5.0.1" year="nm1"><figure>20 000</figure></amount><amount catpol="5.0.1" year="nm2"><figure>21 508,35</figure></amount></amounts></bud-data><bud-remarks><p lang="en">This appropriation is intended to cover all expenditure relating to the <qt>Official Journal L and C</qt> activity, in particular the cost of binding and other expenditure necessary for the preservation of books and publications, in particular the <ft type="ht">Official Journal of the European Union</ft>.</p></bud-remarks><bud-legal><p lang="en">Decision 2009/496/EC/Euratom of the European Parliament, the Council, the Commission, the Court of Justice, the Court of Auditors, the European Economic and Social Committee and the Committee of the Regions of 26 June 2009 on the organisation and operation of the Publications Office of the European Union (OJ L 168, 30.6.2009, p. 41).</p></bud-legal></nmc-item></nmc-article><nmc-article alias="A2 02 03" id="NOM-1052328508551-16"><bud-heading><p>Legal databases</p></bud-heading><bud-data exprev="exp" tot="tot"/><nmc-item alias="A2 02 03 01" id="NOM-1052328516973-17"><bud-heading><p>Legal databases</p></bud-heading><bud-data exprev="exp"><amounts><amount catpol="5.0.1" year="n"><figure>3 500 000</figure></amount><amount catpol="5.0.1" year="nm1"><figure>2 500 000</figure></amount><amount catpol="5.0.1" year="nm2"><figure>2 368 399,11</figure></amount></amounts></bud-data><bud-remarks><p lang="en">This appropriation is intended to cover all expenditure relating to the <qt>Legal databases</qt> activity, including all expenditure on the construction and dissemination of the Eur-Lex database, in particular the costs of document analysis, data input, the creation and operation of IT systems, the writing and production of documentation for users in all linguistic versions and the design and production of derived products and related electronic services other than those linked to the Official Journal.</p><p lang="en">The amount of assigned revenue pursuant to Article 18(1)(e) to (j) of the Financial Regulation is estimated at EUR 300 000.</p></bud-remarks><bud-legal><p lang="en">Council Resolution of 26 November 1974 on the automation of legal documentation (OJ C 20, 28.1.1975, p. 2).</p><p lang="en">Council Resolution of 13 November 1991 on the reorganisation of the operating structures of the CELEX system (automated documentation on Community law) (OJ C 308, 28.11.1991, p. 2).</p><p lang="en">Council Resolution of 20 June 1994 on the electronic dissemination of Community law and national implementing laws and on improved access conditions (OJ C 179, 1.7.1994, p. 3). </p><p lang="en">Decision 2009/496/EC/Euratom of the European Parliament, the Council, the Commission, the Court of Justice, the Court of Auditors, the European Economic and Social Committee and the Committee of the Regions of 26 June 2009 on the organisation and operation of the Publications Office of the European Union (OJ L 168, 30.6.2009, p. 41).</p></bud-legal></nmc-item></nmc-article><nmc-article alias="A2 02 04" id="NOM-1052328540537-18"><bud-heading><p lang="en">Multimedia tools</p></bud-heading><bud-data exprev="exp" tot="tot"/><nmc-item alias="A2 02 04 01" id="NOM-1052328548699-19"><bud-heading><p lang="en">Multimedia tools</p></bud-heading><bud-data exprev="exp"><amounts><amount catpol="5.0.1" year="n"><figure>400 000</figure></amount><amount catpol="5.0.1" year="nm1"><figure>477 000</figure></amount><amount catpol="5.0.1" year="nm2"><figure>599 435,91</figure></amount></amounts></bud-data><bud-remarks><list type="dash"><int.li><p lang="en">This appropriation is intended to cover all expenditure relating to the <qt>Multimedia tools</qt> activity, in particular:</p></int.li><item><p lang="en">the cost of designing and producing tools for all the institutions to assist with the production and updating of multimedia products and collaborative tools, including CD-ROMs, Internet sites, etc., and the development of standards, the production of related guides and assistance with implementation,</p></item><item><p lang="en">the support that the Office offers the institutions, agencies and other bodies involved in electronic publishing, particularly expenditure connected with studies and prototypes of common services and their implementation, management, support and promotion.</p></item></list><p lang="en">The appropriation is intended in part to cover migration to these common services. Depending on the specific features of the request, the institutions may contribute to the financing of this work.</p><p lang="en">The amount of assigned revenue pursuant to Article 18(1)(e) to (j) of the Financial Regulation is estimated at EUR 100.</p></bud-remarks><bud-legal><p lang="en">Decision 2009/496/EC/Euratom of the European Parliament, the Council, the Commission, the Court of Justice, the Court of Auditors, the European Economic and Social Committee and the Committee of the Regions of 26 June 2009 on the organisation and operation of the Publications Office of the European Union (OJ L 168, 30.6.2009, p. 41).</p></bud-legal></nmc-item></nmc-article><nmc-article alias="A2 02 05" id="NOM-1052328567676-20"><bud-heading><p lang="en">Publications</p></bud-heading><bud-data exprev="exp" tot="tot"/><nmc-item alias="A2 02 05 01" id="NOM-1052328576419-21"><bud-heading><p lang="en">Publications</p></bud-heading><bud-data exprev="exp"><amounts><amount catpol="5.0.1" year="n"><figure>770 000</figure></amount><amount catpol="5.0.1" year="nm1"><figure>770 000</figure></amount><amount catpol="5.0.1" year="nm2"><figure>2 141 393,17</figure></amount></amounts></bud-data><bud-remarks><list type="dash"><int.li><p lang="en">This appropriation is intended to cover all expenditure relating to the <qt>Publications</qt> activity, in particular:</p></int.li><item><p lang="en">the purchase or rental of equipment and infrastructure for the reproduction and archiving of documents in all forms (paper, electronic media), including the cost of paper and other consumables,</p></item><item><p lang="en">expenditure on the production of publications, including information material for the Publishers’ Forum and co-publishing,</p></item><item><p lang="en">the cost of reprinting publications and correcting errors for which the Office bears responsibility.</p></item></list><p lang="en">The amount of assigned revenue pursuant to Article 18(1)(e) to (j) of the Financial Regulation is estimated at EUR 1 400 000.</p></bud-remarks><bud-legal><p lang="en">Decision 2009/496/EC/Euratom of the European Parliament, the Council, the Commission, the Court of Justice, the Court of Auditors, the European Economic and Social Committee and the Committee of the Regions of 26 June 2009 on the organisation and operation of the Publications Office of the European Union (OJ L 168, 30.6.2009, p. 41).</p></bud-legal></nmc-item></nmc-article><nmc-article alias="A2 02 06" id="NOM-1052328590979-22"><bud-heading><p lang="en">Dissemination</p></bud-heading><bud-data exprev="exp" tot="tot"/><nmc-item alias="A2 02 06 01" id="NOM-1052328599472-23"><bud-heading><p lang="en">Dissemination</p></bud-heading><bud-data exprev="exp"><amounts><amount catpol="5.0.1" year="n"><figure>5 000 000</figure></amount><amount catpol="5.0.1" year="nm1"><figure>5 781 000</figure></amount><amount catpol="5.0.1" year="nm2"><figure>11 635 546,44</figure></amount></amounts></bud-data><bud-remarks><list type="dash"><int.li><p lang="en">This appropriation is intended to cover all expenditure relating to <qt>dissemination activity</qt>, in particular:</p></int.li><item><p>the cost of storing publications (placing in storage, entries/removals, various services, etc.),</p></item><item><p>the cost of packaging and addressing (machines, installations, consumables, handling, etc.),</p></item><item><p lang="en">dispatch costs (mailing, transport, shuttles, etc.),</p></item><item><p lang="en">shipping costs for individual free publications ordered online from the Office by citizens,</p></item><item><p lang="en">dissemination (free of charge and against payment) by electronic means: publication on demand (POD), reprints, etc.,</p></item><item><p>the cost of acquisition and management of address lists (production, input/coding, updating, etc.),</p></item><item><p lang="en">promotion and marketing costs (exhibitions, catalogues, prospectuses, advertising, market studies, etc.) of publications and online services,</p></item><item><p>the cost of providing the public and customers with information and assistance in connection with products (all media) disseminated by the Publications Office,</p></item><item><p>special equipment for libraries (card indexes, shelving, furniture, catalogue units, etc.).</p></item></list><p>This appropriation does not cover postal charges for administrative correspondence.</p><p lang="en">The amount of assigned revenue pursuant to Article 18(1)(e) to (j) of the Financial Regulation is estimated at EUR 7 000 000.</p></bud-remarks><bud-legal><p lang="en">Decision 2009/496/EC/Euratom of the European Parliament, the Council, the Commission, the Court of Justice, the Court of Auditors, the European Economic and Social Committee and the Committee of the Regions of 26 June 2009 on the organisation and operation of the Publications Office of the European Union (OJ L 168, 30.6.2009, p. 41).</p></bud-legal></nmc-item></nmc-article></nmc-chapter><nmc-chapter alias="A2 10" id="NOM-1052328616226-24"><bud-heading><p>RESERVES</p></bud-heading><bud-data exprev="exp" tot="tot"/><nmc-article alias="A2 10 01" id="NOM-1052328628714-25"><bud-heading><p>Provisional appropriations</p></bud-heading><bud-data exprev="exp"><amounts><amount catpol="5.0.1" year="n"><figure>p.m.</figure></amount><amount catpol="5.0.1" year="nm1"><figure>—</figure></amount><amount catpol="5.0.1" year="nm2"><figure>0,—</figure></amount></amounts></bud-data><bud-remarks><p lang="en">The appropriations entered in this article are purely provisional and may be used only after transfer to other budget heading in accordance with the Financial Regulation.</p></bud-remarks><bud-legal><p lang="en">Council Regulation (EC, Euratom) No 1605/2002 of 25 June 2002 on the Financial Regulation applicable to the general budget of the European Communities (OJ L 248, 16.9.2002, p. 1).</p></bud-legal></nmc-article><nmc-article alias="A2 10 02" id="NOM-1052328635844-26"><bud-heading><p>Contingency reserve</p></bud-heading><bud-data exprev="exp"><amounts><amount catpol="5.0.1" year="n"><figure>p.m.</figure></amount><amount catpol="5.0.1" year="nm1"><figure>—</figure></amount><amount catpol="5.0.1" year="nm2"><figure>0,—</figure></amount></amounts></bud-data></nmc-article></nmc-chapter></nmc-title></nmc-expenditure></nmc-annex>