<?xml version="1.0" encoding="UTF-8"?>
<nmc-annex alias="COM-A-IV" id="AP20035609"><bud-heading><p lang="en">European Personnel Selection Office</p></bud-heading><nmc-revenue alias="COM-A-IV R" id="AP20035610"><bud-heading><p lang="en">Revenue</p></bud-heading><bud-data exprev="rev" tot="tot"/><nmc-title alias="A-IV 4" id="AP20035611"><bud-heading><p lang="en">MISCELLANEOUS UNION TAXES, LEVIES AND DUES</p></bud-heading><bud-data exprev="rev" tot="tot"/><nmc-chapter alias="A-IV 4 0" id="AP20035612"><bud-heading><p>DEDUCTIONS FROM REMUNERATION</p></bud-heading><bud-data exprev="rev" tot="tot"/><nmc-article alias="A-IV 4 0 0" id="AP20035613"><bud-heading><p>Proceeds of the tax on the salaries, wages and allowances of officials and other servants</p></bud-heading><bud-data exprev="rev"><amounts><amount year="n"><figure>588 000</figure></amount><amount year="nm1"><figure>547 000</figure></amount><amount year="nm2"><figure>525 000,—</figure></amount></amounts></bud-data><bud-remarks><p>This revenue comprises all the proceeds of the tax on the salaries, wages and allowances of officials and other servants deducted monthly from the salaries of the staff of the Office.</p></bud-remarks><bud-legal><p lang="en">Staff Regulations of Officials of the European Communities.</p><p lang="en">Conditions of Employment of Other Servants of the European Communities.</p><p lang="en">Council Regulation (EEC, Euratom, ECSC) No 260/68 of 29 February 1968 laying down the conditions and procedure for applying the tax for the benefit of the European Communities (OJ L 56, 4.3.1968, p. 8).</p></bud-legal><bud-reference><p lang="en">Protocol on the privileges and immunities of the European Union, and in particular Article 12 thereof.</p></bud-reference></nmc-article><nmc-article alias="A-IV 4 0 3" id="AP20035615"><bud-heading><p lang="en">Proceeds of the temporary contribution from the salaries of Members of the institutions, officials and other servants in active employment</p></bud-heading><bud-data exprev="rev"><amounts><amount year="n"><figure>p.m.</figure></amount><amount year="nm1"><figure>p.m.</figure></amount><amount year="nm2"><figure>p.m.</figure></amount></amounts></bud-data><bud-remarks><p>This revenue comprises all the proceeds of the temporary contribution from the remuneration of officials and other servants in active employment deducted from the salaries of the staff of the Office.</p></bud-remarks><bud-legal><p lang="en">Staff Regulations of Officials of the European Communities.</p><p lang="en">Conditions of Employment of Other Servants of the European Communities. </p></bud-legal></nmc-article><nmc-article alias="A-IV 4 0 4" id="NEW560075"><bud-heading><p lang="en">Proceeds from the special levy on the salaries of Members of the institutions, officials and other servants in active employment</p></bud-heading><bud-data exprev="rev"><amounts><amount year="n"><figure>100 000</figure></amount><amount year="nm1"><figure>82 000</figure></amount><amount year="nm2"><figure>69 000,—</figure></amount></amounts></bud-data><bud-remarks/><bud-legal><p lang="en">Staff Regulations of Officials of the European Communities.</p><p lang="en">Conditions of Employment of Other Servants of the European Communities.</p></bud-legal></nmc-article></nmc-chapter><nmc-chapter alias="A-IV 4 1" id="41331140413-0"><bud-heading><p>CONTRIBUTIONS TO THE PENSION SCHEME</p></bud-heading><bud-data exprev="rev" tot="tot"/><nmc-article alias="A-IV 4 1 0" id="41331140423-1"><bud-heading><p>Staff contributions to the pension scheme</p></bud-heading><bud-data exprev="rev"><amounts><amount year="n"><figure>1 142 000</figure></amount><amount year="nm1"><figure>802 000</figure></amount><amount year="nm2"><figure>817 000,—</figure></amount></amounts></bud-data><bud-remarks><p lang="en">This revenue comprises all the contributions deducted monthly from the salaries of the staff of the Office, in accordance with the Staff Regulations and used to finance the pension scheme.</p></bud-remarks><bud-legal><p lang="en">Staff Regulations of Officials of the European Communities.</p><p lang="en">Conditions of Employment of Other Servants of the European Communities. </p></bud-legal></nmc-article></nmc-chapter></nmc-title><nmc-title alias="A-IV 6" id="41331450598-0"><bud-heading><p lang="en">CONTRIBUTIONS TO EU/COMMUNITY PROGRAMMES, REPAYMENT OF EXPENDITURE AND REVENUE</p></bud-heading><bud-data exprev="rev" tot="tot"/><nmc-chapter alias="A-IV 6 6" id="41331450636-1"><bud-heading><p>OTHER CONTRIBUTIONS AND REFUNDS</p></bud-heading><bud-data exprev="rev" tot="tot"/><nmc-article alias="A-IV 6 6 0" id="41331450671-2"><bud-heading><p>Other contributions and refunds</p></bud-heading><bud-data exprev="rev" tot="tot"/><nmc-item alias="A-IV 6 6 0 0" id="41331450700-3"><bud-heading><p>Other contributions and refunds</p></bud-heading><bud-data exprev="rev"><amounts><amount year="n"><figure>p.m.</figure></amount><amount year="nm1"><figure>p.m.</figure></amount><amount year="nm2"><figure>0,—</figure></amount></amounts></bud-data><bud-remarks><p lang="en">This item is intended to receive, in accordance with Article 18 of the Financial Regulation, any revenue not provided for in other parts of Title 6 which is used to provide additional appropriations to finance expenditure to which this revenue is assigned.</p></bud-remarks></nmc-item></nmc-article></nmc-chapter></nmc-title></nmc-revenue><nmc-expenditure alias="COM-A-IV E" id="AP20035616"><bud-heading><p lang="en">Expenditure</p></bud-heading><bud-data exprev="exp" tot="tot"/><nmc-title alias="A4" id="NOM-1052147092988-0"><bud-heading><p>EUROPEAN PERSONNEL SELECTION OFFICE</p></bud-heading><bud-data exprev="exp" tot="tot"/><nmc-chapter alias="A4 01" id="41270002149-13"><bud-heading><p>ADMINISTRATIVE EXPENDITURE</p></bud-heading><bud-data exprev="exp" tot="tot"/><nmc-article alias="A4 01 01" id="41270002149-14"><bud-heading><p>Expenditure related to staff in active employment</p></bud-heading><bud-data exprev="exp"><amounts><amount catpol="5.0.1" year="n"><figure>9 914 000</figure></amount><amount catpol="5.0.1" year="nm1"><figure>8 505 000</figure></amount><amount catpol="5.0.1" year="nm2"><figure>7 820 161,61</figure></amount></amounts></bud-data><bud-remarks><list type="dash"><int.li><p lang="en">This appropriation is intended to cover, for officials and temporary staff holding posts on the establishment plan:</p></int.li><item><p>salaries, allowances and payments related to salaries,</p></item><item><p>accident and sickness insurance and other social security charges,</p></item><item><p>unemployment insurance for temporary staff and payments to constitute or maintain pension rights for them in their country of origin,</p></item><item><p>miscellaneous allowances and grants,</p></item><item><p>the cost of weightings applied to the remuneration of officials and temporary staff and the cost of weightings applied to the part of emoluments transferred to a country other than the country of employment,</p></item><item><p>travel expenses due to officials and temporary staff (including their families) on taking up duty, leaving the institution or transfer to another place of employment,</p></item><item><p>installation and resettlement allowances due to officials and temporary staff obliged to change their place of residence on taking up duty, on transfer to a new place of employment and on finally leaving the service and resettling elsewhere,</p></item><item><p>removal expenses due to officials and temporary staff obliged to change their place of residence on taking up duty, on transfer to a new place of employment and on finally leaving the service and resettling elsewhere,</p></item><item><p lang="en">the cost of any adjustments to remunerations approved by the Council during the financial year,</p></item><item><p lang="en">the flat-rate allowances and payments at hourly rates for overtime worked by officials in category AST and by local staff who could not be given compensatory leave in accordance with the procedures laid down,</p></item><item><p>daily subsistence allowance for officials and temporary staff who furnish evidence that they must change their place of residence on taking up duty or transferring to a new place of employment,</p></item><item><p lang="en">supplementary expenses arising from the secondment of Union officials, i.e. to pay the allowances and reimburse the expenditure to which secondment entitles them. It is also intended to cover costs relating to special training schemes with authorities and bodies in the Member States and non-member countries.</p></item></list></bud-remarks><bud-legal><p lang="en">Staff Regulations of Officials of the European Communities.</p><p lang="en">Conditions of Employment of Other Servants of the European Communities.</p><p lang="en">Council Regulation (EC, Euratom) No 1605/2002 of 25 June 2002 on the Financial Regulation applicable to the general budget of the European Communities (OJ L 248, 16.9.2002, p. 1).</p></bud-legal></nmc-article><nmc-article alias="A4 01 02" id="41270002149-15"><bud-heading><p>External staff and other management expenditure</p></bud-heading><bud-data exprev="exp" tot="tot"/><nmc-item alias="A4 01 02 01" id="41270002228-23"><bud-heading><p lang="en">External staff</p></bud-heading><bud-data exprev="exp"><amounts><amount catpol="5.0.1" year="n"><figure>1 394 000</figure></amount><amount catpol="5.0.1" year="nm1"><figure>1 624 000</figure></amount><amount catpol="5.0.1" year="nm2"><figure>1 275 139,61</figure></amount></amounts></bud-data><bud-remarks><list type="dash"><int.li><p>This appropriation is intended to cover:</p></int.li><item><p lang="en">the remuneration of contract staff (within the meaning of Title IV of the Conditions of Employment), the institution’s social insurance scheme covering contract staff, as described in Title IV, and the cost of weightings applicable to the remuneration of such staff,</p></item><item><p lang="en">expenditure incurred (remuneration, insurance, etc.) through the use of private-law contract external staff and agency staff,</p></item><item><p lang="en">personnel costs included in service contracts for technical and administrative subcontracting, supplementary assistance and the supply of intellectual services, </p></item><item><p>the cost of national civil servants or other experts on secondment or temporary assignments to the Office and supplementary expenses arising from the secondment of officials to national civil services or international organisations,</p></item><item><p lang="en">the cost of any adjustments to remuneration approved by the Council during the financial year,</p></item><item><p lang="en">the services of freelance translators and linguists and typing or other work outsourced by the translation service.</p></item></list></bud-remarks><bud-legal><p lang="en">Staff Regulations of Officials of the European Communities.</p><p lang="en">Conditions of Employment of Other Servants of the European Communities.</p><p>Rules governing designation and remuneration and other financial conditions adopted by the Commission.</p><p lang="en">Council Regulation (EC, Euratom) No 1605/2002 of 25 June 2002 on the Financial Regulation applicable to the general budget of the European Communities (OJ L 248, 16.9.2002, p. 1).</p></bud-legal></nmc-item><nmc-item alias="A4 01 02 11" id="41270002236-25"><bud-heading><p>Other management expenditure</p></bud-heading><bud-data exprev="exp"><amounts><amount catpol="5.0.1" year="n"><figure>1 271 000</figure></amount><amount catpol="5.0.1" year="nm1"><figure>1 557 000</figure></amount><amount catpol="5.0.1" year="nm2"><figure>1 102 469,56</figure></amount></amounts></bud-data><bud-remarks><list type="dash"><int.li><p>This appropriation is intended to cover:</p></int.li><item><p>travel expenses, daily subsistence allowances and additional or exceptional expenditure incurred in connection with missions by staff covered by the Staff Regulations and by national or international experts or officials on secondment,</p></item><item><p>reimbursement of costs incurred by persons officially representing the Office (reimbursement is not possible for expenses incurred in the performance of representation duties vis-à-vis staff of the Commission or other European institutions),</p></item><item><p>travel, subsistence and incidental expenses of experts participating in study groups and working parties, and the cost of organising such meetings where they are not covered by the existing infrastructure in the headquarters of the institutions or external offices (experts are reimbursed on the basis of decisions made by the Commission),</p></item><item><p>miscellaneous expenditure relating to conferences, congresses and meetings in which the Office participates,</p></item><item><list type="dash"><int.li><p lang="en">expenditure on training for improving staff skills and the performance and efficiency of the Office:</p></int.li><item><p>fees for experts employed to identify training needs, design, develop and hold courses and evaluate and monitor results,</p></item><item><p>fees for consultants in various fields, in particular organisational methods, management, strategy, quality and personnel management,</p></item><item><p>the cost of attending external training and of joining the relevant professional organisations,</p></item></list></item><item><p lang="en">expenditure related to the practical aspects of organising courses, the use of premises, transport, meals and accommodation for participants of residential courses,</p></item><item><p>training expenditure related to publications and information, associated Internet sites and the purchase of teaching equipment, subscriptions and licences for distance teaching, books, press and multimedia products,</p></item><item><p>financing of teaching aids,</p></item><item><p lang="en">the social security contributions, travel expenses and subsistence allowances of freelance and other non-permanent interpreters called in by the DG Interpretation to service meetings organised by the Office which cannot be serviced by Commission interpreters (officials or temporary staff).</p></item></list></bud-remarks><bud-legal><p lang="en">Staff Regulations of Officials of the European Communities.</p><p lang="en">Conditions of Employment of Other Servants of the European Communities.</p><p>Rules governing designation and remuneration and other financial conditions adopted by the Commission.</p></bud-legal></nmc-item></nmc-article><nmc-article alias="A4 01 03" id="41270002149-16"><bud-heading><p>Buildings and related expenditure</p></bud-heading><bud-data exprev="exp"><amounts><amount catpol="5.0.1" year="n"><figure>6 383 000</figure></amount><amount catpol="5.0.1" year="nm1"><figure>4 705 000</figure></amount><amount catpol="5.0.1" year="nm2"><figure>4 382 768,47</figure></amount></amounts></bud-data><bud-remarks><list type="dash"><int.li><p>This appropriation is intended to cover expenditure linked to the building of the Office and other related costs, including:</p></int.li><item><p>the payment of rents and leasing charges relating to occupied buildings or parts of buildings, and the hire of conference rooms, storerooms, garages and parking facilities,</p></item><item><p>the payment of insurance premiums on the buildings or parts of buildings occupied by the Office,</p></item><item><p>water, gas, electricity and heating charges in respect of the buildings or parts of buildings occupied by the Office,</p></item><item><p lang="en">maintenance costs, calculated on the basis of current contracts, for premises, lifts, central heating, air conditioning equipment, etc.; the expenditure is occasioned by regular cleaning operations, the purchase of maintenance, washing, laundry and dry-cleaning products, etc., and by repainting, repairs and supplies used by the maintenance shops,</p></item><item><p>expenditure on the selective treatment, storage and removal of waste,</p></item><item><p>the refurbishment of buildings, e.g. alterations to partitioning, alterations to technical installations and other specialist work on locks, electrical equipment, plumbing, painting, floor coverings, etc., and the cost of changes to the cabling associated with fixtures, and the cost of the necessary equipment (before contracts for an amount in excess of EUR 300 000 are renewed or concluded, and with a view to rationalising expenditure, the Office must consult the other institutions with regard to the conditions (price, currency chosen, indexing, duration, other clauses) obtained by each of them for a similar contract),</p></item><item><p lang="en">expenses concerning the physical and material security of persons and property, in particular contracts for the guarding of buildings, contracts for the maintenance of security installations and the purchase of minor items of equipment (before contracts for an amount in excess of EUR 300 000 are renewed or concluded, and with a view to rationalising expenditure, the Office must consult the other institutions with regard to the conditions (price, currency chosen, indexing, duration, other clauses) obtained by each of them for a similar contract),</p></item><item><p lang="en">expenses concerning the health and safety of individuals at work, in particular the purchase, hire and maintenance of fire-fighting equipment, the replacement of equipment for fire pickets and statutory inspection costs (before contracts for an amount in excess of EUR 300 000 are renewed or concluded, and with a view to rationalising expenditure, the Office must consult the other institutions with regard to the conditions (price, currency chosen, indexing, duration, other clauses) obtained by each of them for a similar contract),</p></item><item><p>the cost of legal, financial and technical consultancy fees prior to the acquisition, rental or construction of buildings,</p></item><item><p lang="en">other expenditure on buildings, in particular management fees for multiple-tenanted buildings, costs of surveys of premises and charges for utilities (refuse collection, etc.),</p></item><item><p>technical assistance fees relating to major refurbishment work on premises,</p></item><item><list type="dash"><int.li><p>the purchase, hire or leasing, maintenance, repair, installation and renewal of technical equipment and installations, and in particular:</p></int.li><item><p>equipment (including photocopiers) for producing, reproducing and archiving documents in any form (paper, electronic media),</p></item><item><p>audiovisual, library and interpreting equipment (booths, headsets and switching units for simultaneous interpreting facilities, etc.),</p></item><item><p>kitchen fittings and restaurant equipment,</p></item><item><p>various tools for building-maintenance shops,</p></item><item><p lang="en">facilities required for officials with disabilities,</p></item></list></item></list><list type="dash"><int.li><p lang="en">as well as studies, documentation and training relating to such equipment,</p></int.li><item><list type="dash"><int.li><p>the purchase, hire, maintenance and repair of furniture, and in particular:</p></int.li><item><p>the purchase of office furniture and specialised furniture, including ergonomic furniture, shelving for archives, etc.,</p></item><item><p>the replacement of worn-out and broken furniture,</p></item><item><p>supplies of special equipment for libraries (card indexes, shelving, catalogue units, etc.),</p></item><item><p>fittings specific to canteens and restaurants,</p></item><item><p>the hire of furniture,</p></item><item><p>furniture maintenance and repair costs,</p></item></list></item><item><list type="dash"><int.li><p>the purchase, hire, maintenance and repair of vehicles, and in particular:</p></int.li><item><p>new purchases of vehicles,</p></item><item><p>the replacement of vehicles which, during the year, reach a total mileage such as to justify replacement,</p></item><item><p>the cost of hiring cars for short or long periods when demand exceeds the capacity of the vehicle fleet,</p></item><item><p>the cost of maintaining, repairing and insuring official vehicles (fuel, lubricants, tyres, inner tubes, miscellaneous supplies, spare parts, tools, etc.),</p></item><item><p>various types of insurance (in particular third-party and theft),</p></item></list></item><item><list type="dash"><int.li><p>expenditure on working equipment, and in particular:</p></int.li><item><p>purchase of uniforms for floor messengers and drivers,</p></item><item><p>purchase and cleaning of working clothes for workshop staff and staff required to do work for which protection is necessary against bad or cold weather, abnormal wear and dirt,</p></item><item><p>purchase or reimbursement of any equipment which might be necessary pursuant to Directives 89/391/EEC and 90/270/EEC,</p></item></list></item><item><p>departmental removals and reorganisations and handling (taking delivery, storing, delivering) in respect of equipment, furniture and office supplies,</p></item><item><p>expenditure on equipping buildings with telecommunications, notably purchase, hire, installation and maintenance of telephone switchboards and distributors, audio, videoconferencing, interphone and mobile phone systems, and expenditure on data networks (equipment and maintenance) and associated services (management, support, documentation, installation and removal),</p></item><item><p>the purchase, hire or leasing and maintenance of computers, terminals, mini-computers, peripherals, connection devices and the necessary software, </p></item><item><p lang="en">the purchase, hire or leasing and maintenance of equipment relating to the reproduction of information in printed form, e.g. printers, fax machines, photocopiers, scanners and microcopiers,</p></item><item><p lang="en">the purchase, hire or leasing of typewriters and word processors and any other electronic office equipment,</p></item><item><p>installation, configuration, maintenance, studies, documentation and supplies related to this equipment,</p></item><item><p>the cost of purchasing paper, envelopes, office supplies and supplies for the print shops, and of some printing carried out by outside service providers,</p></item><item><p>postal and delivery charges for mail, reports and publications, and for postal and other packages sent by air, land, sea or rail, and the Office's internal mail,</p></item><item><p lang="en">subscription charges and the cost of cable or radio communications (land and mobile telephones, television, teleconferencing and videoconferencing), expenditure on data-transmission networks, telematic services, etc., and the purchase of directories,</p></item><item><p lang="en">interbuilding telephone and computer links and international transmission lines between sites of Union offices,</p></item><item><p>technical and logistical support and training and other general activities relating to computer hardware and software, general information-technology training, subscriptions to technical documentation in printed or electronic form, etc., outside operating personnel, office services, subscriptions to international organisations, etc., studies covering security aspects and quality control relating to information technology hardware and software, and utilisation, maintenance and software development costs, and undertaking of IT projects.</p></item></list><p>This appropriation also covers other operating expenditure not specifically provided for above, such as conference enrolment fees (excluding training expenses), subscriptions to trade and scientific associations, the cost of entries in telephone directories.</p><p lang="en">Before contracts for an amount in excess of EUR 300 000 are renewed or concluded, and with a view to rationalising expenditure, the Office must consult the other institutions with regard to the conditions (price, currency chosen, indexing, duration, other clauses) obtained by each of them for a similar contract.</p></bud-remarks><bud-legal><p lang="en">Council Directive 89/391/EEC of 12 June 1989 on the introduction of measures to encourage improvements in the safety and health of workers at work (OJ L 183, 29.6.1989, p. 1). </p><p lang="en">Council Directive 90/270/EEC of 29 May 1990 on the minimum safety and health requirements for work with display-screen equipment (fifth individual Directive within the meaning of Article 16(1) of Directive 89/391/EEC) (OJ L 156, 21.6.1990, p. 14).</p><p lang="en">Council Regulation (EC, Euratom) No 1605/2002 of 25 June 2002 on the Financial Regulation applicable to the general budget of the European Communities (OJ L 248, 16.9.2002, p. 1).</p></bud-legal></nmc-article><nmc-article alias="A4 01 50" id="41270002149-19"><bud-heading><p>Personnel policy and management</p></bud-heading><bud-data exprev="exp"><amounts><amount catpol="5.0.1" year="n"><figure>p.m.</figure></amount><amount catpol="5.0.1" year="nm1"><figure>p.m.</figure></amount><amount year="nm2"><figure/></amount></amounts></bud-data><bud-remarks><list type="dash"><int.li><p>This appropriation is intended to cover:</p></int.li><item><p>assistance in kind which may be provided to an official, a former official or survivors of a deceased official who is/are in particularly difficult circumstances,</p></item><item><p>the Office's contribution to the costs of the recreation centre and to other cultural and sports activities and initiatives to promote social contact between staff of different nationalities,</p></item><item><p lang="en">the Office's contribution to the cost of the Early Childhood Centre and other crèches and for school transport,</p></item><item><list type="dash"><int.li><p lang="en">expenditure for the following categories of persons, as part of a policy to assist people with disabilities:</p></int.li><item><p>officials and temporary staff in active employment,</p></item><item><p>spouses of officials and temporary staff in active employment,</p></item><item><p lang="en">all dependent children within the meaning of the Staff Regulations of Officials of the European Communities.</p></item></list></item></list><p>It covers, within the limits of the amount entered in the budget and after any national entitlements granted in the country of residence or origin have been claimed, any duly substantiated non-medical expenditure which is acknowledged to be necessary and arises from disablement.</p></bud-remarks><bud-legal><p lang="en">Staff Regulations of Officials of the European Communities.</p></bud-legal></nmc-article><nmc-article alias="A4 01 51" id="41270002149-20"><bud-heading><p>Infrastructure policy and management</p></bud-heading><bud-data exprev="exp"><amounts><amount catpol="5.0.1" year="n"><figure>p.m.</figure></amount><amount catpol="5.0.1" year="nm1"><figure>p.m.</figure></amount><amount year="nm2"><figure/></amount></amounts></bud-data><bud-remarks><list type="dash"><int.li><p>This appropriation is intended to cover:</p></int.li><item><p>routine running and conversion costs for restaurants, cafeterias and canteens,</p></item><item><p>damages to be borne by the Office and those arising from third-party liability, and expenditure relating to certain cases where, for reasons of equity, compensation has to be paid without any legal claim whatsoever arising therefrom.</p></item></list></bud-remarks></nmc-article><nmc-article alias="A4 01 60" id="41270002149-21"><bud-heading><p>Library stocks, purchase of books</p></bud-heading><bud-data exprev="exp"><amounts><amount catpol="5.0.1" year="n"><figure>30 000</figure></amount><amount catpol="5.0.1" year="nm1"><figure>30 000</figure></amount><amount catpol="5.0.1" year="nm2"><figure>26 189,58</figure></amount></amounts></bud-data><bud-remarks><p lang="en">This appropriation is intended to cover expenditure on producing and developing the Office's intranet site as part of the Commission's intranet site (Intracomm), subscriptions to view data services, the cost of binding and other expenditure necessary for the preservation of books and publications, expenditure on subscriptions to newspapers, specialist periodicals, and the purchase of publications and technical works connected with the Office's activities.</p></bud-remarks></nmc-article></nmc-chapter><nmc-chapter alias="A4 02" id="NOM-1052236304352-4"><bud-heading><p>INTERINSTITUTIONAL COOPERATION, INTERINSTITUTIONAL SERVICES AND ACTIVITIES</p></bud-heading><bud-data exprev="exp" tot="tot"/><nmc-article alias="A4 02 01" id="NOM-1052236337440-5"><bud-heading><p>Interinstitutional cooperation, interinstitutional services and activities</p></bud-heading><bud-data exprev="exp" tot="tot"/><bud-remarks><list type="dash"><int.li><p lang="en">EPSO should submit a report to the budgetary authority with proposals to introduce changes in its working methods in order to:</p></int.li><item><p lang="en">adopt measures to further reduce the length of the selection process,</p></item><item><p lang="en">adopt measures to make recruitment procedures accessible to and inclusive of applicants with disabilities,</p></item><item><p lang="en">examine the possibility of applying stricter admissibility criteria, whilst ensuring open and equal access to competitions for European citizens, </p></item><item><p lang="en">increase the number of successful applicants on the reserve lists to meet the institutions’ needs,</p></item><item><p lang="en">adopt measures to further improve and speed up the utilisation of reserve lists,</p></item><item><p lang="en">further examine the possibility of decentralising the interview stage of the selection process for certain competitions.</p></item></list></bud-remarks><bud-legal><p lang="en">Council Directive 2000/78/EC of 27 November 2000 establishing a general framework for equal treatment in employment and occupation (OJ L 303, 2.12.2000, p. 16).</p></bud-legal><nmc-item alias="A4 02 01 01" id="NOM-1052236885388-8"><bud-heading><p>Interinstitutional competitions</p></bud-heading><bud-data exprev="exp"><amounts><amount catpol="5.0.1" year="n"><figure>8 003 000</figure></amount><amount catpol="5.0.1" year="nm1"><figure>6 800 000</figure></amount><amount catpol="5.0.1" year="nm2"><figure>8 048 751,22</figure></amount></amounts></bud-data><bud-remarks><p>This appropriation is intended to cover expenditure incurred by the procedures involved in organising various competitions.</p><p lang="en">The amount of assigned revenue pursuant to Article 18(1)(e) to (j) of the Financial Regulation is estimated at EUR 300 000.</p></bud-remarks><bud-legal><p lang="en">Staff Regulations of Officials of the European Communities, and in particular Articles 27 to 31 and 33 thereof and Annex III thereto.</p></bud-legal></nmc-item><nmc-item alias="A4 02 01 02" id="NOM-1052236921650-9"><bud-heading><p>Limited consultations, studies and surveys</p></bud-heading><bud-data exprev="exp"><amounts><amount catpol="5.0.1" year="n"><figure>100 000</figure></amount><amount catpol="5.0.1" year="nm1"><figure>100 000</figure></amount><amount catpol="5.0.1" year="nm2"><figure>114 900,—</figure></amount></amounts></bud-data><bud-remarks><p lang="en">This appropriation is intended to cover expenditure on specialised studies and consultations contracted out to highly qualified experts (individuals or firms) if the Commission does not have suitable staff available to carry out such studies. It also covers the purchase of studies already carried out or subscriptions to specialist research institutions.</p></bud-remarks></nmc-item><nmc-item alias="A4 02 01 03" id="NOM-1052236938965-10"><bud-heading><p>Costs of internal meetings</p></bud-heading><bud-data exprev="exp"><amounts><amount catpol="5.0.1" year="n"><figure>23 000</figure></amount><amount catpol="5.0.1" year="nm1"><figure>23 000</figure></amount><amount catpol="5.0.1" year="nm2"><figure>23 000,—</figure></amount></amounts></bud-data><bud-remarks><p>This appropriation is intended to cover the cost of refreshments and food served on special occasions during internal meetings, in particular meetings of selection boards and translators.</p></bud-remarks></nmc-item></nmc-article></nmc-chapter><nmc-chapter alias="A4 03" id="41331036944-0"><bud-heading><p lang="en">INTERINSTITUTIONAL COOPERATION FOR TRAINING</p></bud-heading><bud-data exprev="exp" tot="tot"/><nmc-article alias="A4 03 01" id="41331037005-1"><bud-heading><p lang="en">European Administrative School (EAS)</p></bud-heading><bud-data exprev="exp" tot="tot"/><bud-remarks><list type="dash"><int.li><p lang="en">This appropriation is intended to cover the costs of the general training organised by the European Administrative School (EAS) for improving the staff skills and the performance and efficiency of the participating institutions, including:</p></int.li><item><p>fees for experts employed to identify training needs, design, develop and hold courses and evaluate and monitor results,</p></item><item><p>fees for consultants in various fields, in particular organisational methods, management, strategy, quality and personnel management,</p></item><item><p lang="en">expenditure incurred in designing, coordinating and evaluating the training organised by the EAS in the form of courses, seminars and lectures (trainers/lecturers and their travel and subsistence costs together with teaching material),</p></item><item><p>the cost of participating in outside training, and membership fees of the relevant professional organisations,</p></item><item><p lang="en">the costs of networking the EAS, at European level, with national administration schools and university institutes active in the field, with a view to exchanging experiences, identifying examples of best practice and cooperating on the development of further training in European public administrations,</p></item><item><p lang="en">expenditure related to the practical aspects of organising courses, the use of premises, transport, meals and accommodation for participants in residential courses,</p></item><item><p>training expenditure related to publications and information, associated Internet sites and the purchase of teaching equipment, subscriptions and licences for distance teaching, books, press and multimedia products,</p></item><item><p>the financing of teaching material.</p></item></list></bud-remarks><bud-legal><p lang="en">Decision 2005/119/EC of the Secretaries-General of the European Parliament, the Council, the Commission, the Court of Justice, the Court of Auditors, the European Economic and Social Committee and the Committee of the Regions and the Representative of the European Ombudsman of 26 January 2005 on the organisation and running of the European Administrative School (OJ L 37, 10.2.2005, p. 17).</p></bud-legal><nmc-item alias="A4 03 01 01" id="41331037037-2"><bud-heading><p>Management training</p></bud-heading><bud-data exprev="exp"><amounts><amount catpol="5.0.1" year="n"><figure>1 437 000</figure></amount><amount catpol="5.0.1" year="nm1"><figure>1 398 000</figure></amount><amount catpol="5.0.1" year="nm2"><figure>1 236 948,68</figure></amount></amounts></bud-data><bud-remarks><p lang="en">This appropriation is intended to cover the costs of training for officials and other staff in management techniques (quality and personnel management, strategy).</p><p lang="en">The amount of assigned revenue pursuant to Article 18(1)(e) to (j) of the Financial Regulation is estimated at EUR 150 000.</p></bud-remarks></nmc-item><nmc-item alias="A4 03 01 02" id="41331037055-3"><bud-heading><p>Induction courses</p></bud-heading><bud-data exprev="exp"><amounts><amount catpol="5.0.1" year="n"><figure>1 250 000</figure></amount><amount catpol="5.0.1" year="nm1"><figure>1 254 000</figure></amount><amount catpol="5.0.1" year="nm2"><figure>1 091 514,60</figure></amount></amounts></bud-data><bud-remarks><p>This appropriation is intended to cover the costs of training for new officials and newly recruited staff in the working environment of the institutions.</p><p lang="en">The amount of assigned revenue pursuant to Article 18(1)(e) to (j) of the Financial Regulation is estimated at EUR 10 000.</p></bud-remarks></nmc-item><nmc-item alias="A4 03 01 03" id="41331037164-4"><bud-heading><p>Training for certification</p></bud-heading><bud-data exprev="exp"><amounts><amount catpol="5.0.1" year="n"><figure>1 188 000</figure></amount><amount catpol="5.0.1" year="nm1"><figure>1 154 000</figure></amount><amount catpol="5.0.1" year="nm2"><figure>1 190 000,—</figure></amount></amounts></bud-data><bud-remarks><p>This appropriation is intended to cover the costs of preparatory training for officials in obtaining certification attesting to their capacity to perform the duties of administrator with a view to their possible transfer to a higher function group.</p><p lang="en">The amount of assigned revenue pursuant to Article 18(1)(e) to (j) of the Financial Regulation is estimated at EUR 15 000.</p></bud-remarks></nmc-item></nmc-article></nmc-chapter><nmc-chapter alias="A4 10" id="NOM-1052236376737-6"><bud-heading><p>RESERVES</p></bud-heading><bud-data exprev="exp" tot="tot"/><nmc-article alias="A4 10 01" id="41270002106-1"><bud-heading><p>Provisional appropriations</p></bud-heading><bud-data exprev="exp"><amounts><amount catpol="5.0.1" year="n"><figure>p.m.</figure></amount><amount catpol="5.0.1" year="nm1"><figure>—</figure></amount><amount catpol="5.0.1" year="nm2"><figure>0,—</figure></amount></amounts></bud-data><bud-remarks><p lang="en">The appropriations entered in this chapter are purely provisional and may be used only after their transfer to other chapters in accordance with the procedure laid down for that purpose in the Financial Regulation.</p></bud-remarks><bud-legal><p lang="en">Council Regulation (EC, Euratom) No 1605/2002 of 25 June 2002 on the Financial Regulation applicable to the general budget of the European Communities (OJ L 248, 16.9.2002, p. 1).</p></bud-legal></nmc-article><nmc-article alias="A4 10 02" id="41270002118-3"><bud-heading><p lang="en">Contingency reserve</p></bud-heading><bud-data exprev="exp"><amounts><amount catpol="5.0.1" year="n"><figure>p.m.</figure></amount><amount catpol="5.0.1" year="nm1"><figure>—</figure></amount><amount catpol="5.0.1" year="nm2"><figure>0,—</figure></amount></amounts></bud-data></nmc-article></nmc-chapter></nmc-title></nmc-expenditure></nmc-annex>