<?xml version="1.0" encoding="UTF-8"?>
<nmc-section alias="SEC6" id="AAAAB"><bud-heading><p lang="en">Section VOL7 — SECTION VI – EUROPEAN ECONOMIC AND SOCIAL COMMITTEE</p></bud-heading><nmc-revenue alias="R" id="AAAAH"><bud-heading><p lang="en">OWN RESOURCES</p></bud-heading><bud-data exprev="rev" tot="tot"/><nmc-title alias="4" id="AAAAN"><bud-heading><p lang="en">REVENUE ACCRUING FROM PERSONS WORKING WITH THE INSTITUTIONS AND OTHER UNION BODIES</p></bud-heading><bud-data exprev="rev" tot="tot"/><nmc-chapter alias="4 0" id="AAAAT"><bud-heading><p>MISCELLANEOUS TAXES AND DEDUCTIONS</p></bud-heading><bud-data exprev="rev" tot="tot"/><nmc-article alias="4 0 0" id="AAAAZ"><bud-heading><p lang="en">Proceeds from taxation on the salaries, wages and allowances of Members of the institution, officials, other servants and recipients of pensions</p></bud-heading><bud-data exprev="rev"><amounts><amount year="n"><figure>4 262 590</figure></amount><amount year="nm1"><figure>4 340 041</figure></amount><amount year="nm2"><figure>3 895 752,00</figure></amount></amounts><relations><relation type="traditional" value="4 0 0"/></relations></bud-data><bud-remarks><p lang="en">Protocol on the privileges and immunities of the European Union, and in particular Article 12 thereof.</p><p lang="en">Council Regulation (EEC, Euratom, ECSC) No 260/68 of 29 February 1968 laying down the conditions and procedure for applying the tax for the benefit of the European Communities (OJ L 56, 4.3.1968, p. 8).</p></bud-remarks></nmc-article><nmc-article alias="4 0 3" id="AAABL"><bud-heading><p lang="en">Proceeds of the temporary contribution from the salaries of Members of the institution, officials and other servants in active employment</p></bud-heading><bud-data exprev="rev"><amounts><amount year="n"><figure>p.m.</figure></amount><amount year="nm1"><figure>p.m.</figure></amount><amount year="nm2"><figure>0,—</figure></amount></amounts><relations><relation type="traditional" value="4 0 3"/></relations></bud-data><bud-remarks><p lang="en">Council Regulation (ECSC, EEC, Euratom) No 3831/91 of 19 December 1991 amending the Staff Regulations of officials and the Conditions of Employment of Other Servants of the European Communities with a view to introducing a temporary contribution (OJ L 361, 31.12.1991, p. 7).</p></bud-remarks></nmc-article><nmc-article alias="4 0 4" id="NEW551138"><bud-heading><p lang="en">Proceeds from the special levy on the salaries of Members of the institutions, officials and other servants in active employment</p></bud-heading><bud-data exprev="rev"><amounts><amount year="n"><figure>830 195</figure></amount><amount year="nm1"><figure>626 635</figure></amount><amount year="nm2"><figure>502 839,00</figure></amount></amounts></bud-data><bud-remarks><p lang="en">Staff Regulations of Officials of the European Communities, and in particular Article 66a.</p></bud-remarks></nmc-article></nmc-chapter><nmc-chapter alias="4 1" id="41271245071-0"><bud-heading><p>CONTRIBUTIONS TO THE PENSION SCHEME</p></bud-heading><bud-data exprev="rev" tot="tot"/><nmc-article alias="4 1 0" id="41271246508-1"><bud-heading><p>Staff contributions to the pension scheme</p></bud-heading><bud-data exprev="rev"><amounts><amount year="n"><figure>5 251 629</figure></amount><amount year="nm1"><figure>5 020 330</figure></amount><amount year="nm2"><figure>4 799 674,00</figure></amount></amounts></bud-data><bud-remarks><p lang="en">Staff Regulations of Officials of the European Communities, and in particular Article 83(2) thereof.</p></bud-remarks></nmc-article><nmc-article alias="4 1 1" id="41271246559-2"><bud-heading><p>Transfer or purchase of pension rights by staff</p></bud-heading><bud-data exprev="rev"><amounts><amount year="n"><figure>p.m.</figure></amount><amount year="nm1"><figure>p.m.</figure></amount><amount year="nm2"><figure>311 858,00</figure></amount></amounts></bud-data><bud-remarks><p lang="en">Staff Regulations of Officials of the European Communities, and in particular Articles 4, 11(2) and (3) and 48 of Annex VIII thereto.</p></bud-remarks></nmc-article><nmc-article alias="4 1 2" id="41271246619-3"><bud-heading><p>Contributions to the pension scheme by officials and temporary staff on leave on personal grounds</p></bud-heading><bud-data exprev="rev"><amounts><amount year="n"><figure>p.m.</figure></amount><amount year="nm1"><figure>p.m.</figure></amount><amount year="nm2"><figure>0,—</figure></amount></amounts></bud-data></nmc-article></nmc-chapter></nmc-title><nmc-title alias="5" id="AAABR"><bud-heading><p>REVENUE ACCRUING FROM THE ADMINISTRATIVE OPERATION OF THE INSTITUTION</p></bud-heading><bud-data exprev="rev" tot="tot"/><nmc-chapter alias="5 0" id="AAABX"><bud-heading><p lang="en">PROCEEDS FROM THE SALE OF MOVABLE PROPERTY (SUPPLY OF GOODS) AND IMMOVABLE PROPERTY</p></bud-heading><bud-data exprev="rev" tot="tot"/><nmc-article alias="5 0 0" id="D20002320"><bud-heading><p lang="en">Proceeds from the sale of movable property (supply of goods)</p></bud-heading><bud-data exprev="rev" tot="tot"/><nmc-item alias="5 0 0 0" id="41271347096-4"><bud-heading><p>Proceeds from the sale of vehicles — Assigned revenue</p></bud-heading><bud-data exprev="rev"><amounts><amount year="n"><figure>p.m.</figure></amount><amount year="nm1"><figure>p.m.</figure></amount><amount year="nm2"><figure>6 500,00</figure></amount></amounts></bud-data><bud-remarks><p>This item is intended to record revenue from the sale or part-exchange of vehicles belonging to the institutions.</p><p lang="en">In accordance with Article 18 of the Financial Regulation, this revenue is to be considered as assigned revenue and gives rise to the entry of additional appropriations in the lines which bore the initial expenditure giving rise to the corresponding revenue.</p></bud-remarks></nmc-item><nmc-item alias="5 0 0 1" id="41271347110-5"><bud-heading><p>Proceeds from the sale of other movable property — Assigned revenue</p></bud-heading><bud-data exprev="rev"><amounts><amount year="n"><figure>p.m.</figure></amount><amount year="nm1"><figure>p.m.</figure></amount><amount year="nm2"><figure>2 300,00</figure></amount></amounts></bud-data><bud-remarks><p>This item is intended to record revenue from the sale or part-exchange of movable property, other than vehicles, belonging to the institutions.</p><p lang="en">In accordance with Article 18 of the Financial Regulation, this revenue is to be considered as assigned revenue and gives rise to the entry of additional appropriations in the lines which bore the initial expenditure giving rise to the corresponding revenue.</p></bud-remarks></nmc-item></nmc-article><nmc-article alias="5 0 2" id="D20002321"><bud-heading><p lang="en">Proceeds from the sale of publications, printed works and films — Assigned revenue</p></bud-heading><bud-data exprev="rev"><amounts><amount year="n"><figure>p.m.</figure></amount><amount year="nm1"><figure>p.m.</figure></amount><amount year="nm2"><figure>71 959,00</figure></amount></amounts><relations><relation type="traditional" value="5 0 2"/></relations></bud-data><bud-remarks><p lang="en">In accordance with Article 18 of the Financial Regulation, this revenue is to be considered as assigned revenue and gives rise to the entry of additional appropriations in the lines which bore the initial expenditure giving rise to the corresponding revenue.</p></bud-remarks></nmc-article></nmc-chapter><nmc-chapter alias="5 1" id="AAACP"><bud-heading><p>PROCEEDS FROM LETTING AND HIRING</p></bud-heading><bud-data exprev="rev" tot="tot"/><nmc-article alias="5 1 0" id="AAACV"><bud-heading><p lang="en">Proceeds from the hiring-out of furniture and equipment — Assigned revenue</p></bud-heading><bud-data exprev="rev"><amounts><amount year="n"><figure>p.m.</figure></amount><amount year="nm1"><figure>p.m.</figure></amount><amount year="nm2"><figure>0,—</figure></amount></amounts><relations><relation type="traditional" value="5 1 0"/></relations></bud-data><bud-remarks><p lang="en">In accordance with Article 18 of the Financial Regulation, this revenue is to be considered as assigned revenue and gives rise to the entry of additional appropriations in the lines which bore the initial expenditure giving rise to the corresponding revenue.</p></bud-remarks></nmc-article><nmc-article alias="5 1 1" id="AAADB"><bud-heading><p>Proceeds from letting and subletting immovable property and reimbursement of charges connected with lettings</p></bud-heading><bud-data exprev="rev" tot="tot"/><nmc-item alias="5 1 1 0" id="41271347242-6"><bud-heading><p>Proceeds from letting and subletting immovable property — Assigned revenue</p></bud-heading><bud-data exprev="rev"><amounts><amount year="n"><figure>p.m.</figure></amount><amount year="nm1"><figure>p.m.</figure></amount><amount year="nm2"><figure>980 000,00</figure></amount></amounts></bud-data><bud-remarks><p lang="en">In accordance with Article 18 of the Financial Regulation, this revenue is to be considered as assigned revenue and gives rise to the entry of additional appropriations in the lines which bore the initial expenditure giving rise to the corresponding revenue.</p></bud-remarks></nmc-item><nmc-item alias="5 1 1 1" id="41271347285-7"><bud-heading><p>Reimbursement of charges connected with lettings — Assigned revenue</p></bud-heading><bud-data exprev="rev"><amounts><amount year="n"><figure>p.m.</figure></amount><amount year="nm1"><figure>p.m.</figure></amount><amount year="nm2"><figure>0,—</figure></amount></amounts></bud-data><bud-remarks><p lang="en">In accordance with Article 18 of the Financial Regulation, this revenue is to be considered as assigned revenue and gives rise to the entry of additional appropriations in the lines which bore the initial expenditure giving rise to the corresponding revenue.</p></bud-remarks></nmc-item></nmc-article></nmc-chapter><nmc-chapter alias="5 2" id="AAADH"><bud-heading><p lang="en">REVENUE FROM INVESTMENTS OR LOANS GRANTED, BANK AND OTHER INTEREST</p></bud-heading><bud-data exprev="rev" tot="tot"/><nmc-article alias="5 2 0" id="41271347319-8"><bud-heading><p lang="en">Revenue from investments or loans granted, bank and other interest on the institution’s accounts</p></bud-heading><bud-data exprev="rev"><amounts><amount year="n"><figure>64 000</figure></amount><amount year="nm1"><figure>64 000</figure></amount><amount year="nm2"><figure>300 233,00</figure></amount></amounts></bud-data></nmc-article></nmc-chapter><nmc-chapter alias="5 5" id="AAADT"><bud-heading><p>REVENUE FROM THE SUPPLY OF SERVICES AND WORKS</p></bud-heading><bud-data exprev="rev" tot="tot"/><nmc-article alias="5 5 0" id="D20001676"><bud-heading><p>Revenue from the supply of services and works to other institutions or bodies, including refunds by other institutions or bodies of mission allowances paid on their behalf — Assigned revenue</p></bud-heading><bud-data exprev="rev"><amounts><amount year="n"><figure>p.m.</figure></amount><amount year="nm1"><figure>p.m.</figure></amount><amount year="nm2"><figure>1 829 611,00</figure></amount></amounts><relations><relation type="traditional" value="5 5 0"/></relations></bud-data><bud-remarks><p lang="en">In accordance with Article 18 of the Financial Regulation, this revenue is to be considered as assigned revenue and gives rise to the entry of additional appropriations in the lines which bore the initial expenditure giving rise to the corresponding revenue.</p></bud-remarks></nmc-article><nmc-article alias="5 5 1" id="41271347572-12"><bud-heading><p>Revenue from third parties in respect of services or work supplied at their request — Assigned revenue</p></bud-heading><bud-data exprev="rev"><amounts><amount year="n"><figure>p.m.</figure></amount><amount year="nm1"><figure>p.m.</figure></amount><amount year="nm2"><figure>0,—</figure></amount></amounts></bud-data><bud-remarks><p lang="en">In accordance with Article 18 of the Financial Regulation, this revenue is to be considered as assigned revenue and gives rise to the entry of additional appropriations in the lines which bore the initial expenditure giving rise to the corresponding revenue.</p></bud-remarks></nmc-article></nmc-chapter><nmc-chapter alias="5 7" id="AP20038028"><bud-heading><p>OTHER CONTRIBUTIONS AND REFUNDS IN CONNECTION WITH THE ADMINISTRATIVE OPERATION OF THE INSTITUTION</p></bud-heading><bud-data exprev="rev" tot="tot"/><nmc-article alias="5 7 0" id="AP20038029"><bud-heading><p>Revenue arising from the repayment of amounts wrongly paid — Assigned revenue</p></bud-heading><bud-data exprev="rev"><amounts><amount year="n"><figure>p.m.</figure></amount><amount year="nm1"><figure>p.m.</figure></amount><amount year="nm2"><figure>150 055,00</figure></amount></amounts><relations><relation type="traditional" value="5 7 0"/></relations></bud-data><bud-remarks><p lang="en">In accordance with Article 18 of the Financial Regulation, this revenue is to be considered as assigned revenue and gives rise to the entry of additional appropriations in the lines which bore the initial expenditure giving rise to the corresponding revenue.</p></bud-remarks></nmc-article><nmc-article alias="5 7 1" id="41271347743-13"><bud-heading><p lang="en">Revenue earmarked for a specific purpose, such as income from foundations, subsidies, gifts and bequests, including the earmarked revenue specific to each institution — Assigned revenue</p></bud-heading><bud-data exprev="rev"><amounts><amount year="n"><figure>p.m.</figure></amount><amount year="nm1"><figure>p.m.</figure></amount><amount year="nm2"><figure>0,—</figure></amount></amounts></bud-data><bud-remarks><p lang="en">In accordance with Article 18 of the Financial Regulation, this revenue is to be considered as assigned revenue and gives rise to the entry of additional appropriations in the lines which bore the initial expenditure giving rise to the corresponding revenue.</p></bud-remarks></nmc-article><nmc-article alias="5 7 3" id="41271347872-14"><bud-heading><p lang="en">Other contributions and refunds in connection with the administrative operation of the institution — Assigned revenue</p></bud-heading><bud-data exprev="rev"><amounts><amount year="n"><figure>p.m.</figure></amount><amount year="nm1"><figure>p.m.</figure></amount><amount year="nm2"><figure>474 137,00</figure></amount></amounts></bud-data><bud-remarks><p lang="en">In accordance with Article 18 of the Financial Regulation, this revenue is to be considered as assigned revenue and gives rise to the entry of additional appropriations in the lines which bore the initial expenditure giving rise to the corresponding revenue.</p></bud-remarks></nmc-article></nmc-chapter><nmc-chapter alias="5 8" id="41271347904-15"><bud-heading><p lang="en">MISCELLANEOUS COMPENSATION</p></bud-heading><bud-data exprev="rev" tot="tot"/><nmc-article alias="5 8 0" id="41271347936-16"><bud-heading><p lang="en">Revenue arising from indemnities connected with renting — Assigned revenue</p></bud-heading><bud-data exprev="rev"><amounts><amount year="n"><figure>p.m.</figure></amount><amount year="nm1"><figure>p.m.</figure></amount><amount year="nm2"><figure>0,—</figure></amount></amounts></bud-data><bud-remarks><p lang="en">In accordance with Article 18 of the Financial Regulation, this revenue is to be considered as assigned revenue and gives rise to the entry of additional appropriations in the lines which bore the initial expenditure giving rise to the corresponding revenue.</p></bud-remarks></nmc-article><nmc-article alias="5 8 1" id="41271347973-17"><bud-heading><p>Revenue from insurance payments received — Assigned revenue</p></bud-heading><bud-data exprev="rev"><amounts><amount year="n"><figure>p.m.</figure></amount><amount year="nm1"><figure>p.m.</figure></amount><amount year="nm2"><figure>31 382,00</figure></amount></amounts></bud-data><bud-remarks><p lang="en">In accordance with Article 18 of the Financial Regulation, this revenue is to be considered as assigned revenue and gives rise to the entry of additional appropriations in the lines which bore the initial expenditure giving rise to the corresponding revenue.</p></bud-remarks></nmc-article></nmc-chapter><nmc-chapter alias="5 9" id="41271348006-18"><bud-heading><p lang="en">OTHER REVENUE FROM ADMINISTRATIVE OPERATIONS</p></bud-heading><bud-data exprev="rev" tot="tot"/><nmc-article alias="5 9 0" id="41271348011-19"><bud-heading><p>Other revenue from administrative operations</p></bud-heading><bud-data exprev="rev"><amounts><amount year="n"><figure>p.m.</figure></amount><amount year="nm1"><figure>p.m.</figure></amount><amount year="nm2"><figure>41 278,00</figure></amount></amounts></bud-data></nmc-article></nmc-chapter></nmc-title><nmc-title alias="9" id="AAADZ"><bud-heading><p>MISCELLANEOUS REVENUE</p></bud-heading><bud-data exprev="rev" tot="tot"/><nmc-chapter alias="9 0" id="AAAEF"><bud-heading><p>MISCELLANEOUS REVENUE</p></bud-heading><bud-data exprev="rev"><amounts><amount year="n"><figure>p.m.</figure></amount><amount year="nm1"><figure>p.m.</figure></amount><amount year="nm2"><figure>0,—</figure></amount></amounts><relations><relation type="traditional" value="9 0"/></relations></bud-data></nmc-chapter></nmc-title></nmc-revenue><nmc-expenditure alias="E" id="AAAEL"><bud-heading><p>EXPENDITURE</p></bud-heading><bud-data exprev="exp" tot="tot"/><nmc-title alias="1" id="AAAER"><bud-heading><p>EXPENDITURE RELATING TO PERSONS WORKING WITH THE INSTITUTION</p></bud-heading><bud-data exprev="exp" tot="tot"/><nmc-chapter alias="1 0" id="AAAEX"><bud-heading><p lang="en">MEMBERS OF THE INSTITUTION AND DELEGATES</p></bud-heading><bud-data exprev="exp" tot="tot"/><nmc-article alias="1 0 0" id="AAAFD"><bud-heading><p lang="en">Salaries, allowances and payments</p></bud-heading><bud-data exprev="exp" tot="tot"/><nmc-item alias="1 0 0 0" id="AAAFJ"><bud-heading><p lang="en">Salaries, allowances and payments</p></bud-heading><bud-data exprev="exp"><amounts><amount catpol="5.16" year="n"><figure>104 000</figure></amount><amount catpol="5.16" year="nm1"><figure>102 000</figure></amount><amount catpol="5.16" year="nm2"><figure>69 000,00</figure></amount></amounts><relations><relation type="traditional" value="1 0 0 0"/></relations></bud-data><bud-remarks><p lang="en">This appropriation is intended to cover salaries, allowances and payments related to salaries for Members of the European Economic and Social Committee, including the sickness and accident insurance premiums and specific assistance to disabled members.</p></bud-remarks></nmc-item><nmc-item alias="1 0 0 4" id="AP20012899"><bud-heading><p lang="en">Travel and subsistence allowances, attendance at meetings and associated expenditure</p></bud-heading><bud-data exprev="exp"><amounts><amount catpol="5.16" year="n"><figure>16 950 000</figure></amount><amount catpol="5.16" year="nm1"><figure>16 000 000</figure></amount><amount catpol="5.16" year="nm2"><figure>15 300 000,00</figure></amount></amounts><relations><relation type="traditional" value="1 0 0 4"/></relations></bud-data><bud-remarks><p lang="en">This appropriation is intended to cover payments to Members of the European Economic and Social Committee and their alternates under the current rules on reimbursement of transport costs and travel and meeting allowances.</p><p lang="en">The amount of assigned revenue in accordance with Article 18(1)(e) to (j) of the Financial Regulation is estimated at EUR 10 000.</p></bud-remarks></nmc-item><nmc-item alias="1 0 0 8" id="AAAGB"><bud-heading><p lang="en">Travel and subsistence allowances, attendance at meetings and associated expenditure of delegates of the Consultative Commission on Industrial Change</p></bud-heading><bud-data exprev="exp"><amounts><amount catpol="5.16" year="n"><figure>454 039</figure></amount><amount catpol="5.16" year="nm1"><figure>444 700</figure></amount><amount catpol="5.16" year="nm2"><figure>396 549,00</figure></amount></amounts><relations><relation type="traditional" value="1 0 0 6"/></relations></bud-data><bud-remarks><p lang="en">This appropriation is intended to cover payments to delegates of the Consultative Commission on Industrial Change (CCMI) and their alternates under the current rules on reimbursement of transport costs and travel and meeting allowances.</p><p lang="en">The amount of assigned revenue in accordance with Article 18(1)(e) to (j) of the Financial Regulation is estimated at EUR 1 000.</p></bud-remarks></nmc-item></nmc-article><nmc-article alias="1 0 5" id="AAAGN"><bud-heading><p lang="en">Further training, language courses and other training</p></bud-heading><bud-data exprev="exp"><amounts><amount catpol="5.16" year="n"><figure>52 520</figure></amount><amount catpol="5.16" year="nm1"><figure>50 500</figure></amount><amount catpol="5.16" year="nm2"><figure>38 500,00</figure></amount></amounts><relations><relation type="traditional" value="1 0 6"/></relations></bud-data><bud-remarks><p lang="en">This appropriation is intended to subsidise part of the registration fees for language courses or other vocational training seminars attended by Members of the European Economic and Social Committee and delegates of the Consultative Commission on Industrial Change (CCMI).</p></bud-remarks></nmc-article></nmc-chapter><nmc-chapter alias="1 2" id="AAAGT"><bud-heading><p lang="en">OFFICIALS AND TEMPORARY STAFF</p></bud-heading><bud-data exprev="exp" tot="tot"/><bud-remarks><p lang="en">A standard abatement of 5 % has been applied to the appropriations entered in this chapter.</p></bud-remarks><nmc-article alias="1 2 0" id="AAAGZ"><bud-heading><p lang="en">Remuneration and other entitlements </p></bud-heading><bud-data exprev="exp" tot="tot"/><bud-remarks><p lang="en">The appropriations in this article were calculated on the basis of the provisions of the Staff Regulations of officials and the Conditions of Employment of Other Servants of the European Communities.</p></bud-remarks><nmc-item alias="1 2 0 0" id="AAAHF"><bud-heading><p lang="en">Remuneration and allowances</p></bud-heading><bud-data exprev="exp"><amounts><amount catpol="5.16" year="n"><figure>60 464 048</figure></amount><amount catpol="5.16" year="nm1"><figure>59 711 960</figure></amount><amount catpol="5.16" year="nm2"><figure>55 260 519,00</figure></amount></amounts><relations><relation type="traditional" value="1 1 0 0"/></relations></bud-data><bud-remarks><p lang="en">Staff Regulations of Officials of the European Communities.</p><p lang="en">Conditions of Employment of Other Servants of the European Communities.</p><list type="dash"><int.li><p lang="en">This appropriation is mainly intended to cover, for officials and temporary staff holding a post provided for in the establishment plan:</p></int.li><item><p lang="en">salaries, allowances and payments related to salaries,</p></item><item><p lang="en">insurance against sickness, accidents and occupational disease and other social security charges,</p></item><item><p lang="en">the institution’s contribution to the Joint Sickness Insurance Scheme,</p></item><item><p lang="en">flat-rate overtime allowances,</p></item><item><p lang="en">other allowances and grants, including the parental or family leave allowance,</p></item><item><p lang="en">payment of travel expenses for officials or temporary staff, their spouses and dependants from their place of employment to their place of origin,</p></item><item><p lang="en">the impact of salary weightings applicable to remuneration and to the part of emoluments transferred to a country other than the country of employment,</p></item><item><p lang="en">unemployment insurance for temporary staff and payments by the institution to temporary staff in order to constitute or maintain their pension rights in their countries of origin,</p></item><item><p lang="en">the severance payment of a probationer dismissed on grounds of manifest incompetence,</p></item><item><p lang="en">the payment in respect of the termination by the institution of the contract of a temporary staff member.</p></item></list><p lang="en">The amount of assigned revenue in accordance with Article 18(1)(e) to (j) of the Financial Regulation is estimated at EUR 1 000.</p></bud-remarks></nmc-item><nmc-item alias="1 2 0 2" id="AAAHL"><bud-heading><p lang="en">Paid overtime</p></bud-heading><bud-data exprev="exp"><amounts><amount catpol="5.16" year="n"><figure>55 000</figure></amount><amount catpol="5.16" year="nm1"><figure>60 000</figure></amount><amount catpol="5.16" year="nm2"><figure>31 760,00</figure></amount></amounts><relations><relation type="traditional" value="1 1 0 1"/></relations></bud-data><bud-remarks><p lang="en">Staff Regulations of Officials of the European Communities, and in particular Article 56 thereof and Annex VI thereto.</p><p lang="en">Conditions of Employment of Other Servants of the European Communities.</p><p lang="en">This appropriation is intended to cover the payment of overtime under the conditions set out in the above-mentioned provisions.</p></bud-remarks></nmc-item><nmc-item alias="1 2 0 4" id="AAAHR"><bud-heading><p lang="en">Entitlements in connection with entering the service, transfer and leaving the service</p></bud-heading><bud-data exprev="exp"><amounts><amount catpol="5.16" year="n"><figure>856 500</figure></amount><amount catpol="5.16" year="nm1"><figure>990 098</figure></amount><amount catpol="5.16" year="nm2"><figure>728 630,00</figure></amount></amounts><relations><relation type="traditional" value="1 1 0 2"/></relations></bud-data><bud-remarks><p lang="en">Staff Regulations of Officials of the European Communities.</p><p lang="en">Conditions of Employment of Other Servants of the European Communities.</p><list type="dash"><int.li><p lang="en">This appropriation is intended to cover:</p></int.li><item><p lang="en">travel expenses due to officials and temporary staff (including their families) entering or leaving the service or being transferred to another place of employment,</p></item><item><p lang="en">installation/resettlement allowances and removal expenses due to officials and temporary staff obliged to change their place of residence on taking up duty, on transfer to a new place of employment and on finally leaving the institution and resettling elsewhere,</p></item><item><p lang="en">daily subsistence allowance for officials and temporary staff who furnish evidence that they must change their place of residence on taking up duty or transferring to a new place of employment.</p></item></list><p lang="en">The amount of assigned revenue in accordance with Article 18(1)(e) to (j) of the Financial Regulation is estimated at EUR 1 000.</p></bud-remarks></nmc-item></nmc-article><nmc-article alias="1 2 2" id="N61221658395-0"><bud-heading><p lang="en">Allowances upon early termination of service</p></bud-heading><bud-data exprev="exp" tot="tot"/><nmc-item alias="1 2 2 0" id="N61221658515-1"><bud-heading><p lang="en">Allowances for staff retired in the interests of the service</p></bud-heading><bud-data exprev="exp"><amounts><amount catpol="5.16" year="n"><figure>190 000</figure></amount><amount catpol="5.16" year="nm1"><figure>210 000</figure></amount><amount catpol="5.16" comp="true" year="nm2"><figure>64 097,00</figure></amount></amounts></bud-data><bud-remarks><p lang="en">
Staff Regulations of Officials of the European Communities, and in particular Articles 41 and 50 and Annex IV.</p><list type="dash"><int.li><p lang="en">This appropriation is intended to cover allowances due to officials:</p></int.li><item><p lang="en">assigned non-active status in connection with action to reduce the number of posts in the institution,</p></item><item><p lang="en">holding an AD 16 or AD 15 grade post who are retired in the interests of the service.</p></item></list><p lang="en">It also covers the employer’s contribution to sickness insurance and the impact of weightings applicable to these allowances.</p></bud-remarks></nmc-item><nmc-item alias="1 2 2 2" id="N61221658599-3"><bud-heading><p lang="en">Allowances for staff whose service is terminated and special retirement scheme for officials and temporary staff</p></bud-heading><bud-data exprev="exp"><amounts><amount catpol="5.16" year="n"><figure>p.m.</figure></amount><amount catpol="5.16" year="nm1"><figure>p.m.</figure></amount><amount catpol="5.16" comp="true" year="nm2"><figure>0,—</figure></amount></amounts></bud-data><bud-remarks><p lang="en">Staff Regulations of Officials of the European Communities, and in particular Articles 64 and 72 thereof.</p><list type="dash"><int.li><p lang="en">This appropriation is intended to cover:</p></int.li><item><p lang="en"> the allowances payable under the conditions set out in the abovementioned provisions,</p></item><item><p lang="en"> the employer’s contributions towards sickness insurance for the recipients of the allowances,</p></item><item><p lang="en"> the impact of the salary weightings applicable to the various allowances.</p></item></list></bud-remarks></nmc-item></nmc-article><nmc-article alias="1 2 9" id="N61221658703-4"><bud-heading><p lang="en">Provisional appropriation</p></bud-heading><bud-data exprev="exp"><amounts><amount catpol="5.16" year="n"><figure>768 878</figure></amount><amount catpol="5.16" year="nm1"><figure>966 025</figure></amount><amount catpol="5.16" year="nm2"><figure>0,—</figure></amount></amounts></bud-data><bud-remarks><p lang="en">Staff Regulations of Officials of the European Communities, and in particular Article 65 thereof and Annex XI thereto.</p><p lang="en">This appropriation is intended to cover the effects of any salary adjustments decided by the Council during the financial year.</p><p lang="en">This appropriation is purely provisional and may only be used after its transfer to other headings in accordance with the Financial Regulation.</p></bud-remarks></nmc-article></nmc-chapter><nmc-chapter alias="1 4" id="N61221658746-5"><bud-heading><p lang="en">OTHER STAFF AND OUTSIDE SERVICES</p></bud-heading><bud-data exprev="exp" tot="tot"/><nmc-article alias="1 4 0" id="N61221658783-6"><bud-heading><p lang="en">Other staff and externals</p></bud-heading><bud-data exprev="exp" tot="tot"/><nmc-item alias="1 4 0 0" id="N61221658801-7"><bud-heading><p lang="en">Other staff</p></bud-heading><bud-data exprev="exp"><amounts><amount catpol="5.16" year="n"><figure>2 077 098</figure></amount><amount catpol="5.16" year="nm1"><figure>1 802 337</figure></amount><amount catpol="5.16" year="nm2"><figure>1 730 833,00</figure></amount></amounts></bud-data><bud-remarks><p lang="en">Staff Regulations of Officials of the European Communities.</p><p lang="en">Conditions of Employment of Other Servants of the European Communities.</p><list type="dash"><int.li><p lang="en">This appropriation is principally intended to cover the following expenditure:</p></int.li><item><p lang="en">the remuneration of other staff including auxiliary, contract and local staff and special advisers (within the meaning of the Conditions of Employment of Other Servants of the European Communities), employer’s contributions to the various social security schemes and the impact of salary weightings applicable to the remuneration of these staff or the termination of contract allowance,</p></item><item><p lang="en">fees of medical and paramedical staff paid under the arrangements for the provision of services and, in special cases, the employment of temporary agency staff,</p></item><item><p lang="en">the remuneration and fees of conference operators and multimedia editors used during times of excessive workload or in special cases,</p></item><item><p>flat-rate overtime allowances,</p></item><item><p lang="en">the payment of overtime in accordance with the provisions of Article 56 of the Staff Regulations and Annex VI thereto,</p></item><item><p>other allowances and grants, including the parental or family leave allowance,</p></item><item><p lang="en">the payment in respect of the termination by the institution of the contract of a staff member.</p></item></list><p lang="en">The amount of assigned revenue in accordance with Article 18(1)(e) to (j) of the Financial Regulation is estimated at EUR 1 000.</p></bud-remarks></nmc-item><nmc-item alias="1 4 0 4" id="N61221658847-8"><bud-heading><p lang="en">
Graduate traineeships, grants and exchanges of officials</p></bud-heading><bud-data exprev="exp"><amounts><amount catpol="5.16" year="n"><figure>953 213</figure></amount><amount catpol="5.16" year="nm1"><figure>924 360</figure></amount><amount catpol="5.16" year="nm2"><figure>680 844,00</figure></amount></amounts></bud-data><bud-remarks><p lang="en">Staff Regulations of Officials of the European Communities.</p><p lang="en">Conditions of Employment of Other Servants of the European Communities.</p><list type="dash"><int.li><p lang="en">This appropriation is intended to cover:</p></int.li><item><p lang="en">an allowance, travel and mission expenses for trainees, and accident and sickness insurance during courses,</p></item><item><p lang="en">expenditure arising from movements between the European Economic and Social Committee and the public sector in the Member States or other countries specified in the rules,</p></item><item><p lang="en">the contribution, on a limited scale, to the realisation of research projects in the fields of activity of the European Economic and Social Committee which are of particular interest for European integration,</p></item><item><p lang="en">the cost of programmes to educate young people in the European spirit.</p></item></list></bud-remarks></nmc-item><nmc-item alias="1 4 0 8" id="N61221658883-9"><bud-heading><p lang="en">Entitlements in connection with entering the service, transfer and leaving the service</p></bud-heading><bud-data exprev="exp"><amounts><amount catpol="5.16" year="n"><figure>70 000</figure></amount><amount catpol="5.16" year="nm1"><figure>70 000</figure></amount><amount catpol="5.16" year="nm2"><figure>26 296,00</figure></amount></amounts></bud-data><bud-remarks><p lang="en">Staff Regulations of Officials of the European Communities.</p><p lang="en">Conditions of Employment of Other Servants of the European Communities.</p><list type="dash"><int.li><p lang="en">This appropriation is intended to cover:</p></int.li><item><p lang="en">travel expenses due to staff (including their families) entering or leaving the service or being transferred to another place of employment,</p></item><item><p lang="en">installation/resettlement allowances and removal expenses due to staff obliged to change their place of residence on taking up duty, on transfer to a new place of employment and on finally leaving the institution and resettling elsewhere,</p></item><item><p lang="en">daily subsistence allowance for staff who furnish evidence that they must change their place of residence on taking up duty or transferring to a new place of employment,</p></item><item><p lang="en">the difference between the contributions paid by staff to a Member State pension scheme and those paid to the Community scheme in the event of redefinition of a contract.</p></item></list><p lang="en">The amount of assigned revenue in accordance with Article 18(1)(e) to (j) of the Financial Regulation is estimated at EUR 1 000.</p></bud-remarks></nmc-item></nmc-article><nmc-article alias="1 4 2" id="N61221658931-10"><bud-heading><p lang="en">Outside services</p></bud-heading><bud-data exprev="exp" tot="tot"/><nmc-item alias="1 4 2 0" id="N61221658969-11"><bud-heading><p lang="en">Supplementary services for the translation service</p></bud-heading><bud-data exprev="exp"><amounts><amount catpol="5.16" year="n"><figure>380 000</figure><reserve><figure>20 000</figure><alias>10 0</alias><total><figure>400 000</figure></total></reserve></amount><amount catpol="5.16" year="nm1"><figure>354 000</figure></amount><amount catpol="5.16" year="nm2"><figure>527 856,00</figure></amount></amounts></bud-data><bud-remarks><p lang="en">This appropriation is intended to cover expenditure on work carried out by freelance or temporary translators and typing and other work sent out by the translation service. The European Economic and Social Committee always uses freelance translators whose names feature on the lists drawn up as a result of interinstitutional calls for tender.</p><p lang="en">Expenditure on any work entrusted to the Translation Centre for the bodies of the European Union in Luxembourg and all interinstitutional cooperation activities in the language area are also covered by this item.</p><p lang="en">The amount of assigned revenue in accordance with Article 18(1)(e) to (j) of the Financial Regulation is estimated at EUR 1 000.</p></bud-remarks></nmc-item><nmc-item alias="1 4 2 2" id="N61221659001-12"><bud-heading><p lang="en">Expert advice connected with consultative work</p></bud-heading><bud-data exprev="exp"><amounts><amount catpol="5.16" year="n"><figure>734 000</figure></amount><amount catpol="5.16" year="nm1"><figure>720 000</figure></amount><amount catpol="5.16" year="nm2"><figure>675 000,00</figure></amount></amounts></bud-data><bud-remarks><p lang="en">This appropriation is intended to cover payments to European Economic and Social Committee experts under the current rules on reimbursement of transport costs and travel and meeting allowances.</p><p lang="en">The amount of assigned revenue in accordance with Article 18(1)(e) to (j) of the Financial Regulation is estimated at EUR 1 000.</p></bud-remarks></nmc-item><nmc-item alias="1 4 2 4" id="N90961350382-0"><bud-heading><p lang="en">Interinstitutional cooperation and external services in the field of personnel management</p></bud-heading><bud-data exprev="exp"><amounts><amount year="n"><figure>30 702</figure></amount></amounts></bud-data><bud-remarks><p lang="en"><ft type="ht">New item</ft></p><p lang="en">This appropriation is intended to cover all interinstitutional cooperation activities in the field of personnel management.</p><p lang="en">It is also intended to cover all external services in the same field.</p><p lang="en">The amount of assigned revenue in accordance with Article 18(1)(e) to (j) of the Financial Regulation is estimated at EUR 1 000.</p></bud-remarks></nmc-item></nmc-article><nmc-article alias="1 4 9" id="N61221659026-13"><bud-heading><p lang="en">Provisional appropriation</p></bud-heading><bud-data exprev="exp"><amounts><amount catpol="5.16" year="n"><figure>38 754</figure></amount><amount catpol="5.16" year="nm1"><figure>p.m.</figure></amount><amount catpol="5.16" year="nm2"><figure>0,—</figure></amount></amounts></bud-data><bud-remarks><p lang="en">Staff Regulations of Officials of the European Communities, and in particular Article 65 thereof and Annex XI thereto.</p><p lang="en">Conditions of Employment of Other Servants of the European Communities.</p><p lang="en">This appropriation is intended to cover the effects of any salary adjustments decided by the Council during the financial year.</p><p lang="en">It is purely provisional and may be used only after its transfer to other headings in accordance with the Financial Regulation.</p></bud-remarks></nmc-article></nmc-chapter><nmc-chapter alias="1 6" id="N61221659056-14"><bud-heading><p lang="en">OTHER EXPENDITURE RELATING TO PERSONS WORKING WITH THE INSTITUTION</p></bud-heading><bud-data exprev="exp" tot="tot"/><nmc-article alias="1 6 1" id="N61221659076-15"><bud-heading><p lang="en">Expenditure relating to staff management</p></bud-heading><bud-data exprev="exp" tot="tot"/><nmc-item alias="1 6 1 0" id="N61221659097-16"><bud-heading><p lang="en">Expenditure on recruitment</p></bud-heading><bud-data exprev="exp"><amounts><amount catpol="5.16" year="n"><figure>71 417</figure></amount><amount catpol="5.16" year="nm1"><figure>71 415</figure></amount><amount catpol="5.16" year="nm2"><figure>54 860,00</figure></amount></amounts></bud-data><bud-remarks><p lang="en">Staff Regulations of Officials of the European Communities, and in particular Articles 27 to 31 and 33 and Annex III.</p><p lang="en">Decision 2002/620/EC of the European Parliament, the Council, the Commission, the Court of Justice, the Court of Auditors, the Economic and Social Committee, the Committee of the Regions and the European Ombudsman of 25 July 2002 establishing a European Communities Personnel Selection Office (OJ L 197, 26.7.2002, p. 53) and Decision 2002/621/EC of the Secretaries-General of the European Parliament, the Council and the Commission, the Registrar of the Court of Justice, the Secretaries-General of the Court of Auditors, the Economic and Social Committee and the Committee of the Regions, and the Representative of the European Ombudsman of 25 July 2002 on the organisation and operation of the European Communities Personnel Selection Office (OJ L 197, 26.7.2002, p. 56).</p><list type="dash"><int.li><p lang="en">This appropriation is intended to cover:</p></int.li><item><p lang="en">expenditure on organising the competitions provided for in Article 3 of Decision 2002/621/EC and travel and subsistence expenses for applicants called for interviews and medical examinations,</p></item><item><p lang="en">the costs of organising procedures for selecting temporary, contract and local staff.</p></item></list><p lang="en">In cases duly justified by operational needs and after consultation of the European Communities Personnel Selection Office, the institution may use some of these appropriations to organise its own competitions.</p><p lang="en">The amount of assigned revenue in accordance with Article 18(1)(e) to (j) of the Financial Regulation is estimated at EUR 1 000.</p></bud-remarks></nmc-item><nmc-item alias="1 6 1 2" id="N61221659125-17"><bud-heading><p lang="en">Further training</p></bud-heading><bud-data exprev="exp"><amounts><amount catpol="5.16" year="n"><figure>499 335</figure></amount><amount catpol="5.16" year="nm1"><figure>457 000</figure></amount><amount catpol="5.16" year="nm2"><figure>453 537,00</figure></amount></amounts></bud-data><bud-remarks><p lang="en">Staff Regulations of Officials of the European Communities, and in particular Article 24a thereof.</p><p lang="en">Conditions of Employment of Other Servants of the European Communities.</p><list type="dash"><int.li><p lang="en">This appropriation is intended to cover:</p></int.li><item><p lang="en">the organisation of training and retraining courses as well as language courses, on an interinstitutional basis. Some of the appropriations may be used in duly justified cases to cover the organisation of courses within the institution,</p></item><item><p lang="en">expenditure relating to the purchase or production of teaching materials and to the performance of specific studies by specialists for devising and implementing training programmes,</p></item><item><p lang="en">professional training courses which raise awareness about matters concerning people with disabilities and training measures in connection with equal opportunities and career advice, with particular reference to skill profiles,</p></item><item><p lang="en">mission costs.</p></item></list><p lang="en">The amount of assigned revenue in accordance with Article 18(1)(e) to (j) of the Financial Regulation is estimated at EUR 1 000.</p></bud-remarks></nmc-item></nmc-article><nmc-article alias="1 6 2" id="N61221659414-18"><bud-heading><p lang="en">Mission expenses</p></bud-heading><bud-data exprev="exp"><amounts><amount catpol="5.16" year="n"><figure>521 335</figure></amount><amount catpol="5.16" year="nm1"><figure>467 000</figure></amount><amount catpol="5.16" year="nm2"><figure>453 537,00</figure></amount></amounts></bud-data><bud-remarks><p lang="en">Staff Regulations of Officials of the European Communities, and in particular Article 71 and Articles 11 to 13 of Annex VII.</p><p lang="en">Conditions of Employment of Other Servants of the European Communities.</p><p lang="en">This appropriation is intended to cover transport expenses, the payment of daily subsistence allowances and incidental or exceptional expenses incurred in carrying out a mission.</p><p lang="en">The amount of assigned revenue in accordance with Article 18(1)(e) to (j) of the Financial Regulation is estimated at EUR 10 000.</p></bud-remarks></nmc-article><nmc-article alias="1 6 3" id="N61221659462-19"><bud-heading><p lang="en">Activities relating to all persons working with the institution</p></bud-heading><bud-data exprev="exp" tot="tot"/><nmc-item alias="1 6 3 0" id="N61221659484-20"><bud-heading><p lang="en">Social welfare</p></bud-heading><bud-data exprev="exp"><amounts><amount catpol="5.16" year="n"><figure>21 500</figure></amount><amount catpol="5.16" year="nm1"><figure>40 000</figure></amount><amount catpol="5.16" year="nm2"><figure>7 000,00</figure></amount></amounts></bud-data><bud-remarks><p lang="en">Staff Regulations of Officials of the European Communities, and in particular the third paragraph of Article 9(3) and Article 76 thereof.</p><list type="dash"><int.li><p lang="en">This appropriation is intended to cover:</p></int.li><item><list type="dash"><int.li><p lang="en">for the following categories of persons as part of an interinstitutional policy to assist people with disabilities:</p></int.li><item><p lang="en">officials and temporary staff in active employment,</p></item><item><p lang="en">spouses of officials and temporary staff in active employment,</p></item><item><p lang="en">all dependent children within the meaning of the Staff Regulations of Officials of the European Communities,</p></item><item><p lang="en">the reimbursement, to the extent permitted by the budget and after national entitlements in the country of residence or the country of origin have been exhausted, of expenses (other than medical expenses) recognised as necessary, resulting from the disability and supported by documentary evidence and not covered by the Joint Sickness Insurance Scheme,</p></item></list></item><item><p lang="en">action taken in respect of officials and other servants in particularly difficult situations,</p></item><item><p lang="en">the financing of a grant for the Staff Committee and incidental expenditure in the Welfare Service.</p></item></list><p lang="en">The amount of assigned revenue in accordance with Article 18(1)(e) to (j) of the Financial Regulation is estimated at EUR 1 000.</p></bud-remarks></nmc-item><nmc-item alias="1 6 3 2" id="N61221659519-21"><bud-heading><p lang="en">Social contacts between members of staff and other social measures</p></bud-heading><bud-data exprev="exp"><amounts><amount catpol="5.16" year="n"><figure>197 500</figure></amount><amount catpol="5.16" year="nm1"><figure>173 200</figure></amount><amount catpol="5.16" year="nm2"><figure>76 114,00</figure></amount></amounts></bud-data><bud-remarks><p lang="en">This appropriation is intended to encourage and provide financial backing for schemes to promote social contact between staff of different nationalities, for example subsidies to staff clubs, sports associations, cultural societies, etc., and to make a contribution to the cost of a permanent leisure centre (cultural and sports activities, hobbies, restaurant).</p><p lang="en">It also covers the European Economic and Social Committee’s contribution towards the social, sporting, educational and cultural activities of the European Interinstitutional Centre at Overijse.</p><p lang="en">This appropriation is also intended to cover aid to members of staff other than aid chargeable to other articles in this chapter (home help etc.).</p></bud-remarks></nmc-item><nmc-item alias="1 6 3 4" id="N61221659543-22"><bud-heading><p lang="en">Medical service</p></bud-heading><bud-data exprev="exp"><amounts><amount catpol="5.16" year="n"><figure>80 000</figure></amount><amount catpol="5.16" year="nm1"><figure>60 000</figure></amount><amount catpol="5.16" year="nm2"><figure>56 500,00</figure></amount></amounts></bud-data><bud-remarks><p lang="en">Staff Regulations of Officials of the European Communities, and in particular Article 59 and Article 8 of Annex II.</p><p lang="en">This appropriation is intended to cover the operating costs of the medical service at the three places of work, including the purchase of materials and pharmaceutical products, etc., expenditure on preventive medical check-ups, expenditure arising from the operation of the Invalidity Committee and expenditure on services provided by outside medical specialists deemed necessary by the medical officers.</p><p lang="en">It also covers expenditure involving the purchase of certain work tools deemed necessary on medical grounds.</p><p lang="en">The amount of assigned revenue in accordance with Article 18(1)(e) to (j) of the Financial Regulation is estimated at EUR 500.</p></bud-remarks></nmc-item><nmc-item alias="1 6 3 6" id="N61221659574-23"><bud-heading><p lang="en">Restaurants and canteens</p></bud-heading><bud-data exprev="exp"><amounts><amount catpol="5.16" year="n"><figure>p.m.</figure></amount><amount catpol="5.16" year="nm1"><figure>p.m.</figure></amount><amount catpol="5.16" year="nm2"><figure>0,—</figure></amount></amounts></bud-data><bud-remarks><p lang="en">This appropriation is intended to cover restaurant operating expenditure.</p></bud-remarks></nmc-item><nmc-item alias="1 6 3 8" id="N61221659605-24"><bud-heading><p lang="en">Early Childhood Centre and approved day nurseries</p></bud-heading><bud-data exprev="exp"><amounts><amount catpol="5.16" year="n"><figure>550 000</figure></amount><amount catpol="5.16" year="nm1"><figure>605 000</figure></amount><amount catpol="5.16" year="nm2"><figure>523 954,00</figure></amount></amounts></bud-data><bud-remarks><p lang="en">This appropriation is intended to cover the contributions of the European Economic and Social Committee to the costs of the Union nursery centre and other day nurseries and after-school centres.</p><p lang="en">The amount of assigned revenue in accordance with Article 18(1)(e) to (j) of the Financial Regulation from parental contributions is estimated at EUR 10 000.</p></bud-remarks></nmc-item></nmc-article></nmc-chapter></nmc-title><nmc-title alias="2" id="AAAVB"><bud-heading><p lang="en">BUILDINGS, FURNITURE, EQUIPMENT AND MISCELLANEOUS OPERATING EXPENDITURE</p></bud-heading><bud-data exprev="exp" tot="tot"/><nmc-chapter alias="2 0" id="D20001640"><bud-heading><p lang="en">BUILDINGS AND ASSOCIATED COSTS</p></bud-heading><bud-data exprev="exp" tot="tot"/><bud-remarks><p lang="en">Council Regulation (EC, Euratom) No 1605/2002 of 25 June 2002 on the Financial Regulation applicable to the general budget of the European Communities (OJ L 248, 16.9.2002, p. 1), and in particular Article 60 thereof.</p><p lang="en">Whenever the appropriation is intended to cover expenditure relating to purchase or the conclusion of a contract for the supply of equipment or the provision of services, the institution will consult the other institutions on the conditions which each has obtained.</p></bud-remarks><nmc-article alias="2 0 0" id="D20001641"><bud-heading><p lang="en">Buildings</p></bud-heading><bud-data exprev="exp" tot="tot"/><nmc-item alias="2 0 0 0" id="AP20035603"><bud-heading><p>Rent</p></bud-heading><bud-data exprev="exp"><amounts><amount catpol="5.16" year="n"><figure>2 050 000</figure></amount><amount catpol="5.16" year="nm1"><figure>2 040 000</figure></amount><amount catpol="5.16" year="nm2"><figure>1 988 777,00</figure></amount></amounts><relations><relation type="traditional" value="2 0 0 0"/></relations></bud-data><bud-remarks><p>This appropriation is intended to cover rent on buildings and rental charges for meetings held in buildings that are not occupied permanently.</p><p lang="en">The amount of assigned revenue in accordance with Article 18(1)(e) to (j) of the Financial Regulation is estimated at EUR 1 000.</p></bud-remarks></nmc-item><nmc-item alias="2 0 0 1" id="AP20035604"><bud-heading><p lang="en">Annual lease payments and similar expenditure</p></bud-heading><bud-data exprev="exp"><amounts><amount catpol="5.16" year="n"><figure>10 978 298</figure></amount><amount catpol="5.16" year="nm1"><figure>10 655 001</figure></amount><amount catpol="5.16" year="nm2"><figure>9 790 337,00</figure></amount></amounts><relations><relation type="traditional" value="2 0 0 1"/></relations></bud-data><bud-remarks><p>This appropriation is intended to cover annual lease payments and other similar expenditure owed by the institution in respect of its lease/purchase obligations.</p><p lang="en">The amount of assigned revenue in accordance with Article 18(1)(e) to (j) of the Financial Regulation is estimated at EUR 1 000.</p></bud-remarks></nmc-item><nmc-item alias="2 0 0 3" id="N61221659744-25"><bud-heading><p lang="en">Purchase of premises</p></bud-heading><bud-data exprev="exp"><amounts><amount catpol="5.16" year="n"><figure>p.m.</figure></amount><amount catpol="5.16" year="nm1"><figure>p.m.</figure></amount><amount catpol="5.16" year="nm2"><figure>0,—</figure></amount></amounts></bud-data><bud-remarks><p lang="en">This appropriation is intended to cover the purchase of premises. Subsidies for land and its servicing will be dealt with in accordance with the provisions of the Financial Regulation.</p><p lang="en">The amount of assigned revenue in accordance with Article 18(1)(e) to (j) of the Financial Regulation is estimated at EUR 1 000.</p></bud-remarks></nmc-item><nmc-item alias="2 0 0 5" id="N61221659783-26"><bud-heading><p lang="en">Construction of buildings</p></bud-heading><bud-data exprev="exp"><amounts><amount catpol="5.16" year="n"><figure>p.m.</figure></amount><amount catpol="5.16" year="nm1"><figure>p.m.</figure></amount><amount catpol="5.16" year="nm2"><figure>0,—</figure></amount></amounts></bud-data><bud-remarks><p lang="en">This item is intended to accommodate a possible appropriation for the construction of buildings.</p></bud-remarks></nmc-item><nmc-item alias="2 0 0 7" id="N61221659818-27"><bud-heading><p lang="en">Fitting-out of premises</p></bud-heading><bud-data exprev="exp"><amounts><amount catpol="5.16" year="n"><figure>238 809</figure></amount><amount catpol="5.16" year="nm1"><figure>205 695</figure></amount><amount catpol="5.16" year="nm2"><figure>81 929,00</figure></amount></amounts></bud-data><bud-remarks><p lang="en">This appropriation is intended to cover the performance of fitting-out work, including specific work such as cabling and security and restaurant-related work, etc., as well as other expenditure connected with that work, in particular architects’ or engineers’ fees, etc.</p><p lang="en">The amount of assigned revenue in accordance with Article 18(1)(e) to (j) of the Financial Regulation is estimated at EUR 1 000.</p></bud-remarks></nmc-item><nmc-item alias="2 0 0 8" id="N61571140368-0"><bud-heading><p lang="en">Other expenditure on buildings</p></bud-heading><bud-data exprev="exp"><amounts><amount catpol="5.16" year="n"><figure>35 967</figure></amount><amount catpol="5.16" year="nm1"><figure>35 262</figure></amount><amount catpol="5.16" year="nm2"><figure>7 250,00</figure></amount></amounts></bud-data><bud-remarks><list type="dash"><int.li><p lang="en">This appropriation is intended to cover:</p></int.li><item><p lang="en">expenditure on buildings not specifically provided for in the other articles in this chapter, in particular technical or architectural assistance in connection with studies and the preparation and monitoring of maintenance and other work in buildings,</p></item><item><p lang="en">expenses for building adaptations required by disabled employees and disabled visitors to the European Economic and Social Committee as identified by a disabled access audit, which has already been agreed,</p></item><item><p lang="en">public-utility service charges.</p></item></list></bud-remarks></nmc-item><nmc-item alias="2 0 0 9" id="N61221659882-28"><bud-heading><p lang="en">Provisional appropriation to cover the institution’s property investments</p></bud-heading><bud-data exprev="exp"><amounts><amount catpol="5.16" year="n"><figure>p.m.</figure></amount><amount catpol="5.16" year="nm1"><figure>p.m.</figure></amount><amount catpol="5.16" year="nm2"><figure>0,—</figure></amount></amounts></bud-data><bud-remarks><p lang="en">This appropriation is intended to cover any property investments made by the institution.</p><p lang="en">It is purely provisional and may only be used after its transfer to other headings in accordance with the Financial Regulation.</p></bud-remarks></nmc-item></nmc-article><nmc-article alias="2 0 2" id="N61221660311-29"><bud-heading><p lang="en">Other expenditure on buildings</p></bud-heading><bud-data exprev="exp" tot="tot"/><nmc-item alias="2 0 2 2" id="N61221660408-30"><bud-heading><p lang="en">Cleaning and maintenance</p></bud-heading><bud-data exprev="exp"><amounts><amount catpol="5.16" year="n"><figure>2 657 269</figure></amount><amount catpol="5.16" year="nm1"><figure>2 654 053</figure></amount><amount catpol="5.16" year="nm2"><figure>2 102 476,00</figure></amount></amounts></bud-data><bud-remarks><p lang="en">This appropriation is intended to cover the cost of maintaining premises, lifts, heating and air-conditioning systems and fire doors, as well as rat extermination, repainting and repair work, and maintaining the external appearance of buildings and their environment, including the cost of studies, analyses, authorisations, compliance with Eco-Management and Audit scheme (EMAS) standards, etc.</p><p lang="en">The amount of assigned revenue in accordance with Article 18(1)(e) to (j) of the Financial Regulation is estimated at EUR 5 000.</p></bud-remarks></nmc-item><nmc-item alias="2 0 2 4" id="N61221660428-31"><bud-heading><p lang="en">Energy consumption</p></bud-heading><bud-data exprev="exp"><amounts><amount catpol="5.16" year="n"><figure>1 077 627</figure></amount><amount catpol="5.16" year="nm1"><figure>1 063 737</figure></amount><amount catpol="5.16" year="nm2"><figure>866 101,00</figure></amount></amounts></bud-data><bud-remarks><p lang="en">This appropriation is intended to cover, in particular, water, gas, electricity and heating costs.</p><p lang="en">The amount of assigned revenue in accordance with Article 18(1)(e) to (j) of the Financial Regulation is estimated at EUR 1 000.</p></bud-remarks></nmc-item><nmc-item alias="2 0 2 6" id="N61221660452-32"><bud-heading><p lang="en">Security and surveillance</p></bud-heading><bud-data exprev="exp"><amounts><amount catpol="5.16" year="n"><figure>2 055 503</figure></amount><amount catpol="5.16" year="nm1"><figure>1 603 238</figure></amount><amount catpol="5.16" year="nm2"><figure>2 039 080,00</figure></amount></amounts></bud-data><bud-remarks><p lang="en">This appropriation is intended to cover essentially the costs of caretaking and surveillance in respect of buildings.</p><p lang="en">The amount of assigned revenue in accordance with Article 18(1)(e) to (j) of the Financial Regulation is estimated at EUR 1 000.</p></bud-remarks></nmc-item><nmc-item alias="2 0 2 8" id="N61221660470-33"><bud-heading><p lang="en">Insurance</p></bud-heading><bud-data exprev="exp"><amounts><amount catpol="5.16" year="n"><figure>130 930</figure></amount><amount catpol="5.16" year="nm1"><figure>122 242</figure></amount><amount catpol="5.16" year="nm2"><figure>124 576,00</figure></amount></amounts></bud-data><bud-remarks><p lang="en">This appropriation is intended to cover payments in respect of insurance policy premiums.</p><p lang="en">The amount of assigned revenue in accordance with Article 18(1)(e) to (j) of the Financial Regulation is estimated at EUR 10 000.</p></bud-remarks></nmc-item></nmc-article></nmc-chapter><nmc-chapter alias="2 1" id="D20001650"><bud-heading><p lang="en">DATA PROCESSING, EQUIPMENT AND FURNITURE: PURCHASE, HIRE AND MAINTENANCE</p></bud-heading><bud-data exprev="exp" tot="tot"/><bud-remarks><p lang="en">Whenever the appropriation is intended to cover expenditure relating to purchase or the conclusion of a contract for the supply of equipment or the provision of services, the institution will consult the other institutions on the conditions which each has obtained.</p></bud-remarks><nmc-article alias="2 1 0" id="D20001651"><bud-heading><p lang="en">Equipment, operating costs and services relating to data processing and telecommunications</p></bud-heading><bud-data exprev="exp" tot="tot"/><nmc-item alias="2 1 0 0" id="N61221660542-34"><bud-heading><p lang="en">Purchase, servicing and maintenance of equipment and software, and related work</p></bud-heading><bud-data exprev="exp"><amounts><amount catpol="5.16" year="n"><figure>1 144 774</figure></amount><amount catpol="5.16" year="nm1"><figure>1 180 502</figure></amount><amount catpol="5.16" year="nm2"><figure>1 312 141,00</figure></amount></amounts></bud-data><bud-remarks><p lang="en">This appropriation is intended to cover expenditure on the purchase, hire, servicing and maintenance of equipment and software for the institution, and related work.</p><p lang="en">The amount of assigned revenue in accordance with Article 18(1)(e) to (j) of the Financial Regulation is estimated at EUR 1 000.</p></bud-remarks></nmc-item><nmc-item alias="2 1 0 2" id="N61221660601-35"><bud-heading><p lang="en">Outside assistance in connection with the operation, development and maintenance of software systems</p></bud-heading><bud-data exprev="exp"><amounts><amount catpol="5.16" year="n"><figure>2 099 583</figure></amount><amount catpol="5.16" year="nm1"><figure>1 818 183</figure></amount><amount catpol="5.16" year="nm2"><figure>1 605 250,00</figure></amount></amounts></bud-data><bud-remarks><p lang="en">This appropriation is intended to cover the cost of outside assistance from service bureaux and data-processing consultants in connection with the operation of the data-processing centre and the network, the production and maintenance of applications, support for users, including Members, the carrying out of studies, and the drawing-up and input of technical documentation.</p><p lang="en">The amount of assigned revenue in accordance with Article 18(1)(e) to (j) of the Financial Regulation is estimated at EUR 1 000.</p></bud-remarks></nmc-item><nmc-item alias="2 1 0 3" id="N61221660619-36"><bud-heading><p lang="en">Telecommunications</p></bud-heading><bud-data exprev="exp"><amounts><amount catpol="5.16" year="n"><figure>754 319</figure></amount><amount catpol="5.16" year="nm1"><figure>719 480</figure></amount><amount catpol="5.16" year="nm2"><figure>449 734,00</figure></amount></amounts></bud-data><bud-remarks><p lang="en">This appropriation is intended to cover wired and wireless telecommunication subscriptions and charges (fixed-line and mobile telephony, television), as well as costs incurred in connection with data transmission networks and telematic services. It also covers the co-financing of equipment provided to Members and delegates enabling them to receive the documents of the European Economic and Social Committee electronically.</p><p lang="en">The amount of assigned revenue in accordance with Article 18(1)(e) to (j) of the Financial Regulation is estimated at EUR 1 000.</p></bud-remarks></nmc-item></nmc-article><nmc-article alias="2 1 2" id="N61221660653-37"><bud-heading><p lang="en">

Furniture</p></bud-heading><bud-data exprev="exp"><amounts><amount catpol="5.16" year="n"><figure>182 590</figure></amount><amount catpol="5.16" year="nm1"><figure>181 066</figure></amount><amount catpol="5.16" year="nm2"><figure>164 031,00</figure></amount></amounts></bud-data><bud-remarks><p lang="en">This appropriation is intended to cover the purchase, hire, maintenance and repair of furniture, including the purchase of ergonomic furniture, the replacement of worn-out and broken furniture and office machines.</p><p lang="en">In connection with works of art, this appropriation is intended to cover both the cost of acquiring and purchasing specific material and the current expenditure relating thereto, including framing, restoration, cleaning, insurance and ad hoc transport costs.</p><p lang="en">The amount of assigned revenue in accordance with Article 18(1)(e) to (j) of the Financial Regulation is estimated at EUR 5 000.</p></bud-remarks></nmc-article><nmc-article alias="2 1 4" id="N61221660716-39"><bud-heading><p lang="en">Technical equipment and installations</p></bud-heading><bud-data exprev="exp"><amounts><amount catpol="5.16" year="n"><figure>870 368</figure></amount><amount catpol="5.16" year="nm1"><figure>783 955</figure></amount><amount catpol="5.16" year="nm2"><figure>880 911,00</figure></amount></amounts></bud-data><bud-remarks><list type="dash"><int.li><p lang="en">This appropriation is intended to cover the purchase, hire, maintenance and repair of technical equipment and installations, and in particular of:</p></int.li><item><p lang="en">miscellaneous fixed and mobile technical installations and equipment in connection with publishing, archiving, security, canteens and buildings, etc.,</p></item><item><p lang="en">equipment in particular for the printshop, archives, telephone service, canteens, staff shops, security, conferences, the audiovisual sector, etc.</p></item></list><p lang="en">The amount of assigned revenue in accordance with Article 18(1)(e) to (j) of the Financial Regulation is estimated at EUR 35 000.</p></bud-remarks></nmc-article><nmc-article alias="2 1 6" id="N61221660737-40"><bud-heading><p lang="en">Vehicles</p></bud-heading><bud-data exprev="exp"><amounts><amount catpol="5.16" year="n"><figure>110 400</figure></amount><amount catpol="5.16" year="nm1"><figure>100 671</figure></amount><amount catpol="5.16" year="nm2"><figure>87 703,00</figure></amount></amounts></bud-data><bud-remarks><p lang="en">This appropriation is intended to cover the purchase, maintenance, use and repair of vehicles (fleet of cars and bicycles) and the hire of cars, taxis, coaches and lorries, with or without drivers, including the necessary insurance cover.</p><p lang="en">The amount of assigned revenue in accordance with Article 18(1)(e) to (j) of the Financial Regulation is estimated at EUR 4 000.</p></bud-remarks></nmc-article></nmc-chapter><nmc-chapter alias="2 3" id="N61221660775-41"><bud-heading><p lang="en">CURRENT ADMINISTRATIVE EXPENDITURE</p></bud-heading><bud-data exprev="exp" tot="tot"/><nmc-article alias="2 3 0" id="N61221661160-42"><bud-heading><p lang="en">Stationery, office supplies and miscellaneous consumables</p></bud-heading><bud-data exprev="exp"><amounts><amount catpol="5.16" year="n"><figure>314 438</figure></amount><amount catpol="5.16" year="nm1"><figure>327 937</figure></amount><amount catpol="5.16" year="nm2"><figure>284 887,00</figure></amount></amounts></bud-data><bud-remarks><p lang="en">This appropriation is intended to cover the costs of purchasing paper, envelopes, office supplies, products required by the printing and duplicating shops and the cost of some outside printing work.</p><p lang="en">The amount of assigned revenue in accordance with Article 18(1)(e) to (j) of the Financial Regulation is estimated at EUR 10 000.</p></bud-remarks></nmc-article><nmc-article alias="2 3 1" id="N61221661181-43"><bud-heading><p lang="en">Financial charges</p></bud-heading><bud-data exprev="exp"><amounts><amount catpol="5.16" year="n"><figure>20 000</figure></amount><amount catpol="5.16" year="nm1"><figure>10 000</figure></amount><amount catpol="5.16" year="nm2"><figure>11 000,00</figure></amount></amounts></bud-data><bud-remarks><p lang="en">This appropriation is intended to cover bank charges (commission, agios and miscellaneous charges) and other financial charges, including ancillary costs for the financing of buildings.</p><p lang="en">The amount of assigned revenue in accordance with Article 18(1)(e) to (j) of the Financial Regulation is estimated at EUR 100.</p></bud-remarks></nmc-article><nmc-article alias="2 3 2" id="N61221761207-44"><bud-heading><p lang="en">Legal costs and damages</p></bud-heading><bud-data exprev="exp"><amounts><amount catpol="5.16" year="n"><figure>40 000</figure></amount><amount catpol="5.16" year="nm1"><figure>20 000</figure></amount><amount catpol="5.16" comp="true" year="nm2"><figure>33 237,00</figure></amount></amounts></bud-data><bud-remarks><list type="dash"><int.li><p lang="en">This appropriation is intended to cover:</p></int.li><item><p lang="en"> all costs deriving from the European Economic and Social Committee’s involvement in cases before the Union and national courts, the cost of legal services, the purchase of legal works and equipment, and any other legal, court or out-of-court expenses to which the Legal Service contributes,</p></item><item><p lang="en">damages, interest and any debts within the meaning of Article 8(3) of the Financial Regulation.</p></item></list><p lang="en">The amount of assigned revenue in accordance with Article 18(1)(e) to (j) of the Financial Regulation is estimated at EUR 1 000.</p></bud-remarks></nmc-article><nmc-article alias="2 3 6" id="N61221761261-45"><bud-heading><p lang="en">Postage on correspondence and delivery charges</p></bud-heading><bud-data exprev="exp"><amounts><amount catpol="5.16" year="n"><figure>200 000</figure></amount><amount catpol="5.16" year="nm1"><figure>315 000</figure></amount><amount catpol="5.16" year="nm2"><figure>264 350,00</figure></amount></amounts></bud-data><bud-remarks><p lang="en">This appropriation is intended to cover charges for postage, processing and delivery by the postal services or private delivery firms.</p></bud-remarks></nmc-article><nmc-article alias="2 3 8" id="N61221761277-46"><bud-heading><p lang="en">Other administrative expenditure</p></bud-heading><bud-data exprev="exp"><amounts><amount catpol="5.16" year="n"><figure>137 277</figure></amount><amount catpol="5.16" year="nm1"><figure>144 448</figure></amount><amount catpol="5.16" year="nm2"><figure>102 828,00</figure></amount></amounts></bud-data><bud-remarks><list type="dash"><int.li><p lang="en">This appropriation is intended to cover:</p></int.li><item><p lang="en">insurance not specifically provided for in another item,</p></item><item><p lang="en">the purchase and maintenance of uniforms for ushers, drivers and removal personnel, medical services and various technical services,</p></item><item><p lang="en">all removal and handling expenses and those incurred by using removal firms or by using the services of interim handling agents,</p></item><item><p lang="en">miscellaneous operating expenses, such as for the purchase of railway and flight timetables, the publication of notices of sales of second-hand equipment in newspapers, etc.</p></item></list><p lang="en">The amount of assigned revenue in accordance with Article 18(1)(e) to (j) of the Financial Regulation is estimated at EUR 500.</p></bud-remarks></nmc-article></nmc-chapter><nmc-chapter alias="2 5" id="N61221761301-47"><bud-heading><p lang="en">OPERATIONAL ACTIVITIES</p></bud-heading><bud-data exprev="exp" tot="tot"/><nmc-article alias="2 5 4" id="N61221761370-48"><bud-heading><p lang="en">Meetings, conferences, congresses, seminars and other events</p></bud-heading><bud-data exprev="exp" tot="tot"/><nmc-item alias="2 5 4 0" id="N61221761390-49"><bud-heading><p lang="en">Miscellaneous expenditure on internal meetings</p></bud-heading><bud-data exprev="exp"><amounts><amount catpol="5.16" year="n"><figure>215 000</figure></amount><amount catpol="5.16" year="nm1"><figure>185 000</figure></amount><amount catpol="5.16" year="nm2"><figure>155 569,00</figure></amount></amounts></bud-data><bud-remarks><p lang="en">This appropriation is intended to cover the cost of drinks and, occasionally, of snacks and working meals at internal meetings.</p><p lang="en">The amount of assigned revenue in accordance with Article 18(1)(e) to (j) of the Financial Regulation is estimated at EUR 1 000.</p></bud-remarks></nmc-item><nmc-item alias="2 5 4 2" id="N61221761422-50"><bud-heading><p lang="en">Miscellaneous expenditure on the organisation of and participation in conferences, congresses and meetings</p></bud-heading><bud-data exprev="exp"><amounts><amount catpol="5.16" year="n"><figure>587 745</figure></amount><amount catpol="5.16" year="nm1"><figure>555 000</figure></amount><amount catpol="5.16" year="nm2"><figure>353 895,00</figure></amount></amounts></bud-data><bud-remarks><p lang="en">This appropriation is intended to cover expenses, including representation and logistical expenses, connected with (a) the attendance by European Economic and Social Committee representatives at congresses, conferences, seminars, symposia, etc. and (b) the organisation by the European Economic and Social Committee of hearings and both general and specific conferences and meetings (including overall contributions in the event that these events are co-organised with third parties and expenses connected with contracting out).</p><p lang="en">It also covers all expenditure incurred in the organisation of meetings between the European Economic and Social Committee and its counterparts (including socio-economic interest groups) from both the EU and non-member countries.</p><p lang="en">This appropriation also covers expenditure incurred as a result of (a) visits to the European Economic and Social Committee by delegations from socio-professional interest groups in third countries and (b) the activities of the Association of former Committee members.</p><p lang="en">The amount of assigned revenue in accordance with Article 18(1)(e) to (j) of the Financial Regulation is estimated at EUR 250 000.</p></bud-remarks></nmc-item><nmc-item alias="2 5 4 4" id="N61221761469-51"><bud-heading><p lang="en">Costs of organising the work of the Consultative Commission on Industrial Change (CCMI)</p></bud-heading><bud-data exprev="exp"><amounts><amount catpol="5.16" year="n"><figure>105 000</figure></amount><amount catpol="5.16" year="nm1"><figure>98 391</figure></amount><amount catpol="5.16" year="nm2"><figure>68 455,00</figure></amount></amounts></bud-data><bud-remarks><p lang="en">This appropriation is intended to cover the operating expenses of the Consultative Commission on Industrial Change (CCMI), excluding European Economic and Social Committee Members’ and CCMI delegates’ travel expenses and allowances.</p><p lang="en">The amount of assigned revenue in accordance with Article 18(1)(e) to (j) of the Financial Regulation is estimated at EUR 1 000.</p></bud-remarks></nmc-item><nmc-item alias="2 5 4 6" id="N61221761501-52"><bud-heading><p lang="en">Costs arising from the institution’s entertainment and representation obligations</p></bud-heading><bud-data exprev="exp"><amounts><amount catpol="5.16" year="n"><figure>139 000</figure></amount><amount catpol="5.16" year="nm1"><figure>169 000</figure></amount><amount catpol="5.16" year="nm2"><figure>174 396,00</figure></amount></amounts></bud-data><bud-remarks><p lang="en">This appropriation is intended to cover expenses related to the obligations of the institution regarding entertainment and representation. </p><p lang="en">The amount of assigned revenue in accordance with Article 18(1)(e) to (j) of the Financial Regulation is estimated at EUR 1 000.</p></bud-remarks></nmc-item><nmc-item alias="2 5 4 8" id="N61221761525-53"><bud-heading><p lang="en">Interpreting</p></bud-heading><bud-data exprev="exp"><amounts><amount catpol="5.16" year="n"><figure>8 600 000</figure></amount><amount catpol="5.16" year="nm1"><figure>8 500 000</figure><reserve><figure>500 000</figure><alias>10 0</alias><total><figure>9 000 000</figure></total></reserve></amount><amount catpol="5.16" year="nm2"><figure>7 273 167,00</figure></amount></amounts></bud-data><bud-remarks><p lang="en">This appropriation is intended to cover expenditure on the services of interpreters (either freelance or made available by another institution) provided to the European Economic and Social Committee, including their fees, travel expenses and subsistence allowances. </p><p lang="en">The amount of assigned revenue in accordance with Article 18(1)(e) to (j) of the Financial Regulation is estimated at EUR 1 000.</p></bud-remarks></nmc-item></nmc-article></nmc-chapter><nmc-chapter alias="2 6" id="N61221761595-54"><bud-heading><p lang="en">COMMUNICATION, PUBLICATIONS AND ACQUISITION OF DOCUMENTATION</p></bud-heading><bud-data exprev="exp" tot="tot"/><nmc-article alias="2 6 0" id="N61221761625-55"><bud-heading><p lang="en">Communication, information and publications</p></bud-heading><bud-data exprev="exp" tot="tot"/><nmc-item alias="2 6 0 0" id="N61221761647-56"><bud-heading><p lang="fr">Communication</p></bud-heading><bud-data exprev="exp"><amounts><amount catpol="5.16" year="n"><figure>825 000</figure></amount><amount catpol="5.16" year="nm1"><figure>773 000</figure></amount><amount catpol="5.16" year="nm2"><figure>682 802,00</figure></amount></amounts></bud-data><bud-remarks><p lang="en">This appropriation is intended to cover the European Economic and Social Committee’s communication and information expenses, whether relating to the objectives and activities of the Committee, information activities aimed at the general public or socio-occupational organisations, media coverage of conferences, congresses and seminars, or the organisation and media coverage of major public events, cultural initiatives or any other of the Committee’s various events, including the organised civil society prize. It also covers all materials, services, consumables and supplies connected with these events.</p><p lang="en">The amount of assigned revenue in accordance with Article 18(1)(e) to (j) of the Financial Regulation is estimated at EUR 1 000.</p></bud-remarks></nmc-item><nmc-item alias="2 6 0 2" id="N61221761678-57"><bud-heading><p lang="en">Publishing and promotion of publications</p></bud-heading><bud-data exprev="exp"><amounts><amount catpol="5.16" year="n"><figure>563 000</figure></amount><amount catpol="5.16" year="nm1"><figure>514 000</figure></amount><amount catpol="5.16" year="nm2"><figure>349 346,00</figure></amount></amounts></bud-data><bud-remarks><p lang="en">This appropriation is intended to cover the European Economic and Social Committee’s publication costs on all media to promote publications and general information.</p><p lang="en">The amount of assigned revenue in accordance with Article 18(1)(e) to (j) of the Financial Regulation is estimated at EUR 50 000.</p></bud-remarks></nmc-item><nmc-item alias="2 6 0 4" id="N61221761696-58"><bud-heading><p lang="en">Official Journal</p></bud-heading><bud-data exprev="exp"><amounts><amount catpol="5.16" year="n"><figure>500 000</figure></amount><amount catpol="5.16" year="nm1"><figure>750 000</figure></amount><amount catpol="5.16" year="nm2"><figure>860 000,00</figure></amount></amounts></bud-data><bud-remarks><p lang="en">This appropriation is intended to cover printing expenses for publications in the <ft type="ht">Official Journal of the European Union</ft>, as well as postage and associated costs.</p><p lang="en">The amount of assigned revenue in accordance with Article 18(1)(e) to (j) of the Financial Regulation is estimated at EUR 125 000.</p></bud-remarks></nmc-item></nmc-article><nmc-article alias="2 6 2" id="N61221761724-59"><bud-heading><p lang="en">Acquisition of information, documentation and archiving</p></bud-heading><bud-data exprev="exp" tot="tot"/><nmc-item alias="2 6 2 0" id="N61221761752-60"><bud-heading><p lang="en">Studies, research and hearings</p></bud-heading><bud-data exprev="exp"><amounts><amount catpol="5.16" year="n"><figure>175 000</figure></amount><amount catpol="5.16" year="nm1"><figure>175 000</figure></amount><amount catpol="5.16" year="nm2"><figure>99 808,00</figure></amount></amounts></bud-data><bud-remarks><p lang="en">This appropriation is intended to cover the cost of hearings of experts in specific fields and studies contracted out to experts and research institutes.</p></bud-remarks></nmc-item><nmc-item alias="2 6 2 2" id="N61221761778-61"><bud-heading><p lang="en">Documentation and library</p></bud-heading><bud-data exprev="exp"><amounts><amount catpol="5.16" year="n"><figure>182 357</figure></amount><amount catpol="5.16" year="nm1"><figure>189 369</figure></amount><amount catpol="5.16" year="nm2"><figure>151 086,00</figure></amount></amounts></bud-data><bud-remarks><list type="dash"><int.li><p lang="en">This appropriation is intended to cover:</p></int.li><item><p lang="en">the expansion and renewal of the general reference section and the updating of the library’s collection,</p></item><item><p lang="en">subscriptions to newspapers, periodicals, information agencies, their publications and online services, including copyright fees for the copying and distribution in print or electronic form of these publications, and service contracts for press reviews and cuttings,</p></item><item><p lang="en">subscriptions or service contracts for the provision of summaries and analyses of the content of periodicals or the storage on optical media of articles extracted from these periodicals,</p></item><item><p lang="en">the costs of using external documentary and statistical databases, excluding information technology equipment and telecommunication costs,</p></item><item><p lang="en">costs arising from obligations undertaken by the European Economic and Social Committee in the framework of international and/or interinstitutional cooperation,</p></item><item><p lang="en">the purchase or hire of special equipment, including electric, electronic and IT library, documentation and multimedia equipment and systems, as well as external services for the acquisition, development, installation, use and maintenance of this equipment and these systems,</p></item><item><p lang="en">the cost of services connected with the activities of the library, including those provided for its users (searches, analyses), the quality management system, etc.,</p></item><item><p lang="en">binding and conservation materials and work for the library, documentation service and multimedia resource centre,</p></item><item><p lang="en">
the cost, including materials, of internal publications (brochures, studies etc) and communication (newsletters, videos, CD-ROMs etc.),</p></item><item><p lang="en">the purchase of dictionaries, glossaries and other works for the language service.</p></item></list><p lang="en">The amount of assigned revenue in accordance with Article 18(1)(e) to (j) of the Financial Regulation is estimated at EUR 500.</p></bud-remarks></nmc-item><nmc-item alias="2 6 2 4" id="N61221761814-62"><bud-heading><p lang="en">Archiving and related work</p></bud-heading><bud-data exprev="exp"><amounts><amount catpol="5.16" year="n"><figure>43 656</figure></amount><amount catpol="5.16" year="nm1"><figure>41 984</figure></amount><amount catpol="5.16" year="nm2"><figure>32 089,00</figure></amount></amounts></bud-data><bud-remarks><list type="dash"><int.li><p lang="en">This appropriation is intended to cover:</p></int.li><item><p lang="en">the cost of binding the <ft type="ht">Official Journal of the European Union</ft> and various brochures,</p></item><item><p lang="en">the cost of external archiving services, including sorting, filing and refiling, the cost of archiving services, the acquisition and use of archive materials on back-up media (microfilm, disk, cassette etc), as well as the purchase, hire and maintenance of special materials (electric, electronic, IT) and the cost of publishing on all media (brochures, CD-ROMs etc).</p></item></list><p lang="en">The amount of assigned revenue in accordance with Article 18(1)(e) to (j) of the Financial Regulation is estimated at EUR 500.</p></bud-remarks></nmc-item></nmc-article></nmc-chapter></nmc-title><nmc-title alias="10" id="AABDP"><bud-heading><p>OTHER EXPENDITURE</p></bud-heading><bud-data exprev="exp" tot="tot"/><nmc-chapter alias="10 0" id="AABDV"><bud-heading><p>PROVISIONAL APPROPRIATIONS</p></bud-heading><bud-data exprev="exp"><amounts><amount catpol="5.16" year="n"><figure>20 000</figure></amount><amount catpol="5.16" year="nm1"><figure>500 000</figure></amount><amount catpol="5.16" year="nm2"><figure>0,—</figure></amount></amounts><relations><relation type="traditional" value="10 0"/></relations></bud-data><bud-remarks><reuse-link reuse="reuse-link"><reuse-param name="class" value="com.softwareag.belgium.xef.impl.filters.CheckOutAndFilter"/><reuse-param name="xpath" value="/abb[1]/nmc-section[1]/nmc-expenditure[1]"/><reuse-param name="filter" value="com.softwareag.belgium.seibud.abb.LinkAndReuse.NDiffReservesBreakdown"/><reuse-param-list name="aliases"><reuse-param name="alias" value="10 0"/></reuse-param-list></reuse-link></bud-remarks></nmc-chapter><nmc-chapter alias="10 1" id="AABEC"><bud-heading><p>CONTINGENCY RESERVE</p></bud-heading><bud-data exprev="exp"><amounts><amount catpol="5.16" year="n"><figure>p.m.</figure></amount><amount catpol="5.16" year="nm1"><figure>p.m.</figure></amount><amount catpol="5.16" year="nm2"><figure>0,—</figure></amount></amounts><relations><relation type="traditional" value="10 1"/></relations></bud-data></nmc-chapter><nmc-chapter alias="10 2" id="D20001675"><bud-heading><p>RESERVE TO PROVIDE FOR THE TAKEOVER OF BUILDINGS</p></bud-heading><bud-data exprev="exp"><amounts><amount catpol="5.16" year="n"><figure>p.m.</figure></amount><amount catpol="5.16" year="nm1"><figure>p.m.</figure></amount><amount catpol="5.16" year="nm2"><figure>0,—</figure></amount></amounts><relations><relation type="traditional" value="10 2"/></relations></bud-data></nmc-chapter></nmc-title></nmc-expenditure><nmc-grseq alias="S" id="JfLfINKefcLObKKGHHKJLJcPHIMeGOcNKMINfOJ"><bud-heading><p lang="en">Staff</p></bud-heading><nmc-grseq alias="S 1" id="JfLfINKefcLObKKGHHKJLJcPHIMeGOcNKMINfOH"><bud-heading><p lang="en">Section VI — European Economic and Social Committee</p></bud-heading><bud-text><table frame="all"><tgroup cols="5"><colspec colname="C1" colnum="1" colwidth="106.85pt"/><colspec colname="C2" colnum="2" colwidth="106.3pt"/><colspec colname="C3" colnum="3" colwidth="99.2pt"/><colspec colname="C4" colnum="4" colwidth="106.35pt"/><colspec colname="C5" colnum="5" colwidth="106.3pt"/><thead><row><entry align="center" colname="C1" colsep="1" morerows="2" rowsep="1" valign="middle"><p lang="en">Function group and grade</p></entry><entry align="center" colsep="1" nameend="C5" namest="C2" rowsep="1"><p lang="en">European Economic and Social Committee</p></entry></row><row><entry align="center" colsep="1" nameend="C3" namest="C2" rowsep="1"><p lang="en">2010</p></entry><entry align="center" colsep="1" nameend="C5" namest="C4" rowsep="1"><p lang="en">2009</p></entry></row><row><entry align="center" colname="C2" colsep="1" rowsep="1"><p lang="en">Permanent posts</p></entry><entry align="center" colname="C3" colsep="1" rowsep="1"><p lang="en">Temporary posts</p></entry><entry align="center" colname="C4" colsep="1" rowsep="1"><p lang="en">Permanent posts</p></entry><entry align="center" colname="C5" colsep="1" rowsep="1"><p lang="en">Temporary posts</p></entry></row></thead><tbody><row><entry align="center" colname="C1" colsep="1" rowsep="0" valign="middle"><p lang="en">Non-category</p></entry><entry colname="C2" colsep="1" rowsep="0"/><entry align="center" colname="C3" colsep="1" rowsep="0"><p lang="en">1</p></entry><entry colname="C4" colsep="1" rowsep="0"/><entry align="center" colname="C5" colsep="1" rowsep="0"><p lang="en">1</p></entry></row><row><entry align="center" colname="C1" colsep="1" rowsep="0" valign="middle"><p lang="en">AD 16</p></entry><entry colname="C2" colsep="1" rowsep="0"/><entry colname="C3" colsep="1" rowsep="0"/><entry colname="C4" colsep="1" rowsep="0"/><entry colname="C5" colsep="1" rowsep="0"/></row><row><entry align="center" colname="C1" colsep="1" rowsep="0" valign="middle"><p lang="en">AD 15</p></entry><entry align="center" colname="C2" colsep="1" rowsep="0"><p lang="en">6</p></entry><entry colname="C3" colsep="1" rowsep="0"/><entry align="center" colname="C4" colsep="1" rowsep="0"><p lang="en">5</p></entry><entry colname="C5" colsep="1" rowsep="0"/></row><row><entry align="center" colname="C1" colsep="1" rowsep="0" valign="middle"><p lang="en">AD 14</p></entry><entry align="center" colname="C2" colsep="1" rowsep="0"><p lang="en">20</p></entry><entry align="center" colname="C3" colsep="1" rowsep="0"><p lang="en">1</p></entry><entry align="center" colname="C4" colsep="1" rowsep="0"><p lang="en">21</p></entry><entry align="center" colname="C5" colsep="1" rowsep="0"><p lang="en">1</p></entry></row><row><entry align="center" colname="C1" colsep="1" rowsep="0" valign="middle"><p lang="en">AD 13</p></entry><entry align="center" colname="C2" colsep="1" rowsep="0"><p lang="en">21</p></entry><entry align="center" colname="C3" colsep="1" rowsep="0"><p lang="en">1</p></entry><entry align="center" colname="C4" colsep="1" rowsep="0"><p lang="en">11</p></entry><entry colname="C5" colsep="1" rowsep="0"/></row><row><entry align="center" colname="C1" colsep="1" rowsep="0" valign="middle"><p lang="en">AD 12</p></entry><entry align="center" colname="C2" colsep="1" rowsep="0"><p lang="en">52</p></entry><entry align="center" colname="C3" colsep="1" rowsep="0"><p lang="en">2</p></entry><entry align="center" colname="C4" colsep="1" rowsep="0"><p lang="en">57</p></entry><entry align="center" colname="C5" colsep="1" rowsep="0"><p lang="en">3</p></entry></row><row><entry align="center" colname="C1" colsep="1" rowsep="0" valign="middle"><p lang="en">AD 11</p></entry><entry align="center" colname="C2" colsep="1" rowsep="0"><p lang="en">28</p></entry><entry colname="C3" colsep="1" rowsep="0"/><entry align="center" colname="C4" colsep="1" rowsep="0"><p lang="en">36</p></entry><entry colname="C5" colsep="1" rowsep="0"/></row><row><entry align="center" colname="C1" colsep="1" rowsep="0" valign="middle"><p lang="en">AD 10</p></entry><entry align="center" colname="C2" colsep="1" rowsep="0"><p lang="en">25</p></entry><entry colname="C3" colsep="1" rowsep="0"/><entry align="center" colname="C4" colsep="1" rowsep="0"><p lang="en">29</p></entry><entry colname="C5" colsep="1" rowsep="0"/></row><row><entry align="center" colname="C1" colsep="1" rowsep="0" valign="middle"><p lang="en">AD 9</p></entry><entry align="center" colname="C2" colsep="1" rowsep="0"><p lang="en">19</p></entry><entry align="center" colname="C3" colsep="1" rowsep="0"><p lang="en">
5</p></entry><entry align="center" colname="C4" colsep="1" rowsep="0"><p lang="en">21</p></entry><entry align="center" colname="C5" colsep="1" rowsep="0"><p lang="en">3</p></entry></row><row><entry align="center" colname="C1" colsep="1" rowsep="0" valign="middle"><p lang="en">AD 8</p></entry><entry align="center" colname="C2" colsep="1" rowsep="0"><p lang="en">6</p></entry><entry align="center" colname="C3" colsep="1" rowsep="0"><p lang="en">4</p></entry><entry align="center" colname="C4" colsep="1" rowsep="0"><p lang="en">9</p></entry><entry align="center" colname="C5" colsep="1" rowsep="0"><p lang="en">3</p></entry></row><row><entry align="center" colname="C1" colsep="1" rowsep="0" valign="middle"><p lang="en">AD 7</p></entry><entry align="center" colname="C2" colsep="1" rowsep="0"><p lang="en">17</p></entry><entry align="center" colname="C3" colsep="1" rowsep="0"><p lang="en">2</p></entry><entry align="center" colname="C4" colsep="1" rowsep="0"><p lang="en">14</p></entry><entry colname="C5" colsep="1" rowsep="0"/></row><row><entry align="center" colname="C1" colsep="1" rowsep="0" valign="middle"><p lang="en">AD 6</p></entry><entry align="center" colname="C2" colsep="1" rowsep="0"><p lang="en">62</p></entry><entry align="center" colname="C3" colsep="1" rowsep="0"><p lang="en">1</p></entry><entry align="center" colname="C4" colsep="1" rowsep="0"><p lang="en">53</p></entry><entry align="center" colname="C5" colsep="1" rowsep="0"><p lang="en">1</p></entry></row><row><entry align="center" colname="C1" colsep="1" rowsep="0" valign="middle"><p lang="en">AD 5</p></entry><entry align="center" colname="C2" colsep="1" rowsep="1"><p lang="en">66</p></entry><entry align="center" colname="C3" colsep="1" rowsep="1"><p lang="en">2</p></entry><entry align="center" colname="C4" colsep="1" rowsep="1"><p lang="en">63</p></entry><entry align="center" colname="C5" colsep="1" rowsep="1"><p lang="en">1</p></entry></row><row><entry align="right" colname="C1" colsep="1" rowsep="1" valign="middle"><p lang="en">AD total</p></entry><entry align="center" colname="C2" colsep="1" rowsep="1"><p lang="en">322</p></entry><entry align="center" colname="C3" colsep="1" rowsep="1"><p lang="en">18</p></entry><entry align="center" colname="C4" colsep="1" rowsep="1"><p lang="en">319</p></entry><entry align="center" colname="C5" colsep="1" rowsep="1"><p lang="en">12</p></entry></row><row><entry align="center" colname="C1" colsep="1" rowsep="0" valign="middle"><p lang="en">AST 11</p></entry><entry align="center" colname="C2" colsep="1" rowsep="0"><p lang="en">4</p></entry><entry colname="C3" colsep="1" rowsep="0"/><entry align="center" colname="C4" colsep="1" rowsep="0"><p lang="en">3</p></entry><entry colname="C5" colsep="1" rowsep="0"/></row><row><entry align="center" colname="C1" colsep="1" rowsep="0" valign="middle"><p lang="en">AST 10</p></entry><entry align="center" colname="C2" colsep="1" rowsep="0"><p lang="en">7</p></entry><entry colname="C3" colsep="1" rowsep="0"/><entry align="center" colname="C4" colsep="1" rowsep="0"><p lang="en">7</p></entry><entry colname="C5" colsep="1" rowsep="0"/></row><row><entry align="center" colname="C1" colsep="1" rowsep="0" valign="middle"><p lang="en">AST 9</p></entry><entry align="center" colname="C2" colsep="1" rowsep="0"><p lang="en">15</p></entry><entry align="center" colname="C3" colsep="1" rowsep="0"><p lang="en">1</p></entry><entry align="center" colname="C4" colsep="1" rowsep="0"><p lang="en">16</p></entry><entry colname="C5" colsep="1" rowsep="0"/></row><row><entry align="center" colname="C1" colsep="1" rowsep="0" valign="middle"><p lang="en">AST 8</p></entry><entry align="center" colname="C2" colsep="1" rowsep="0"><p lang="en">15</p></entry><entry colname="C3" colsep="1" rowsep="0"/><entry align="center" colname="C4" colsep="1" rowsep="0"><p lang="en">13</p></entry><entry align="center" colname="C5" colsep="1" rowsep="0"><p lang="en">2</p></entry></row><row><entry align="center" colname="C1" colsep="1" rowsep="0" valign="middle"><p lang="en">AST 7</p></entry><entry align="center" colname="C2" colsep="1" rowsep="0"><p lang="en">39</p></entry><entry align="center" colname="C3" colsep="1" rowsep="0"><p lang="en">2</p></entry><entry align="center" colname="C4" colsep="1" rowsep="0"><p lang="en">29</p></entry><entry align="center" colname="C5" colsep="1" rowsep="0"><p lang="en">4</p></entry></row><row><entry align="center" colname="C1" colsep="1" rowsep="0" valign="middle"><p lang="en">AST 6</p></entry><entry align="center" colname="C2" colsep="1" rowsep="0"><p lang="en">60</p></entry><entry align="center" colname="C3" colsep="1" rowsep="0"><p lang="en">2</p></entry><entry align="center" colname="C4" colsep="1" rowsep="0"><p lang="en">71</p></entry><entry align="center" colname="C5" colsep="1" rowsep="0"><p lang="en">2</p></entry></row><row><entry align="center" colname="C1" colsep="1" rowsep="0" valign="middle"><p lang="en">AST 5</p></entry><entry align="center" colname="C2" colsep="1" rowsep="0"><p lang="en">43</p></entry><entry align="center" colname="C3" colsep="1" rowsep="0"><p lang="en">7</p></entry><entry align="center" colname="C4" colsep="1" rowsep="0"><p lang="en">46</p></entry><entry align="center" colname="C5" colsep="1" rowsep="0"><p lang="en">7</p></entry></row><row><entry align="center" colname="C1" colsep="1" rowsep="0" valign="middle"><p lang="en">AST 4</p></entry><entry align="center" colname="C2" colsep="1" rowsep="0"><p lang="en">43</p></entry><entry align="center" colname="C3" colsep="1" rowsep="0"><p lang="en">1</p></entry><entry align="center" colname="C4" colsep="1" rowsep="0"><p lang="en">43</p></entry><entry align="center" colname="C5" colsep="1" rowsep="0"><p lang="en">1</p></entry></row><row><entry align="center" colname="C1" colsep="1" rowsep="0" valign="middle"><p lang="en">AST 3</p></entry><entry align="center" colname="C2" colsep="1" rowsep="0"><p lang="en">54</p></entry><entry align="center" colname="C3" colsep="1" rowsep="0"><p lang="en">1</p></entry><entry align="center" colname="C4" colsep="1" rowsep="0"><p lang="en">59</p></entry><entry colname="C5" colsep="1" rowsep="0"/></row><row><entry align="center" colname="C1" colsep="1" rowsep="0" valign="middle"><p lang="en">AST 2</p></entry><entry align="center" colname="C2" colsep="1" rowsep="0"><p lang="en">26</p></entry><entry colname="C3" colsep="1" rowsep="0"/><entry align="center" colname="C4" colsep="1" rowsep="0"><p lang="en">6</p></entry><entry colname="C5" colsep="1" rowsep="0"/></row><row><entry align="center" colname="C1" colsep="1" rowsep="0" valign="middle"><p lang="en">AST 1</p></entry><entry align="center" colname="C2" colsep="1" rowsep="1"><p lang="en">47</p></entry><entry align="center" colname="C3" colsep="1" rowsep="1"><p lang="en">2</p></entry><entry align="center" colname="C4" colsep="1" rowsep="1"><p lang="en">61</p></entry><entry align="center" colname="C5" colsep="1" rowsep="1"><p lang="en">2</p></entry></row><row><entry align="right" colname="C1" colsep="1" rowsep="1" valign="middle"><p lang="en">AST total</p></entry><entry align="center" colname="C2" colsep="1" rowsep="1"><p lang="en"><ft type="glossary">353</ft></p></entry><entry align="center" colname="C3" colsep="1" rowsep="1"><p lang="en"><ft type="glossary">16</ft></p></entry><entry align="center" colname="C4" colsep="1" rowsep="1"><p lang="en"><ft type="glossary">354</ft></p></entry><entry align="center" colname="C5" colsep="1" rowsep="1"><p lang="en"><ft type="glossary">18</ft></p></entry></row><row><entry align="right" colname="C1" colsep="1" rowsep="1" valign="middle"><p lang="en"><ft type="glossary">Grand total</ft></p></entry><entry align="center" colname="C2" colsep="1" rowsep="1"><p lang="en"><ft type="glossary">675</ft></p></entry><entry align="center" colname="C3" colsep="1" rowsep="1"><p lang="en"><ft type="glossary">35</ft></p></entry><entry align="center" colname="C4" colsep="1" rowsep="1"><p lang="en"><ft type="glossary">673</ft></p></entry><entry align="center" colname="C5" colsep="1" rowsep="1"><p lang="en"><ft type="glossary">31</ft></p></entry></row></tbody></tgroup></table></bud-text></nmc-grseq></nmc-grseq></nmc-section>