<?xml version="1.0" encoding="UTF-8"?>
<nmc-section alias="SEC5" id="AAAAB"><bud-heading><p lang="en">SECTION V — COURT OF AUDITORS</p></bud-heading><nmc-revenue alias="R" id="AAAAE"><bud-heading><p lang="en">OWN RESOURCES</p></bud-heading><bud-data exprev="rev" tot="tot"/><nmc-title alias="4" id="AAAAK"><bud-heading><p lang="en">REVENUE ACCRUING FROM PERSONS WORKING WITH THE INSTITUTION</p></bud-heading><bud-data exprev="rev" tot="tot"/><nmc-chapter alias="4 0" id="AAAAQ"><bud-heading><p lang="en">Miscellaneous taxes and deductions</p></bud-heading><bud-data exprev="rev" tot="tot"/><nmc-article alias="4 0 0" id="AAAAW"><bud-heading><p lang="en">Proceeds of the taxation of salaries, wages and allowances of Members of the institution, officials and other servants</p></bud-heading><bud-data exprev="rev"><amounts><amount year="n"><figure>10 298 000</figure></amount><amount year="nm1"><figure>10 167 000</figure></amount><amount year="nm2"><figure>8 769 807,94</figure></amount></amounts></bud-data><bud-remarks><p lang="en">Protocol on the privileges and immunities of the European Union, and in particular Article 12 thereof.</p><p lang="en">Regulation No 422/67/EEC, No 5/67/Euratom of the Council of 25 July 1967 determining the emoluments of the President and Members of the Commission, of the President, Judges, Advocates-General and Registrar of the Court of Justice, of the President, Members and Registrar of the Court of First Instance and of the President, Members and Registrar of the European Union Civil Service Tribunal (OJ 187, 8.8.1967, p. 1).</p><p lang="en">Regulation (EEC, Euratom, ECSC) No 260/68 of the Council of 29 February 1968 laying down the conditions and procedure for applying the tax for the benefit of the European Communities (OJ L 56, 4.3.1968, p. 8).</p><p lang="en">Council Regulation (EEC, Euratom, ECSC) No 2290/77 of 18 October 1977 determining the emoluments of the Members of the Court of Auditors (OJ L 268, 20.10.1977, p. 1).</p></bud-remarks></nmc-article><nmc-article alias="4 0 3" id="AAABI"><bud-heading><p lang="en">Proceeds of the temporary contribution from the salaries of Members of the institution, officials and other servants in active employment</p></bud-heading><bud-data exprev="rev"><amounts><amount year="n"><figure>p.m.</figure></amount><amount year="nm1"><figure>p.m.</figure></amount><amount year="nm2"><figure>0,—</figure></amount></amounts></bud-data><bud-remarks><p lang="en">Regulation No 422/67/EEC, No 5/67/Euratom of the Council of 25 July 1967 determining the emoluments of the President and Members of the Commission, of the President, Judges, Advocates-General and Registrar of the Court of Justice, of the President, Members and Registrar of the Court of First Instance and of the President, Members and Registrar of the European Union Civil Service Tribunal (OJ 187, 8.8.1967, p. 1).</p><p lang="en">Council Regulation (EEC, Euratom, ECSC) No 2290/77 of 18 October 1977 determining the emoluments of the Members of the Court of Auditors (OJ L 268, 20.10.1977, p. 1).</p><p lang="en">Council Regulation (ECSC, EEC, Euratom) No 3831/91 of 19 December 1991 amending the Staff Regulations of Officials and the Conditions of Employment of Other Servants of the European Communities with a view to introducing a temporary contribution (OJ L 361, 31.12.1991, p. 7).</p></bud-remarks></nmc-article><nmc-article alias="4 0 4" id="NEW550943"><bud-heading><p lang="en">Proceeds from the special levy on the salaries of Members of the institution, officials and other servants in active employment</p></bud-heading><bud-data exprev="rev"><amounts><amount year="n"><figure>885 000</figure></amount><amount year="nm1"><figure>830 000</figure></amount><amount year="nm2"><figure>884 648,68</figure></amount></amounts></bud-data><bud-remarks><p lang="en">Staff Regulations of Officials of the European Communities, and in particular Article 66a thereof.</p><p lang="en">Council Regulation (EEC, Euratom, ECSC) No 2290/77 of 18 October 1977 determining the emoluments of the Members of the Court of Auditors (OJ L 268, 20.10.1977, p. 1). </p></bud-remarks></nmc-article></nmc-chapter><nmc-chapter alias="4 1" id="40720932635-0"><bud-heading><p lang="en">Contribution to pension schemes</p></bud-heading><bud-data exprev="rev" tot="tot"/><nmc-article alias="4 1 0" id="40720932635-2"><bud-heading><p>Staff contribution to the pension scheme </p></bud-heading><bud-data exprev="rev"><amounts><amount year="n"><figure>7 449 000</figure></amount><amount year="nm1"><figure>6 903 000</figure></amount><amount year="nm2"><figure>6 380 897,33</figure></amount></amounts></bud-data><bud-remarks><p lang="en">Staff Regulations of Officials of the European Communities, and in particular Article 83(2) thereof.</p></bud-remarks></nmc-article><nmc-article alias="4 1 1" id="40720932756-6"><bud-heading><p>Transfer or repayment of pension rights by staff </p></bud-heading><bud-data exprev="rev"><amounts><amount year="n"><figure>1 300 000</figure></amount><amount year="nm1"><figure>1 000 000</figure></amount><amount year="nm2"><figure>1 299 015,92</figure></amount></amounts></bud-data><bud-remarks><p lang="en">Staff Regulations of Officials of the European Communities, and in particular Articles 4, 11(2) and (3) and 48 of Annex VIII thereto.</p></bud-remarks></nmc-article><nmc-article alias="4 1 2" id="40720932833-7"><bud-heading><p>Contribution to the pension scheme by officials and temporary staff on leave on personal grounds </p></bud-heading><bud-data exprev="rev"><amounts><amount year="n"><figure>p.m.</figure></amount><amount year="nm1"><figure>p.m.</figure></amount><amount year="nm2"><figure>31,57</figure></amount></amounts></bud-data><bud-remarks><p lang="en">Staff Regulations of Officials of the European Communities.</p><p lang="en">Conditions of Employment of Other Servants of the European Communities.</p></bud-remarks></nmc-article></nmc-chapter></nmc-title><nmc-title alias="5" id="AAABO"><bud-heading><p>REVENUE ACCRUING FROM THE ADMINISTRATIVE OPERATION OF THE INSTITUTION</p></bud-heading><bud-data exprev="rev" tot="tot"/><nmc-chapter alias="5 0" id="AAABU"><bud-heading><p>PROCEEDS FROM THE SALE OF MOVABLE PROPERTY (SUPPLIES) AND IMMOVABLE PROPERTY</p></bud-heading><bud-data exprev="rev" tot="tot"/><nmc-article alias="5 0 0" id="AAACA"><bud-heading><p>Proceeds from the sale of movable property (supplies)</p></bud-heading><bud-data exprev="rev" tot="tot"/><nmc-item alias="5 0 0 0" id="40970831332-0"><bud-heading><p>Proceeds from the sale of vehicles — Assigned revenue </p></bud-heading><bud-data exprev="rev"><amounts><amount year="n"><figure>p.m.</figure></amount><amount year="nm1"><figure>p.m.</figure></amount><amount year="nm2"><figure>0,—</figure></amount></amounts></bud-data><bud-remarks><p lang="en">This item is intended to record revenue accruing from the sale or part exchange of vehicles belonging to the institutions, estimated at EUR 20 000 for the Court of Auditors.</p><p lang="en">In accordance with Article 18(1)(e) of the Financial Regulation, this revenue is to be considered as assigned revenue and gives rise to the entry of additional appropriations in the lines which bore the initial expenditure giving rise to the corresponding revenue.</p></bud-remarks></nmc-item><nmc-item alias="5 0 0 1" id="40970831378-1"><bud-heading><p>Proceeds from the sale of other movable property — Assigned revenue (ex Article 5 0 0)</p></bud-heading><bud-data exprev="rev"><amounts><amount year="n"><figure>p.m.</figure></amount><amount year="nm1"><figure>p.m.</figure></amount><amount year="nm2"><figure>0,—</figure></amount></amounts></bud-data><bud-remarks><p>This item is intended to record revenue accruing from the sale or part exchange of movable property other than vehicles belonging to the institutions.</p><p lang="en">In accordance with Article 18(1)(e) of the Financial Regulation, this revenue is to be considered as assigned revenue and gives rise to the entry of additional appropriations in the lines which bore the initial expenditure giving rise to the corresponding revenue.</p></bud-remarks></nmc-item></nmc-article><nmc-article alias="5 0 2" id="AAACG"><bud-heading><p>Proceeds from the sale of publications, printed works and films — Assigned revenue</p></bud-heading><bud-data exprev="rev"><amounts><amount year="n"><figure>p.m.</figure></amount><amount year="nm1"><figure>p.m.</figure></amount><amount year="nm2"><figure>41 393,86</figure></amount></amounts></bud-data><bud-remarks><p lang="en">In accordance with Article 18(1)(j) of the Financial Regulation, this revenue is to be considered as assigned revenue and gives rise to the entry of additional appropriations in the lines which bore the initial expenditure giving rise to the corresponding revenue.</p><p lang="en">This article also includes revenue from the sale of such products in electronic format. The revenue is estimated at EUR 70 000 for the Court of Auditors.</p></bud-remarks></nmc-article></nmc-chapter><nmc-chapter alias="5 1" id="40721659367-0"><bud-heading><p lang="en">PROCEEDS FROM LETTING</p></bud-heading><bud-data exprev="rev" tot="tot"/><bud-remarks/><nmc-article alias="5 1 1" id="40721659765-8"><bud-heading><p>Proceeds from letting and subletting immovable property and reimbursement of charges connected with lettings</p></bud-heading><bud-data exprev="rev" tot="tot"/><bud-remarks/><nmc-item alias="5 1 1 0" id="40970831453-2"><bud-heading><p>Proceeds from letting and subletting immovable property — Assigned revenue</p></bud-heading><bud-data exprev="rev"><amounts><amount year="n"><figure>p.m.</figure></amount><amount year="nm1"><figure>p.m.</figure></amount><amount year="nm2"><figure>0,—</figure></amount></amounts></bud-data><bud-remarks><p lang="en">In accordance with Article 18(1)(e) of the Financial Regulation, this revenue is to be considered as assigned revenue and gives rise to the entry of additional appropriations in the lines which bore the initial expenditure giving rise to the corresponding revenue.</p></bud-remarks></nmc-item><nmc-item alias="5 1 1 1" id="40970831489-3"><bud-heading><p>Reimbursement of charges connected with lettings — Assigned revenue</p></bud-heading><bud-data exprev="rev"><amounts><amount year="n"><figure>p.m.</figure></amount><amount year="nm1"><figure>p.m.</figure></amount><amount year="nm2"><figure>0,—</figure></amount></amounts></bud-data><bud-remarks><p lang="en">In accordance with Article 18(1)(e) of the Financial Regulation, this revenue is to be considered as assigned revenue and gives rise to the entry of additional appropriations in the lines which bore the initial expenditure giving rise to the corresponding revenue.</p></bud-remarks></nmc-item></nmc-article></nmc-chapter><nmc-chapter alias="5 2" id="AAACM"><bud-heading><p>REVENUE FROM INVESTMENTS OR LOANS GRANTED, BANK AND OTHER INTEREST</p></bud-heading><bud-data exprev="rev" tot="tot"/><nmc-article alias="5 2 0" id="AAACS"><bud-heading><p lang="en">Revenue from investments or loans granted, bank and other interest on the institution’s accounts</p></bud-heading><bud-data exprev="rev"><amounts><amount year="n"><figure>p.m.</figure></amount><amount year="nm1"><figure>p.m.</figure></amount><amount year="nm2"><figure>189 313,69</figure></amount></amounts></bud-data><bud-remarks><p lang="en">This article is intended to record revenue from investments or loans granted, bank and other interest on the institution’s accounts.</p></bud-remarks></nmc-article><nmc-article alias="5 2 2" id="40970831586-4"><bud-heading><p>Interest yielded by prefinancing</p></bud-heading><bud-data exprev="rev"><amounts><amount year="n"><figure>p.m.</figure></amount><amount year="nm1"><figure>p.m.</figure></amount><amount year="nm2"><figure>0,—</figure></amount></amounts></bud-data><bud-remarks><p lang="en">This article is intended to record revenue from investments or loans granted, bank and other interest on the institutions’ accounts.</p></bud-remarks></nmc-article></nmc-chapter><nmc-chapter alias="5 5" id="AAACY"><bud-heading><p>REVENUE FROM THE SUPPLY OF SERVICES AND WORKS</p></bud-heading><bud-data exprev="rev" tot="tot"/><nmc-article alias="5 5 0" id="AAADE"><bud-heading><p>Proceeds from the supply of services and works for other institutions or bodies, including refunds by other institutions or bodies of mission allowances paid on their behalf — Assigned revenue</p></bud-heading><bud-data exprev="rev"><amounts><amount year="n"><figure>p.m.</figure></amount><amount year="nm1"><figure>p.m.</figure></amount><amount year="nm2"><figure>0,—</figure></amount></amounts></bud-data><bud-remarks><p lang="en">In accordance with Article 18(1)(g) of the Financial Regulation, this revenue is to be considered as assigned revenue and gives rise to the entry of additional appropriations in the lines which bore the initial expenditure giving rise to the corresponding revenue.</p></bud-remarks></nmc-article><nmc-article alias="5 5 1" id="40721659712-6"><bud-heading><p>Revenue from third parties in respect of services or work supplied at their request — Assigned revenue</p></bud-heading><bud-data exprev="rev"><amounts><amount year="n"><figure>p.m.</figure></amount><amount year="nm1"><figure>p.m.</figure></amount><amount year="nm2"><figure>0,—</figure></amount></amounts></bud-data><bud-remarks><p lang="en">In accordance with Article 18(1)(e) of the Financial Regulation, this revenue is to be considered as assigned revenue and gives rise to the entry of additional appropriations in the lines which bore the initial expenditure giving rise to the corresponding revenue.</p></bud-remarks></nmc-article></nmc-chapter><nmc-chapter alias="5 7" id="AP20038024"><bud-heading><p lang="en">OTHER CONTRIBUTIONS AND REFUNDS CONNECTED WITH THE ADMINISTRATIVE OPERATION OF THE INSTITUTION</p></bud-heading><bud-data exprev="rev" tot="tot"/><bud-remarks/><nmc-article alias="5 7 0" id="AP20038025"><bud-heading><p>Revenue arising from the repayment of amounts wrongly paid — Assigned revenue</p></bud-heading><bud-data exprev="rev"><amounts><amount year="n"><figure>p.m.</figure></amount><amount year="nm1"><figure>p.m.</figure></amount><amount year="nm2"><figure>215 996,21</figure></amount></amounts></bud-data><bud-remarks><p lang="en">In accordance with Article 18(1)(f) of the Financial Regulation, this revenue is to be considered as assigned revenue and gives rise to the entry of additional appropriations in the lines which bore the initial expenditure giving rise to the corresponding revenue.</p></bud-remarks></nmc-article><nmc-article alias="5 7 1" id="40721659587-4"><bud-heading><p>Revenue earmarked for a specific purpose, such as income from foundations, subsidies, gifts and bequests, including the earmarked revenue specific to each institution — Assigned revenue</p></bud-heading><bud-data exprev="rev"><amounts><amount year="n"><figure>p.m.</figure></amount><amount year="nm1"><figure>p.m.</figure></amount><amount year="nm2"><figure>0,—</figure></amount></amounts></bud-data><bud-remarks><p lang="en">In accordance with Article 18(1)(c) of the Financial Regulation, this revenue is to be considered as assigned revenue and gives rise to the entry of additional appropriations in the lines which bore the initial expenditure giving rise to the corresponding revenue.</p></bud-remarks></nmc-article><nmc-article alias="5 7 3" id="40721659644-5"><bud-heading><p lang="en">Other contributions and refunds connected with the administrative operation of the institution — Assigned revenue</p></bud-heading><bud-data exprev="rev"><amounts><amount year="n"><figure>p.m.</figure></amount><amount year="nm1"><figure>p.m.</figure></amount><amount year="nm2"><figure>0,—</figure></amount></amounts></bud-data><bud-remarks><p lang="en">In accordance with Article 18(1)(e) of the Financial Regulation, this revenue is to be considered as assigned revenue and gives rise to the entry of additional appropriations in the lines which bore the initial expenditure giving rise to the corresponding revenue.</p></bud-remarks></nmc-article></nmc-chapter><nmc-chapter alias="5 8" id="AP20038026"><bud-heading><p>MISCELLANEOUS COMPENSATION</p></bud-heading><bud-data exprev="rev" tot="tot"/><bud-remarks/><nmc-article alias="5 8 0" id="AP20038027"><bud-heading><p>Revenue accruing from rental allowances — Assigned revenue</p></bud-heading><bud-data exprev="rev"><amounts><amount year="n"><figure>p.m.</figure></amount><amount year="nm1"><figure>p.m.</figure></amount><amount year="nm2"><figure>0,—</figure></amount></amounts></bud-data><bud-remarks><p lang="en">In accordance with Article 18(1)(i) of the Financial Regulation, this revenue is to be considered as assigned revenue and gives rise to the entry of additional appropriations in the lines which bore the initial expenditure giving rise to the corresponding revenue.</p></bud-remarks></nmc-article><nmc-article alias="5 8 1" id="40721659455-3"><bud-heading><p>Revenue from insurance payments received — Assigned revenue</p></bud-heading><bud-data exprev="rev"><amounts><amount year="n"><figure>p.m.</figure></amount><amount year="nm1"><figure>p.m.</figure></amount><amount year="nm2"><figure>0,—</figure></amount></amounts></bud-data><bud-remarks><p lang="en">In accordance with Article 18(1)(h) of the Financial Regulation, this revenue is to be considered as assigned revenue and gives rise to the entry of additional appropriations in the lines which bore the initial expenditure giving rise to the corresponding revenue.</p></bud-remarks></nmc-article></nmc-chapter><nmc-chapter alias="5 9" id="40721659410-1"><bud-heading><p>OTHER REVENUE FROM ADMINISTRATIVE OPERATIONS</p></bud-heading><bud-data exprev="rev" tot="tot"/><bud-remarks/><nmc-article alias="5 9 0" id="40721659410-2"><bud-heading><p>Other revenue from administrative operations</p></bud-heading><bud-data exprev="rev"><amounts><amount year="n"><figure>p.m.</figure></amount><amount year="nm1"><figure>p.m.</figure></amount><amount year="nm2"><figure>0,—</figure></amount></amounts></bud-data><bud-remarks><p>This article is intended to record other revenue from administrative operations.</p></bud-remarks></nmc-article></nmc-chapter></nmc-title><nmc-title alias="9" id="AAADK"><bud-heading><p>MISCELLANEOUS REVENUE</p></bud-heading><bud-data exprev="rev" tot="tot"/><nmc-chapter alias="9 0" id="AAADQ"><bud-heading><p>MISCELLANEOUS REVENUE</p></bud-heading><bud-data exprev="rev" tot="tot"/><nmc-article alias="9 0 0" id="AAADW"><bud-heading><p>Miscellaneous revenue</p></bud-heading><bud-data exprev="rev"><amounts><amount year="n"><figure>200 000</figure></amount><amount year="nm1"><figure>200 000</figure></amount><amount year="nm2"><figure>34 879,52</figure></amount></amounts></bud-data><bud-remarks><p>This article is intended to record miscellaneous revenue.</p></bud-remarks></nmc-article></nmc-chapter></nmc-title></nmc-revenue><nmc-expenditure alias="E" id="AAAEC"><bud-heading><p>EXPENDITURE</p></bud-heading><bud-data exprev="exp" tot="tot"/><nmc-title alias="1" id="AAAEI"><bud-heading><p lang="en">PERSONS WORKING WITH THE INSTITUTION</p></bud-heading><bud-data exprev="exp" tot="tot"/><nmc-chapter alias="1 0" id="AAAEO"><bud-heading><p lang="en">MEMBERS OF THE INSTITUTION</p></bud-heading><bud-data exprev="exp" tot="tot"/><nmc-article alias="1 0 0" id="AAAEU"><bud-heading><p lang="en">Remuneration and other entitlements</p></bud-heading><bud-data exprev="exp" tot="tot"/><nmc-item alias="1 0 0 0" id="AAAFA"><bud-heading><p lang="en">Remuneration, allowances and pensions</p></bud-heading><bud-data exprev="exp"><amounts><amount catpol="5.15" year="n"><figure>8 205 000</figure></amount><amount catpol="5.15" year="nm1"><figure>8 072 000</figure></amount><amount catpol="5.15" year="nm2"><figure>7 925 270,36</figure></amount></amounts><relations><relation type="traditional" value="1 0 0 0"/></relations></bud-data><bud-remarks><p lang="en">
Council Regulation (EEC, Euratom, ECSC) No 2290/77 of 18 October 1977 determining the emoluments of the Members of the Court of Auditors (OJ L 268, 20.10.1977, p. 1), and in particular Article 2 thereof.</p><p lang="en">This appropriation is intended to cover the salaries and allowances of Members of the Court of Auditors as well as the effect of the weightings applicable to remuneration and to transfers of part of the remuneration to a Member State other than that of the place of employment.</p></bud-remarks></nmc-item><nmc-item alias="1 0 0 2" id="AAAFM"><bud-heading><p lang="en">Entitlements on entering and leaving the service</p></bud-heading><bud-data exprev="exp"><amounts><amount catpol="5.15" year="n"><figure>778 000</figure></amount><amount catpol="5.15" year="nm1"><figure>p.m.</figure></amount><amount catpol="5.15" year="nm2"><figure>118 558,68</figure></amount></amounts><relations><relation type="traditional" value="1 0 0 2"/></relations></bud-data><bud-remarks><p lang="en">Council Regulation (EEC, Euratom, ECSC) No 2290/77 of 18 October 1977 determining the emoluments of the Members of the Court of Auditors (OJ L 268, 20.10.1977, p. 1), and in particular Article 6 thereof.</p><list type="dash"><int.li><p lang="en">This appropriation is intended to cover:</p></int.li><item><p lang="en">travel expenses due to Members of the Court of Auditors on entering or leaving the service,</p></item><item><p lang="en">installation and resettlement allowances due to Members of the Court of Auditors on entering or leaving the service,</p></item><item><p lang="en">removal expenses due to Members of the Court of Auditors on entering or leaving the service.</p></item></list></bud-remarks></nmc-item></nmc-article><nmc-article alias="1 0 2" id="AAAGE"><bud-heading><p>Temporary allowances</p></bud-heading><bud-data exprev="exp"><amounts><amount catpol="5.15" year="n"><figure>1 126 000</figure></amount><amount catpol="5.15" year="nm1"><figure>541 000</figure></amount><amount catpol="5.15" year="nm2"><figure>1 095 428,74</figure></amount></amounts><relations><relation type="traditional" value="1 0 2"/></relations></bud-data><bud-remarks><p lang="en">Council Regulation (EEC, Euratom, ECSC) No 2290/77 of 18 October 1977 determining the emoluments of the Members of the Court of Auditors (OJ L 268, 20.10.1977, p. 1), and in particular Article 8 thereof.</p><p lang="en">This appropriation is intended to cover temporary allowances and family allowances for Members of the Court of Auditors after termination of service. </p></bud-remarks></nmc-article><nmc-article alias="1 0 3" id="AAAGK"><bud-heading><p lang="fr">Pensions</p></bud-heading><bud-data exprev="exp"><amounts><amount year="n"><figure>2 636 000</figure></amount><amount year="nm1"><figure>2 451 000</figure></amount><amount year="nm2"><figure>2 097 536,55</figure></amount></amounts></bud-data><bud-remarks><p lang="en">Council Regulation (EEC, Euratom, ECSC) No 2290/77 of 18 October 1977 determining the emoluments of the Members of the Court of Auditors (OJ L 268, 20.10.1977, p. 1), and in particular Articles 9, 10, 11 and 16 thereof.</p><p lang="en">This appropriation is intended to cover the retirement pensions and invalidity pensions of former Members of the Court of Auditors and the survivors’ pensions for their surviving spouses and orphans.</p></bud-remarks></nmc-article><nmc-article alias="1 0 4" id="AAAHI"><bud-heading><p lang="fr">Missions</p></bud-heading><bud-data exprev="exp"><amounts><amount catpol="5.15" year="n"><figure>324 000</figure></amount><amount catpol="5.15" year="nm1"><figure>324 000</figure></amount><amount catpol="5.15" year="nm2"><figure>250 672,86</figure></amount></amounts><relations><relation type="traditional" value="1 0 4"/></relations></bud-data><bud-remarks><p lang="en">Council Regulation (EEC, Euratom, ECSC) No 2290/77 of 18 October 1977 determining the emoluments of the Members of the Court of Auditors (OJ L 268, 20.10.1977, p. 1), and in particular Article 6 thereof.</p><p lang="en">This appropriation is intended to cover travel expenses, subsistence allowances and additional or exceptional expenditure incurred on mission.</p></bud-remarks></nmc-article><nmc-article alias="1 0 6" id="AAAIM"><bud-heading><p lang="en">Training</p></bud-heading><bud-data exprev="exp"><amounts><amount catpol="5.15" year="n"><figure>140 000</figure></amount><amount catpol="5.15" year="nm1"><figure>153 000</figure></amount><amount catpol="5.15" year="nm2"><figure>59 781,70</figure></amount></amounts><relations><relation type="traditional" value="1 0 6"/></relations></bud-data><bud-remarks><p lang="en">This appropriation is intended to cover the costs of participation in language courses and other vocational training courses by Members of the Court of Auditors. </p></bud-remarks></nmc-article><nmc-article alias="1 0 9" id="AAAIS"><bud-heading><p>Provisional appropriation</p></bud-heading><bud-data exprev="exp"><amounts><amount catpol="5.15" year="n"><figure>155 068</figure></amount><amount catpol="5.15" year="nm1"><figure>177 000</figure></amount><amount catpol="5.15" year="nm2"><figure>0,—</figure></amount></amounts></bud-data><bud-remarks><p lang="en">Council Regulation (EC, Euratom) No 1605/2002 of 25 June 2002 on the Financial Regulation applicable to the general budget of the European Communities (OJ L 248, 16.9.2002, p. 1).</p><p lang="en">This appropriation is intended to cover the effect of any salary and pension adjustments which may be made by the Council in the course of the financial year.</p><p lang="en">It is purely provisional and may be used only after its transfer to other headings in accordance with the Financial Regulation.</p></bud-remarks></nmc-article></nmc-chapter><nmc-chapter alias="1 2" id="AAAJK"><bud-heading><p lang="en">OFFICIALS AND TEMPORARY STAFF </p></bud-heading><bud-data exprev="exp" tot="tot"/><bud-remarks><p lang="en">A standard abatement of 5 % has been applied to the appropriations entered in this chapter.</p></bud-remarks><nmc-article alias="1 2 0" id="AAAJQ"><bud-heading><p lang="en">Remuneration and other entitlements</p></bud-heading><bud-data exprev="exp" tot="tot"/><nmc-item alias="1 2 0 0" id="AAAJW"><bud-heading><p lang="en">Remuneration and allowances</p></bud-heading><bud-data exprev="exp"><amounts><amount catpol="5.15" year="n"><figure>91 008 515</figure></amount><amount catpol="5.15" year="nm1"><figure>88 402 296</figure></amount><amount catpol="5.15" year="nm2"><figure>75 332 141,86</figure></amount></amounts><relations><relation type="traditional" value="1 1 0 0"/></relations></bud-data><bud-remarks><p lang="en">Staff Regulations of Officials of the European Communities.</p><p lang="en">Conditions of Employment of Other Servants of the European Communities.</p><list type="dash"><int.li><p lang="en">This appropriation is mainly intended to cover, for officials and temporary staff holding a post provided for in the establishment plan:</p></int.li><item><p lang="en">salaries and salary-related allowances,</p></item><item><p lang="en">insurance against sickness, accident and occupational disease and other social security contributions,</p></item><item><p lang="en">the institution’s sickness insurance contributions,</p></item><item><p lang="en">miscellaneous allowances and grants,</p></item><item><p lang="en">the payment of travel costs of officials and temporary staff, and their spouses and dependants, from the place of employment to the place of origin,</p></item><item><p lang="en">the effect of the weightings applicable to remuneration and to transfers of part of the remuneration to a Member State other than that of the place of employment,</p></item><item><p lang="en">the provision of unemployment benefit for temporary staff and payments by the institution to constitute or maintain pension rights for temporary staff in their country of origin,</p></item><item><p lang="en">the allowance granted to probationer officials dismissed for reasons of manifest unsuitability,</p></item><item><p lang="en">the compensation paid in the event of cancellation by the institution of the contract of a temporary member of staff,</p></item><item><p lang="en">allowances for round-the-clock or shift duties or for standby duty at work and/or at home.</p></item></list><p lang="en">Amount of assigned revenue under Article 18(1)(e) to (j) of the Financial Regulation: p.m.</p></bud-remarks></nmc-item><nmc-item alias="1 2 0 2" id="AAAKI"><bud-heading><p lang="en">Paid overtime</p></bud-heading><bud-data exprev="exp"><amounts><amount catpol="5.15" year="n"><figure>587 000</figure></amount><amount catpol="5.15" year="nm1"><figure>605 000</figure></amount><amount catpol="5.15" year="nm2"><figure>550 394,59</figure></amount></amounts><relations><relation type="traditional" value="1 1 0 2"/></relations></bud-data><bud-remarks><p lang="en">Staff Regulations of Officials of the European Communities, and in particular Article 56 thereof and Annex VI thereto.</p><p lang="en">This appropriation is intended to cover overtime worked in the conditions laid down by the abovementioned provisions.</p></bud-remarks></nmc-item><nmc-item alias="1 2 0 4" id="N60801451412-0"><bud-heading><p lang="en">Entitlements on entering and leaving the service and on transfer</p></bud-heading><bud-data exprev="exp"><amounts><amount catpol="5.15" year="n"><figure>1 522 000</figure></amount><amount catpol="5.15" year="nm1"><figure>1 589 000</figure></amount><amount catpol="5.15" year="nm2"><figure>1 357 936,77</figure></amount></amounts></bud-data><bud-remarks><p lang="en">Staff Regulations of Officials of the European Communities.</p><p lang="en">Conditions of Employment of Other Servants of the European Communities.</p><list type="dash"><int.li><p lang="en">This appropriation is intended to cover:</p></int.li><item><p lang="en">the travel expenses due to officials and temporary staff (including their families) on taking up their duties or leaving the institution or on transfer, involving a change in place of employment,</p></item><item><p lang="en">the installation/resettlement allowances and removal expenses due to officials and temporary staff obliged to change their place of residence on taking up their duties or on their assignment to a new place of employment and upon finally leaving the institution and resettling elsewhere,</p></item><item><p lang="en">the daily subsistence allowances for officials and temporary staff who furnish evidence that they must change their place of residence on taking up their duties or on their assignment to a new place of employment,</p></item><item><p lang="en">the difference between the contributions paid by auxiliary staff to a pension scheme of a Member State and those due to the Community scheme in the event of a contract amendment.</p></item></list><p lang="en">Amount of assigned revenue under Article 18(1)(e) to (j) of the Financial Regulation: p.m.</p></bud-remarks></nmc-item></nmc-article><nmc-article alias="1 2 2" id="N60801451468-1"><bud-heading><p lang="en">Allowances following early termination of service</p></bud-heading><bud-data exprev="exp" tot="tot"/><nmc-item alias="1 2 2 0" id="N60801451528-2"><bud-heading><p lang="en">Allowances for staff retired in the interests of the service (Articles 41 and 50 of the Staff Regulations)</p></bud-heading><bud-data exprev="exp"><amounts><amount catpol="5.15" year="n"><figure>p.m.</figure></amount><amount catpol="5.15" year="nm1"><figure>75 000</figure></amount><amount catpol="5.15" year="nm2"><figure>165 269,22</figure></amount></amounts></bud-data><bud-remarks><p lang="en">Staff Regulations of Officials of the European Communities, and in particular Articles 41 and 50 thereof and Annex IV thereto.</p><p lang="en">This appropriation is intended to cover allowances to officials assigned non-active status following a reduction in the number of posts in the institution, or to officials holding a senior executive post who are retired in the interests of the service.</p></bud-remarks></nmc-item><nmc-item alias="1 2 2 2" id="N60801451609-3"><bud-heading><p lang="en">Allowances for staff whose service is terminated and special retirement scheme for officials and temporary staff</p></bud-heading><bud-data exprev="exp"><amounts><amount catpol="5.15" year="n"><figure>p.m.</figure></amount><amount catpol="5.15" year="nm1"><figure>p.m.</figure></amount><amount catpol="5.15" year="nm2"><figure>0,—</figure></amount></amounts></bud-data><bud-remarks><p lang="en">Staff Regulations of Officials of the European Communities, and in particular Articles 64 and 72 thereof.</p><list type="dash"><int.li><p lang="en">This appropriation is intended to cover:</p></int.li><item><p lang="en">the allowances to be paid in accordance with the Staff Regulations or other Regulations,</p></item><item><p lang="en">the employer’s contribution towards sickness insurance for recipients of allowances,</p></item><item><p lang="en">the effect of weightings applicable to various allowances.</p></item></list></bud-remarks></nmc-item></nmc-article><nmc-article alias="1 2 9" id="N60801451682-5"><bud-heading><p>Provisional appropriation</p></bud-heading><bud-data exprev="exp"><amounts><amount catpol="5.15" year="n"><figure>1 128 015</figure></amount><amount catpol="5.15" year="nm1"><figure>1 415 000</figure></amount><amount catpol="5.15" year="nm2"><figure>0,—</figure></amount></amounts></bud-data><bud-remarks><p lang="en">Staff Regulations of Officials of the European Communities, and in particular Articles 65 and 65a thereof and Annex XI thereto.</p><p lang="en">Council Regulation (EC, Euratom) No 1605/2002 of 25 June 2002 on the Financial Regulation applicable to the general budget of the European Communities (OJ L 248, 16.9.2002, p. 1).</p><p lang="en">This appropriation is intended to cover the cost of any adjustments to remuneration approved by the Council during the financial year.</p><p lang="en">It is purely provisional and may be used only after its transfer to other articles or items of this chapter in accordance with the Financial Regulation.</p></bud-remarks></nmc-article></nmc-chapter><nmc-chapter alias="1 4" id="AAARA"><bud-heading><p lang="en">OTHER STAFF AND EXTERNAL SERVICES </p></bud-heading><bud-data exprev="exp" tot="tot"/><nmc-article alias="1 4 0" id="AAARG"><bud-heading><p lang="en">Other staff and external persons</p></bud-heading><bud-data exprev="exp" tot="tot"/><nmc-item alias="1 4 0 0" id="AAARM"><bud-heading><p lang="en">Other staff </p></bud-heading><bud-data exprev="exp"><amounts><amount catpol="5.15" year="n"><figure>3 126 800</figure></amount><amount catpol="5.15" year="nm1"><figure>3 020 000</figure></amount><amount catpol="5.15" year="nm2"><figure>2 467 816,74</figure></amount></amounts><relations><relation type="traditional" value="1 2 1 0"/></relations></bud-data><bud-remarks><p lang="en">Staff Regulations of Officials of the European Communities.</p><p lang="en">Conditions of Employment of Other Servants of the European Communities.</p><list type="dash"><int.li><p lang="en">This appropriation is mainly intended to cover the following expenditure:</p></int.li><item><p lang="en">the remuneration of other staff, in particular auxiliaries, contract workers, local staff, special advisers (within the meaning of the Conditions of Employment of Other Servants of the European Communities), the institution’s social security contributions in respect of such staff and the effect of the weightings applicable to their remuneration,</p></item><item><p lang="en">the fees of medical and paramedical staff paid under the performance of service scheme and, in special cases, the employment of temporary staff.</p></item></list><p lang="en">Amount of assigned revenue under Article 18(1)(e) to (j) of the Financial Regulation: p.m.</p></bud-remarks></nmc-item><nmc-item alias="1 4 0 4" id="AAARS"><bud-heading><p lang="en">In-service training and staff exchanges</p></bud-heading><bud-data exprev="exp"><amounts><amount catpol="5.15" year="n"><figure>861 000</figure></amount><amount catpol="5.15" year="nm1"><figure>856 000</figure></amount><amount catpol="5.15" year="nm2"><figure>831 028,74</figure></amount></amounts><relations><relation type="traditional" value="1 2 1 5"/></relations></bud-data><bud-remarks><list type="dash"><int.li><p lang="en">This appropriation is intended to cover:</p></int.li><item><p lang="en">expenditure relating to the secondment or temporary assignment to the Court of Auditors of officials from Member States first and foremost, or from other States, and other experts or expenses relating to short-term consulting work,</p></item><item><p lang="en">the reimbursement of additional expenses incurred by Community officials as a result of exchanges.</p></item><item><p lang="en">the cost of periods of in-service training at the Court of Auditors.</p></item></list></bud-remarks></nmc-item><nmc-item alias="1 4 0 5" id="N60801452326-0"><bud-heading><p lang="en">Other external services</p></bud-heading><bud-data exprev="exp"><amounts><amount catpol="5.15" year="n"><figure>299 000</figure></amount><amount catpol="5.15" year="nm1"><figure>299 000</figure></amount><amount catpol="5.15" year="nm2"><figure>326 603,49</figure></amount></amounts></bud-data><bud-remarks><p lang="en">This appropriation is intended to cover the hiring of temporary staff, excluding temporary translators.</p></bud-remarks></nmc-item><nmc-item alias="1 4 0 6" id="N70821141162-0"><bud-heading><p lang="en">External services in the linguistic field</p></bud-heading><bud-data exprev="exp"><amounts><amount catpol="5.15" year="n"><figure>264 100</figure><reserve><figure>13 900</figure><alias>10 0</alias><total><figure>278 000</figure></total></reserve></amount><amount year="nm1"><figure>274 000</figure></amount><amount year="nm2"><figure>239 100,00</figure></amount></amounts></bud-data><bud-remarks><list type="dash"><int.li><p lang="en">This appropriation is intended to cover:</p></int.li><item><p lang="en">expenditure relating to the measures decided upon by the Interinstitutional Committee for Translation and Interpreting (ICTI) with a view to promoting interinstitutional cooperation in the linguistic field,</p></item><item><p lang="en">

the fees, social security contributions, travel expenses and subsistence allowances of freelance and other non-permanent interpreters,</p></item><item><p lang="en">the costs relating to the work of freelance or temporary translators or typing and other work sent out by the Translation Service.</p></item></list></bud-remarks></nmc-item></nmc-article><nmc-article alias="1 4 9" id="AAASE"><bud-heading><p lang="en">Provisional appropriation </p></bud-heading><bud-data exprev="exp"><amounts><amount catpol="5.15" year="n"><figure>39 000</figure></amount><amount catpol="5.15" year="nm1"><figure>48 000</figure></amount><amount catpol="5.15" year="nm2"><figure>0,—</figure></amount></amounts></bud-data><bud-remarks><p lang="en">Staff Regulations of Officials of the European Communities, and in particular Articles 65 and 65a thereof and Annex XI thereto.</p><p lang="en">Council Regulation (EC, Euratom) No 1605/2002 of 25 June 2002 on the Financial Regulation applicable to the general budget of the European Communities (OJ L 248, 16.9.2002, p. 1).</p><p lang="en">This appropriation is intended to cover the cost of any adjustments to remuneration approved by the Council during the financial year.</p><p lang="en">It is purely provisional and may be used only after its transfer to other articles or items of this chapter in accordance with the Financial Regulation.</p></bud-remarks></nmc-article></nmc-chapter><nmc-chapter alias="1 6" id="AAAUS"><bud-heading><p lang="en">OTHER EXPENDITURE RELATING TO PERSONS WORKING FOR THE INSTITUTION</p></bud-heading><bud-data exprev="exp" tot="tot"/><nmc-article alias="1 6 1" id="AAAUY"><bud-heading><p lang="en">Expenditure relating to staff management</p></bud-heading><bud-data exprev="exp" tot="tot"/><nmc-item alias="1 6 1 0" id="N60801452459-2"><bud-heading><p lang="en">Miscellaneous expenditure on recruitment</p></bud-heading><bud-data exprev="exp"><amounts><amount catpol="5.15" year="n"><figure>142 000</figure></amount><amount catpol="5.15" year="nm1"><figure>156 000</figure></amount><amount catpol="5.15" year="nm2"><figure>

141 000,00</figure></amount></amounts></bud-data><bud-remarks><p lang="en">This appropriation is intended to cover the costs of advertising, inviting candidates, hiring rooms and equipment for competitions and other selection procedures organised directly by the Court of Auditors and expenses incurred by candidates for travel and medical check-ups.</p><p lang="en">Amount of assigned revenue under Article 18(1)(e) to (j) of the Financial Regulation: p.m.</p></bud-remarks></nmc-item><nmc-item alias="1 6 1 2" id="N60801452478-3"><bud-heading><p lang="en">Further training for staff</p></bud-heading><bud-data exprev="exp"><amounts><amount catpol="5.15" year="n"><figure>1 030 000</figure></amount><amount catpol="5.15" year="nm1"><figure>1 030 000</figure></amount><amount catpol="5.15" year="nm2"><figure>1 020 506,34</figure></amount></amounts></bud-data><bud-remarks><p lang="en">Staff Regulations of Officials of the European Communities, and in particular Article 24a thereof.</p><p lang="en">This appropriation is intended to cover the organisation of further training courses including language training courses and seminars in financial management and control on an interinstitutional basis and the registration fees for similar seminars organised in the Member States.</p><p lang="en">It also covers the membership fees of certain professional bodies whose work is of relevance to the Court’s activities.</p><p lang="en">This appropriation also covers the purchase of teaching and technical equipment for staff training.</p><p lang="en">The amount of assigned revenue in accordance with Article 18(1)(e) to (j) of the Financial Regulation is estimated at EUR 2 500.</p></bud-remarks></nmc-item></nmc-article><nmc-article alias="1 6 2" id="AAAVE"><bud-heading><p lang="fr">Missions</p></bud-heading><bud-data exprev="exp"><amounts><amount catpol="5.15" year="n"><figure>3 450 000</figure></amount><amount catpol="5.15" year="nm1"><figure>3 290 000</figure></amount><amount catpol="5.15" year="nm2"><figure>2 850 670,00</figure></amount></amounts><relations><relation type="traditional" value="1 6 4"/></relations></bud-data><bud-remarks><p lang="en">Staff Regulations of Officials of the European Communities, and in particular Articles 11, 12 and 13 of Annex VII thereto.</p><p lang="en">This appropriation is intended to cover expenditure on travel expenses, including ancillary costs relating to tickets and reservations, the payment of mission allowances and ancillary or exceptional expenses incurred as a result of missions by the Court’s officials and other staff and in respect of experts or national or international officials seconded to the Court and trainees.</p><p lang="en">The amount of assigned revenue under Article 18(1)(e) to (j) of the Financial Regulation is estimated at EUR 5 000.</p></bud-remarks></nmc-article><nmc-article alias="1 6 3" id="N60801452528-4"><bud-heading><p lang="en">Assistance for staff of the institution</p></bud-heading><bud-data exprev="exp" tot="tot"/><nmc-item alias="1 6 3 0" id="N60801452547-5"><bud-heading><p lang="en">Social welfare</p></bud-heading><bud-data exprev="exp"><amounts><amount catpol="5.15" year="n"><figure>25 000</figure></amount><amount catpol="5.15" year="nm1"><figure>8 000</figure></amount><amount catpol="5.15" year="nm2"><figure>26 178,00</figure></amount></amounts></bud-data><bud-remarks><p lang="en">Staff Regulations of Officials of the European Communities, and in particular Article 76 thereof.</p><p>This appropriation is intended to cover help for staff in particularly difficult circumstances.</p><list type="dash"><int.li><p lang="en">This appropriation is also intended for the following categories of persons as part of a policy to assist people with disabilities:</p></int.li><item><p lang="en">officials and temporary staff in active employment,</p></item><item><p lang="en">spouses of officials and temporary staff in active employment,</p></item><item><p lang="en">all dependent children within the meaning of the Staff Regulations of Officials of the European Communities.</p></item></list><p lang="en">It covers reimbursement, to the extent permitted by the budget and after national entitlements in the country of residence or the country of origin have been exhausted, of expenses (other than medical expenses) recognised as necessary, resulting from the disability and supported by documentary evidence.</p></bud-remarks></nmc-item><nmc-item alias="1 6 3 2" id="N60801452572-6"><bud-heading><p lang="en">Social contacts between Members of staff and other welfare expenditure</p></bud-heading><bud-data exprev="exp"><amounts><amount catpol="5.15" year="n"><figure>86 000</figure></amount><amount catpol="5.15" year="nm1"><figure>84 000</figure></amount><amount catpol="5.15" year="nm2"><figure>47 000,00</figure></amount></amounts></bud-data><bud-remarks><list type="dash"><int.li><p lang="en">This appropriation is intended to:</p></int.li><item><p lang="en">give financial encouragement and support to any project aimed at encouraging social contacts between staff of different nationalities, such as subsidies to staff clubs, cultural associations and sports associations,</p></item><item><p lang="en">cover other assistance and subsidies for staff and their families.</p></item></list></bud-remarks></nmc-item></nmc-article><nmc-article alias="1 6 5" id="N60801452610-7"><bud-heading><p lang="en">Activities relating to all persons working for the institution</p></bud-heading><bud-data exprev="exp" tot="tot"/><nmc-item alias="1 6 5 0" id="N60801452625-8"><bud-heading><p lang="en">Medical service</p></bud-heading><bud-data exprev="exp"><amounts><amount catpol="5.15" year="n"><figure>277 000</figure></amount><amount catpol="5.15" year="nm1"><figure>277 000</figure></amount><amount catpol="5.15" year="nm2"><figure>144 440,12</figure></amount></amounts></bud-data><bud-remarks><p lang="en">Staff Regulations of Officials of the European Communities, and in particular Article 59 thereof and Article 8 of Annex II thereto.</p><p lang="en">This appropriation is intended to cover the cost of the annual medical examination of all staff, including any ensuing medical examinations and tests requested.</p></bud-remarks></nmc-item><nmc-item alias="1 6 5 2" id="N60801452645-9"><bud-heading><p lang="en">Restaurants and canteens</p></bud-heading><bud-data exprev="exp"><amounts><amount catpol="5.15" year="n"><figure>62 000</figure></amount><amount catpol="5.15" year="nm1"><figure>62 000</figure></amount><amount catpol="5.15" year="nm2"><figure>59 210,18</figure></amount></amounts></bud-data><bud-remarks><p lang="en">This appropriation is intended to cover the operating expenditure of the restaurants and cafeterias.</p><p lang="en">This appropriation is also intended to cover the conversion and renewal of the equipment in the restaurant and cafeterias in order to comply with national health and safety standards currently in force.</p><p lang="en">Amount of assigned revenue under Article 18(1)(e) to (j) of the Financial Regulation: p.m.</p></bud-remarks></nmc-item><nmc-item alias="1 6 5 4" id="N60801452679-10"><bud-heading><p lang="en">Early Childhood Centre</p></bud-heading><bud-data exprev="exp"><amounts><amount catpol="5.15" year="n"><figure>1 239 000</figure></amount><amount catpol="5.15" year="nm1"><figure>1 067 000</figure></amount><amount catpol="5.15" year="nm2"><figure>1 023 624,96</figure></amount></amounts></bud-data><bud-remarks><p lang="en">This appropriation is intended to cover the Court’s contribution to the Early Childhood Centre and study centre in Luxembourg.</p></bud-remarks></nmc-item></nmc-article></nmc-chapter></nmc-title><nmc-title alias="2" id="AABAA"><bud-heading><p lang="en">BUILDINGS, MOVABLE PROPERTY, EQUIPMENT AND MISCELLANEOUS OPERATING EXPENDITURE</p></bud-heading><bud-data exprev="exp" tot="tot"/><nmc-chapter alias="2 0" id="AABAG"><bud-heading><p lang="en">BUILDINGS AND ASSOCIATED COSTS </p></bud-heading><bud-data exprev="exp" tot="tot"/><bud-remarks><p lang="en">Cover having been cancelled by the insurance companies, the risk of labour disputes and terrorist attacks in and on the buildings occupied by the Court of Auditors is now covered by the budget of the European Union. The appropriations earmarked under this Title therefore cover all expenditure incurred on damage resulting from labour disputes and terrorist attacks.</p></bud-remarks><nmc-article alias="2 0 0" id="AABAM"><bud-heading><p lang="en">Buildings </p></bud-heading><bud-data exprev="exp" tot="tot"/><nmc-item alias="2 0 0 0" id="N60801453369-0"><bud-heading><p lang="en">Rent</p></bud-heading><bud-data exprev="exp"><amounts><amount catpol="5.15" year="n"><figure>3 884 000</figure></amount><amount catpol="5.15" year="nm1"><figure>4 090 000</figure></amount><amount catpol="5.15" year="nm2"><figure>3 270 112,06</figure></amount></amounts></bud-data><bud-remarks><p>This appropriation is intended to cover expenditure on rents in Luxembourg and Brussels.</p><p lang="en">The amount of assigned revenue under Article 18(1)(e) to (j) of the Financial Regulation is estimated at EUR 7 000.</p></bud-remarks></nmc-item><nmc-item alias="2 0 0 1" id="N60801453399-1"><bud-heading><p lang="en">Lease/purchase</p></bud-heading><bud-data exprev="exp"><amounts><amount catpol="5.15" year="n"><figure>p.m.</figure></amount><amount catpol="5.15" year="nm1"><figure>p.m.</figure></amount><amount catpol="5.15" year="nm2"><figure>0,—</figure></amount></amounts></bud-data><bud-remarks><p lang="en">This appropriation is intended to cover long-lease fees and other similar expenditure owed by the institution under lease/purchase contracts.</p></bud-remarks></nmc-item><nmc-item alias="2 0 0 3" id="N60801453420-2"><bud-heading><p lang="en">Acquisition of immovable property</p></bud-heading><bud-data exprev="exp"><amounts><amount catpol="5.15" year="n"><figure>11 000 000</figure></amount><amount catpol="5.15" year="nm1"><figure>p.m.</figure><reserve><figure>55 000 000</figure><alias>10 0</alias><total><figure>55 000 000</figure></total></reserve></amount><amount catpol="5.15" year="nm2"><figure>128 783,62</figure></amount></amounts></bud-data><bud-remarks><p lang="en">This appropriation is intended to cover the financing, by annual instalments, of the extension work to the building of the Court of Auditors in Luxembourg (Kirchberg).</p><p lang="en">This appropriation is intended to finance the Court of Auditors’ K3 building project. It has been placed in the reserve until the budgetary authority has final consultations on the project under Article 179 of the Financial Regulation. A further three annual tranches are planned, totalling approximately EUR 79 000 000 based on current forecasts.</p></bud-remarks></nmc-item><nmc-item alias="2 0 0 5" id="N60801453438-3"><bud-heading><p lang="en">Construction of buildings</p></bud-heading><bud-data exprev="exp"><amounts><amount catpol="5.15" year="n"><figure>p.m.</figure></amount><amount catpol="5.15" year="nm1"><figure>p.m.</figure></amount><amount catpol="5.15" year="nm2"><figure>0,—</figure></amount></amounts></bud-data><bud-remarks><p lang="en">This item is intended for any entry of appropriations for the construction of buildings.</p></bud-remarks></nmc-item><nmc-item alias="2 0 0 7" id="N60801453456-4"><bud-heading><p lang="en">Fitting-out of premises</p></bud-heading><bud-data exprev="exp"><amounts><amount catpol="5.15" year="n"><figure>165 000</figure></amount><amount catpol="5.15" year="nm1"><figure>165 000</figure></amount><amount catpol="5.15" year="nm2"><figure>5 666 342,20</figure></amount></amounts></bud-data><bud-remarks><list type="dash"><int.li><p lang="en">This appropriation is intended to cover:</p></int.li><item><p lang="en">various kinds of fitting-out work, including in particular the installation of partitions, curtains, cables, painting, wall coverings, floor coverings, suspended ceilings and the related technical installations,</p></item><item><p lang="en">expenditure relating to work resulting from studies and technical assistance in respect of large-scale building projects.</p></item></list><p lang="en">Amount of assigned revenue under Article 18(1)(e) to (j) of the Financial Regulation: p.m.</p></bud-remarks></nmc-item><nmc-item alias="2 0 0 8" id="N60801659687-1"><bud-heading><p lang="en">Studies and technical assistance in connection with building projects</p></bud-heading><bud-data exprev="exp"><amounts><amount catpol="5.15" year="n"><figure>30 000</figure></amount><amount catpol="5.15" year="nm1"><figure>270 000</figure></amount><amount catpol="5.15" year="nm2"><figure>350 396,49</figure></amount></amounts></bud-data><bud-remarks><p lang="en">This appropriation is intended to cover the expenditure relating to studies and technical assistance in connection with large-scale building projects.</p></bud-remarks></nmc-item></nmc-article><nmc-article alias="2 0 2" id="AABAY"><bud-heading><p lang="en">Expenditure on buildings</p></bud-heading><bud-data exprev="exp" tot="tot"/><nmc-item alias="2 0 2 2" id="N60801453514-6"><bud-heading><p lang="en">Cleaning and maintenance</p></bud-heading><bud-data exprev="exp"><amounts><amount catpol="5.15" year="n"><figure>1 153 000</figure></amount><amount catpol="5.15" year="nm1"><figure>1 143 000</figure></amount><amount catpol="5.15" year="nm2"><figure>1 093 346,21</figure></amount></amounts></bud-data><bud-remarks><list type="dash"><int.li><p lang="en">This appropriation is intended to cover:</p></int.li><item><p lang="en">maintenance and cleaning costs for premises, lifts, central heating, air-conditioning equipment, electrical installations and alterations and repairs to them,</p></item><item><p lang="en">the purchase of maintenance, washing, laundry and dry-cleaning products, and any supplies required for maintenance.</p></item></list><p lang="en">Before renewing or concluding contracts, the institution will consult the other institutions on the terms each of them has obtained (price, currency chosen, indexing, duration, other clauses), with due regard to Article 63 of Council Regulation (EC, Euratom) No 1605/2002 of 25 June 2002 on the Financial Regulation applicable to the general budget of the European Communities (OJ L 248, 16.9.2002, p. 1).</p><p lang="en">Amount of assigned revenue under Article 18(1)(e) to (j) of the Financial Regulation: p.m.</p></bud-remarks></nmc-item><nmc-item alias="2 0 2 4" id="N60801453538-7"><bud-heading><p lang="en">Energy consumption</p></bud-heading><bud-data exprev="exp"><amounts><amount catpol="5.15" year="n"><figure>1 012 000</figure></amount><amount catpol="5.15" year="nm1"><figure>934 000</figure></amount><amount catpol="5.15" year="nm2"><figure>775 346,77</figure></amount></amounts></bud-data><bud-remarks><p lang="en">This appropriation is intended to cover water, gas and electricity consumption and heating costs. </p><p lang="en">Amount of assigned revenue under Article 18(1)(e) to (j) of the Financial Regulation: p.m.</p></bud-remarks></nmc-item><nmc-item alias="2 0 2 6" id="N60801453566-8"><bud-heading><p lang="en">Security and surveillance of buildings</p></bud-heading><bud-data exprev="exp"><amounts><amount catpol="5.15" year="n"><figure>1 121 000</figure></amount><amount catpol="5.15" year="nm1"><figure>1 134 000</figure></amount><amount catpol="5.15" year="nm2"><figure>1 095 972,59</figure></amount></amounts></bud-data><bud-remarks><p lang="en">This appropriation is intended to cover miscellaneous expenditure relating to the security of buildings, especially the contract for the surveillance of the buildings, the purchase and maintenance of fire-fighting equipment and equipment for security officers, etc.</p><p lang="en">Before renewing or concluding contracts, the institution will consult the other institutions on the terms each of them has obtained (price, currency chosen, indexing, duration, other clauses), with due regard to Article 63 of the Council Regulation (EC, Euratom) No 1605/2002 of 25 June 2002 on the Financial Regulation applicable to the general budget of the European Communities (OJ L 248, 16.9.2002, p. 1).</p><p lang="en">Amount of assigned revenue under Article 18(1)(e) to (j) of the Financial Regulation: p.m.</p></bud-remarks></nmc-item><nmc-item alias="2 0 2 8" id="N60801659640-0"><bud-heading><p lang="en">

Insurance</p></bud-heading><bud-data exprev="exp"><amounts><amount catpol="5.15" year="n"><figure>73 000</figure></amount><amount catpol="5.15" year="nm1"><figure>73 000</figure></amount><amount catpol="5.15" year="nm2"><figure>66 958,21</figure></amount></amounts></bud-data><bud-remarks><p lang="en">This appropriation is intended to cover the premiums payable on the insurance policies relating to the buildings occupied by the institution, including cover for movable property and works of art.</p><p lang="en">Amount of assigned revenue under Article 18(1)(e) to (j) of the Financial Regulation: p.m.</p></bud-remarks></nmc-item><nmc-item alias="2 0 2 9" id="N60801453591-9"><bud-heading><p lang="en">Other expenditure on buildings</p></bud-heading><bud-data exprev="exp"><amounts><amount catpol="5.15" year="n"><figure>80 000</figure></amount><amount catpol="5.15" year="nm1"><figure>82 000</figure></amount><amount catpol="5.15" year="nm2"><figure>77 603,55</figure></amount></amounts></bud-data><bud-remarks><p lang="en">

This appropriation is intended to cover other current expenditure on buildings not specifically provided for in the other articles of this chapter, in particular sewerage, refuse collection, road taxes, signs, etc.</p><p lang="en">Amount of assigned revenue under Article 18(1)(e) to (j) of the Financial Regulation: p.m.</p></bud-remarks></nmc-item></nmc-article></nmc-chapter><nmc-chapter alias="2 1" id="AABCO"><bud-heading><p lang="en">DATA PROCESSING, EQUIPMENT AND MOVABLE PROPERTY: PURCHASE, HIRE AND MAINTENANCE </p></bud-heading><bud-data exprev="exp" tot="tot"/><nmc-article alias="2 1 0" id="AABCU"><bud-heading><p lang="en">Equipment, operating costs and services relating to data processing and telecommunications</p></bud-heading><bud-data exprev="exp" tot="tot"/><nmc-item alias="2 1 0 0" id="N60801453733-10"><bud-heading><p lang="en">Purchase, work on and maintenance of equipment and software</p></bud-heading><bud-data exprev="exp"><amounts><amount catpol="5.15" year="n"><figure>2 164 333</figure></amount><amount catpol="5.15" year="nm1"><figure>1 989 000</figure></amount><amount catpol="5.15" year="nm2"><figure>2 338 886,52</figure></amount></amounts></bud-data><bud-remarks><list type="dash"><int.li><p lang="en">This appropriation is intended to cover the following operating expenditure:</p></int.li><item><p lang="en">purchase, leasing and maintenance of computer equipment and software and other supplies and documentation,</p></item><item><p lang="en">computer cables.</p></item></list><p lang="en">Amount of assigned revenue under Article 18(1)(e) to (j) of the Financial Regulation: p.m.</p></bud-remarks></nmc-item><nmc-item alias="2 1 0 2" id="N60801453783-11"><bud-heading><p lang="en">External services for the operation, implementation and maintenance of software and systems</p></bud-heading><bud-data exprev="exp"><amounts><amount catpol="5.15" year="n"><figure>3 538 000</figure></amount><amount catpol="5.15" year="nm1"><figure>3 635 000</figure></amount><amount catpol="5.15" year="nm2"><figure>2 875 076,57</figure></amount></amounts></bud-data><bud-remarks><p lang="en">This appropriation is intended to cover expenditure on outside staff and work contracted out, including the <qt>helpdesk</qt> services.</p><p lang="en">Amount of assigned revenue under Article 18(1)(e) to (j) of the Financial Regulation: p.m.</p></bud-remarks></nmc-item><nmc-item alias="2 1 0 3" id="N60801453803-12"><bud-heading><p lang="en">Telecommunications</p></bud-heading><bud-data exprev="exp"><amounts><amount catpol="5.15" year="n"><figure>663 000</figure></amount><amount catpol="5.15" year="nm1"><figure>645 000</figure></amount><amount catpol="5.15" year="nm2"><figure>660 940,73</figure></amount></amounts></bud-data><bud-remarks><p lang="en">This appropriation is intended to cover all expenditure related to telecommunications such as subscriber charges, telephone lines, communications charges, maintenance fees and the purchase, renewal, repair and maintenance of telephone installations and equipment.</p><p lang="en">Amount of assigned revenue under Article 18(1)(e) to (j) of the Financial Regulation is estimated at EUR 70 000.</p></bud-remarks></nmc-item></nmc-article><nmc-article alias="2 1 2" id="AABDA"><bud-heading><p lang="en">
Furniture</p></bud-heading><bud-data exprev="exp"><amounts><amount catpol="5.15" year="n"><figure>137 000</figure></amount><amount catpol="5.15" year="nm1"><figure>262 000</figure></amount><amount catpol="5.15" year="nm2"><figure>397 332,66</figure></amount></amounts></bud-data><bud-remarks><p lang="en">This appropriation is intended to cover the purchase or hire of additional furniture, its maintenance or repair and the replacement of old or damaged furniture.</p><p lang="en">Amount of assigned revenue under Article 18(1)(e) to (j) of the Financial Regulation: p.m.</p></bud-remarks></nmc-article><nmc-article alias="2 1 4" id="N60801453860-14"><bud-heading><p lang="en">Technical equipment and installations</p></bud-heading><bud-data exprev="exp"><amounts><amount catpol="5.15" year="n"><figure>130 000</figure></amount><amount catpol="5.15" year="nm1"><figure>140 000</figure></amount><amount catpol="5.15" year="nm2"><figure>133 821,62</figure></amount></amounts></bud-data><bud-remarks><p lang="en">This appropriation is intended to cover expenditure on the purchase, replacement, hire, maintenance and repair of technical equipment and office machines.</p><p lang="en">Amount of assigned revenue under Article 18(1)(e) to (j) of the Financial Regulation: p.m.</p></bud-remarks></nmc-article><nmc-article alias="2 1 6" id="N60801453945-17"><bud-heading><p lang="en">Vehicles</p></bud-heading><bud-data exprev="exp"><amounts><amount catpol="5.15" year="n"><figure>610 000</figure></amount><amount catpol="5.15" year="nm1"><figure>579 000</figure></amount><amount catpol="5.15" year="nm2"><figure>502 484,26</figure></amount></amounts></bud-data><bud-remarks><p lang="en">This appropriation is intended to cover the purchase or hire of vehicles, with or without drivers, (including taxis) and the resultant running costs. </p><p lang="en">Amount of assigned revenue under Article 18(1)(e) to (j) of the Financial Regulation: p.m.</p></bud-remarks></nmc-article></nmc-chapter><nmc-chapter alias="2 3" id="AABIO"><bud-heading><p lang="en">CURRENT ADMINISTRATIVE EXPENDITURE</p></bud-heading><bud-data exprev="exp" tot="tot"/><nmc-article alias="2 3 0" id="AABIU"><bud-heading><p lang="en">
Stationery, office supplies and miscellaneous consumables</p></bud-heading><bud-data exprev="exp"><amounts><amount catpol="5.15" year="n"><figure>155 000</figure></amount><amount catpol="5.15" year="nm1"><figure>200 000</figure></amount><amount catpol="5.15" year="nm2"><figure>128 889,67</figure></amount></amounts><relations><relation type="traditional" value="2 3 0"/></relations></bud-data><bud-remarks><p>This appropriation is intended to cover expenditure on stationery and office supplies.</p><p lang="en">Amount of assigned revenue under Article 18(1)(e) to (j) of the Financial Regulation: p.m.</p></bud-remarks></nmc-article><nmc-article alias="2 3 1" id="AABJA"><bud-heading><p lang="fr">Financial charges</p></bud-heading><bud-data exprev="exp"><amounts><amount catpol="5.15" year="n"><figure>20 000</figure></amount><amount catpol="5.15" year="nm1"><figure>20 000</figure></amount><amount catpol="5.15" year="nm2"><figure>20 000,00</figure></amount></amounts></bud-data><bud-remarks/></nmc-article><nmc-article alias="2 3 2" id="AABJY"><bud-heading><p lang="en">Legal expenses and damages</p></bud-heading><bud-data exprev="exp"><amounts><amount catpol="5.15" year="n"><figure>20 000</figure></amount><amount catpol="5.15" year="nm1"><figure>20 000</figure></amount><amount catpol="5.15" year="nm2"><figure>3 000,00</figure></amount></amounts></bud-data><bud-remarks><p lang="en">This appropriation is intended to cover any expenditure and fees the Court of Auditors may have to bear.</p></bud-remarks></nmc-article><nmc-article alias="2 3 6" id="AABKE"><bud-heading><p lang="en">Postage and delivery charges </p></bud-heading><bud-data exprev="exp"><amounts><amount catpol="5.15" year="n"><figure>60 000</figure></amount><amount catpol="5.15" year="nm1"><figure>50 000</figure></amount><amount catpol="5.15" year="nm2"><figure>50 000,00</figure></amount></amounts><relations><relation type="traditional" value="2 3 4"/></relations></bud-data><bud-remarks/></nmc-article><nmc-article alias="2 3 8" id="AABKK"><bud-heading><p lang="en">Other administrative expenditure</p></bud-heading><bud-data exprev="exp"><amounts><amount catpol="5.15" year="n"><figure>149 000</figure></amount><amount catpol="5.15" year="nm1"><figure>149 000</figure></amount><amount catpol="5.15" year="nm2"><figure>165 058,53</figure></amount></amounts></bud-data><bud-remarks><list type="dash"><int.li><p lang="en">This appropriation is intended to cover:</p></int.li><item><p lang="en">the cost of luggage insurance for staff travelling on mission,</p></item><item><p lang="en">the purchase of uniforms for messengers and drivers, and other work clothes,</p></item><item><p lang="en">the cost of refreshments and occasional snacks served during internal meetings,</p></item><item><p lang="en">the costs of removal and handling of equipment, furniture and office supplies,</p></item><item><p lang="en">other operating expenditure not specifically provided for in the preceding headings and costs relating to maintenance and repair of equipment,</p></item><item><p lang="en">petty expenses.</p></item></list><p lang="en">
Amount of assigned revenue under Article 18(1)(e) to (j) of the Financial Regulation: p.m.</p></bud-remarks></nmc-article></nmc-chapter><nmc-chapter alias="2 5" id="AABNE"><bud-heading><p lang="en">MEETINGS AND CONFERENCES</p></bud-heading><bud-data exprev="exp" tot="tot"/><nmc-article alias="2 5 2" id="AABNK"><bud-heading><p lang="en">Entertainment and representation expenses</p></bud-heading><bud-data exprev="exp"><amounts><amount catpol="5.15" year="n"><figure>252 000</figure></amount><amount catpol="5.15" year="nm1"><figure>252 000</figure></amount><amount catpol="5.15" year="nm2"><figure>231 929,91</figure></amount></amounts></bud-data><bud-remarks><p lang="en">This appropriation is intended to cover expenditure on the Court of Auditors’ obligations in respect of entertainment and representation.</p></bud-remarks></nmc-article><nmc-article alias="2 5 4" id="AABNQ"><bud-heading><p lang="en">Meetings, congresses and conferences</p></bud-heading><bud-data exprev="exp"><amounts><amount catpol="5.15" year="n"><figure>127 000</figure></amount><amount year="nm1"><figure>127 000</figure></amount><amount year="nm2"><figure>142 239,88</figure></amount></amounts></bud-data><bud-remarks><p lang="en">This appropriation is intended to cover travel, subsistence and incidental expenses of experts taking part in study groups and working parties, and the cost of organising such meetings in so far as they are not covered by existing infrastructure.</p><p lang="en">It is also intended to cover the cost of organisation of and participation in conferences, congresses and meetings.</p><p lang="en">The amount of assigned revenue under Article 18(1)(e) to (j) of the Financial Regulation is estimated at EUR 1 000.</p></bud-remarks></nmc-article><nmc-article alias="2 5 6" id="N60801554369-25"><bud-heading><p lang="en">Expenditure on the dissemination of information and on participation in public events</p></bud-heading><bud-data exprev="exp"><amounts><amount catpol="5.15" year="n"><figure>17 000</figure></amount><amount catpol="5.15" year="nm1"><figure>17 000</figure></amount><amount catpol="5.15" year="nm2"><figure>15 000,00</figure></amount></amounts></bud-data><bud-remarks><p lang="en">This appropriation is intended to cover the cost of organising study days on the activities of the Court of Auditors, for the benefit of university teachers, editors of specialised journals or other specialist visitors from the Member States. This appropriation is also intended to cover miscellaneous expenditure relating to the Court’s information and communication policy.</p></bud-remarks></nmc-article><nmc-article alias="2 5 7" id="N60801554402-26"><bud-heading><p lang="en">Joint Interpreting and Conference Service</p></bud-heading><bud-data exprev="exp"><amounts><amount catpol="5.15" year="n"><figure>472 000</figure></amount><amount catpol="5.15" year="nm1"><figure>472 000</figure></amount><amount catpol="5.15" year="nm2"><figure>472 000,00</figure></amount></amounts></bud-data><bud-remarks><p lang="en">This appropriation is intended to cover payment for services provided by the interpreting services of the European Parliament and the Commission.</p></bud-remarks></nmc-article></nmc-chapter><nmc-chapter alias="2 7" id="AABOI"><bud-heading><p lang="en">INFORMATION: ACQUISITION, ARCHIVING, PRODUCTION AND DISTRIBUTION</p></bud-heading><bud-data exprev="exp" tot="tot"/><nmc-article alias="2 7 0" id="AABOO"><bud-heading><p lang="en">Limited consultations, studies and surveys</p></bud-heading><bud-data exprev="exp"><amounts><amount catpol="5.15" year="n"><figure>585 000</figure></amount><amount catpol="5.15" year="nm1"><figure>415 000</figure></amount><amount catpol="5.15" year="nm2"><figure>327 306,52</figure></amount></amounts><relations><relation type="traditional" value="2 7 0"/></relations></bud-data><bud-remarks><p lang="en">This appropriation is intended to enable studies to be contracted out to qualified experts in the fields of audit and also in those of an administrative nature.</p><p lang="en">As part of its audit work, the Court of Auditors has to call on outside experts for technical studies and analyses (chemical, physical and statistical). The need for appropriations to cover the cost of studies contracted out to experts is justified by the specialised and sometimes unforeseeable nature of the studies in question. Without such appropriations, the Court of Auditors could be seriously hampered in performing its duties and its independence could be jeopardised. This appropriation also includes the cost of the audit of the Court of Auditors’ accounts by independent auditors whose report is published in the <ft type="ht">Official Journal of the European Union</ft>.</p></bud-remarks></nmc-article><nmc-article alias="2 7 2" id="AABPA"><bud-heading><p lang="en">Documentation, library and archiving expenditure</p></bud-heading><bud-data exprev="exp"><amounts><amount year="n"><figure>304 000</figure></amount><amount year="nm1"><figure>301 000</figure></amount><amount year="nm2"><figure>289 489,81</figure></amount></amounts></bud-data><bud-remarks><list type="dash"><int.li><p lang="en">This appropriation is intended to cover:</p></int.li><item><p lang="en">the acquisition of books, documents and other non-periodic publications and updates for existing volumes,</p></item><item><p lang="en">special equipment for the library,</p></item><item><p lang="en">the cost of subscriptions to newspapers, periodicals and various bulletins,</p></item><item><p lang="en">the cost of subscriptions to news agencies or external informative databases,</p></item><item><p lang="en">access charges for certain external databases,</p></item><item><p lang="en">the cost of binding and upkeep of library books,</p></item><item><p lang="en">the cost of archive services and the acquisition of archive resources on substitute media.</p></item></list></bud-remarks></nmc-article><nmc-article alias="2 7 4" id="AABPG"><bud-heading><p lang="en">Production and distribution </p></bud-heading><bud-data exprev="exp" tot="tot"/><nmc-item alias="2 7 4 0" id="N60801554499-29"><bud-heading><p lang="en">Official Journal</p></bud-heading><bud-data exprev="exp"><amounts><amount catpol="5.15" year="n"><figure>700 000</figure></amount><amount catpol="5.15" year="nm1"><figure>565 000</figure></amount><amount catpol="5.15" year="nm2"><figure>725 000,00</figure></amount></amounts></bud-data><bud-remarks><p lang="en">This appropriation is intended to cover the cost of publications by the Court of Auditors in the <ft type="ht">Official Journal of the European Union</ft>.</p><p lang="en">The amount of assigned revenue under Article 18(1)(e) to (j) of the Financial Regulation is estimated at EUR 70 000.</p></bud-remarks></nmc-item><nmc-item alias="2 7 4 1" id="N60801554519-30"><bud-heading><p lang="en">Publications of a general nature</p></bud-heading><bud-data exprev="exp"><amounts><amount catpol="5.15" year="n"><figure>800 000</figure></amount><amount catpol="5.15" year="nm1"><figure>640 000</figure></amount><amount catpol="5.15" year="nm2"><figure>500 175,16</figure></amount></amounts></bud-data><bud-remarks><list type="dash"><int.li><p lang="en">This appropriation is intended to cover:</p></int.li><item><p lang="en">the costs of publishing and distributing the reports and opinions adopted by the Court of Auditors pursuant to Article 287(4), second subparagraph, and 325(4) of the Treaty on the Functioning of the European Union,</p></item><item><p lang="en">expenditure on distribution of documents on general audit works and the Court of Auditors’ activities.</p></item></list><p lang="en">Amount of assigned revenue under Article 18(1)(e) to (j) of the Financial Regulation: p.m.</p></bud-remarks></nmc-item></nmc-article></nmc-chapter></nmc-title><nmc-title alias="10" id="AABPM"><bud-heading><p>OTHER EXPENDITURE</p></bud-heading><bud-data exprev="exp" tot="tot"/><nmc-chapter alias="10 0" id="AABPS"><bud-heading><p>PROVISIONAL APPROPRIATIONS</p></bud-heading><bud-data exprev="exp"><amounts><amount catpol="5.15" year="n"><figure>13 900</figure></amount><amount catpol="5.15" year="nm1"><figure>55 000 000</figure></amount><amount catpol="5.15" year="nm2"><figure>0,—</figure></amount></amounts><relations><relation type="traditional" value="10 0"/></relations></bud-data><bud-remarks><reuse-link reuse="reuse-link"><reuse-param name="class" value="com.softwareag.belgium.xef.impl.filters.CheckOutAndFilter"/><reuse-param name="xpath" value="/abb[1]/nmc-section[1]/nmc-expenditure[1]"/><reuse-param name="filter" value="com.softwareag.belgium.seibud.abb.LinkAndReuse.NDiffReservesBreakdown"/><reuse-param-list name="aliases"><reuse-param name="alias" value="10 0"/></reuse-param-list></reuse-link></bud-remarks></nmc-chapter><nmc-chapter alias="10 1" id="AABPY"><bud-heading><p>CONTINGENCY RESERVE</p></bud-heading><bud-data exprev="exp"><amounts><amount catpol="5.15" year="n"><figure>p.m.</figure></amount><amount catpol="5.15" year="nm1"><figure>p.m.</figure></amount><amount catpol="5.15" year="nm2"><figure>0,—</figure></amount></amounts><relations><relation type="traditional" value="10 1"/></relations></bud-data></nmc-chapter></nmc-title></nmc-expenditure><nmc-grseq alias="S" id="JfLfINKefcLObKKGKPcaNJcGHIMeGMPOcNHNfON"><bud-heading><p lang="en">Staff</p></bud-heading><nmc-grseq alias="S 1" id="JfLfINKefcLObKKGKPcaNJcGHIMeGMPOcNHNfOL"><bud-heading><p lang="en">Section V — Court of Auditors</p></bud-heading><bud-text><table frame="all"><tgroup cols="5"><colspec colname="C1" colnum="1" colwidth="149.35pt"/><colspec colname="C2" colnum="2" colwidth="92.15pt"/><colspec colname="C3" colnum="3" colwidth="85.05pt"/><colspec colname="C4" colnum="4" colwidth="92.15pt"/><colspec colname="C5" colnum="5" colwidth="92.1pt"/><thead><row><entry align="center" colname="C1" colsep="1" morerows="2" rowsep="1" valign="middle"><p lang="en">Function group and grade</p></entry><entry align="center" colsep="1" nameend="C5" namest="C2" rowsep="1"><p lang="en">Court of Auditors</p></entry></row><row><entry align="center" colsep="1" nameend="C3" namest="C2" rowsep="1"><p lang="en">Permanent posts</p></entry><entry align="center" colsep="1" nameend="C5" namest="C4" rowsep="1"><p lang="en">Temporary posts
                    <note><p lang="en"> The actual grade at which the posts assigned to the private offices are occupied will follow the same grading criteria as for officials recruited before 1 May 2004.</p></note></p></entry></row><row><entry align="center" colname="C2" colsep="1" rowsep="1"><p lang="en">2010</p></entry><entry align="center" colname="C3" colsep="1" rowsep="1"><p lang="en">2009</p></entry><entry align="center" colname="C4" colsep="1" rowsep="1"><p lang="en">2010</p></entry><entry align="center" colname="C5" colsep="1" rowsep="1"><p lang="en">2009</p></entry></row></thead><tbody><row><entry align="center" colname="C1" colsep="1" rowsep="0"><p lang="en">Non-category</p></entry><entry colname="C2" colsep="1" rowsep="0"/><entry colname="C3" colsep="1" rowsep="0"/><entry align="center" colname="C4" colsep="1" rowsep="0"><p lang="en">1</p></entry><entry align="center" colname="C5" colsep="1" rowsep="0"><p lang="en">1</p></entry></row><row><entry align="center" colname="C1" colsep="1" rowsep="0"><p lang="en">AD 16</p></entry><entry colname="C2" colsep="1" rowsep="0"/><entry colname="C3" colsep="1" rowsep="0"/><entry colname="C4" colsep="1" rowsep="0"/><entry colname="C5" colsep="1" rowsep="0"/></row><row><entry align="center" colname="C1" colsep="1" rowsep="0"><p lang="en">AD 15</p></entry><entry align="center" colname="C2" colsep="1" rowsep="0"><p lang="en">9</p></entry><entry align="center" colname="C3" colsep="1" rowsep="0"><p lang="en">9</p></entry><entry colname="C4" colsep="1" rowsep="0"/><entry colname="C5" colsep="1" rowsep="0"/></row><row><entry align="center" colname="C1" colsep="1" rowsep="0"><p lang="en">AD 14</p></entry><entry align="center" colname="C2" colsep="1" rowsep="0"><p lang="en">33<note><p lang="en"> Of which one AD 15 <ft type="ht">ad personam</ft>.</p></note></p></entry><entry align="center" colname="C3" colsep="1" rowsep="0"><p lang="en">33<note><p lang="en"> Of which one AD 15 <ft type="ht">ad personam</ft>.</p></note></p></entry><entry align="center" colname="C4" colsep="1" rowsep="0"><p lang="en">29</p></entry><entry align="center" colname="C5" colsep="1" rowsep="0"><p lang="en">29</p></entry></row><row><entry align="center" colname="C1" colsep="1" rowsep="0"><p lang="en">AD 13</p></entry><entry align="center" colname="C2" colsep="1" rowsep="0"><p lang="en">16</p></entry><entry align="center" colname="C3" colsep="1" rowsep="0"><p lang="en">16</p></entry><entry align="center" colname="C4" colsep="1" rowsep="0"><p lang="en">2</p></entry><entry colname="C5" colsep="1" rowsep="0"/></row><row><entry align="center" colname="C1" colsep="1" rowsep="0"><p lang="en">AD 12</p></entry><entry align="center" colname="C2" colsep="1" rowsep="0"><p lang="en">69<note><p lang="en"> Of which one AD 14 <ft type="ht">ad personam</ft>.</p></note></p></entry><entry align="center" colname="C3" colsep="1" rowsep="0"><p lang="en">66<note><p lang="en"> Of which one AD 14 <ft type="ht">ad personam</ft>.</p></note></p></entry><entry align="center" colname="C4" colsep="1" rowsep="0"><p lang="en">5</p></entry><entry align="center" colname="C5" colsep="1" rowsep="0"><p lang="en">7</p></entry></row><row><entry align="center" colname="C1" colsep="1" rowsep="0"><p lang="en">AD 11</p></entry><entry align="center" colname="C2" colsep="1" rowsep="0"><p lang="en">39</p></entry><entry align="center" colname="C3" colsep="1" rowsep="0"><p lang="en">37</p></entry><entry align="center" colname="C4" colsep="1" rowsep="0"><p lang="en">31</p></entry><entry align="center" colname="C5" colsep="1" rowsep="0"><p lang="en">31</p></entry></row><row><entry align="center" colname="C1" colsep="1" rowsep="0"><p lang="en">AD 10</p></entry><entry align="center" colname="C2" colsep="1" rowsep="0"><p lang="en">35</p></entry><entry align="center" colname="C3" colsep="1" rowsep="0"><p lang="en">40</p></entry><entry align="center" colname="C4" colsep="1" rowsep="0"><p lang="en">1</p></entry><entry align="center" colname="C5" colsep="1" rowsep="0"><p lang="en">1</p></entry></row><row><entry align="center" colname="C1" colsep="1" rowsep="0"><p lang="en">AD 9</p></entry><entry align="center" colname="C2" colsep="1" rowsep="0"><p lang="en">96</p></entry><entry align="center" colname="C3" colsep="1" rowsep="0"><p lang="en">96</p></entry><entry colname="C4" colsep="1" rowsep="0"/><entry colname="C5" colsep="1" rowsep="0"/></row><row><entry align="center" colname="C1" colsep="1" rowsep="0"><p lang="en">AD 8</p></entry><entry align="center" colname="C2" colsep="1" rowsep="0"><p lang="en">52
                    <note><p lang="en"> Of which transformation of one AST 8 to AD 8, in accordance with article 47 (1) of the Financial Regulation.</p></note></p></entry><entry align="center" colname="C3" colsep="1" rowsep="0"><p lang="en">51</p></entry><entry colname="C4" colsep="1" rowsep="0"/><entry colname="C5" colsep="1" rowsep="0"/></row><row><entry align="center" colname="C1" colsep="1" rowsep="0"><p lang="en">AD 7</p></entry><entry align="center" colname="C2" colsep="1" rowsep="0"><p lang="en">17</p></entry><entry align="center" colname="C3" colsep="1" rowsep="0"><p lang="en">1</p></entry><entry colname="C4" colsep="1" rowsep="0"/><entry colname="C5" colsep="1" rowsep="0"/></row><row><entry align="center" colname="C1" colsep="1" rowsep="0"><p lang="en">AD 6</p></entry><entry align="center" colname="C2" colsep="1" rowsep="0"><p lang="en">101</p></entry><entry align="center" colname="C3" colsep="1" rowsep="0"><p lang="en">101</p></entry><entry colname="C4" colsep="1" rowsep="0"/><entry colname="C5" colsep="1" rowsep="0"/></row><row><entry align="center" colname="C1" colsep="1" rowsep="0"><p lang="en">AD 5</p></entry><entry align="center" colname="C2" colsep="1" rowsep="1"><p lang="en">52</p></entry><entry align="center" colname="C3" colsep="1" rowsep="1"><p lang="en">52</p></entry><entry colname="C4" colsep="1" rowsep="1"/><entry colname="C5" colsep="1" rowsep="1"/></row><row><entry align="right" colname="C1" colsep="1" rowsep="1"><p lang="en">AD total</p></entry><entry align="center" colname="C2" colsep="1" rowsep="1"><p lang="en">519</p></entry><entry align="center" colname="C3" colsep="1" rowsep="1"><p lang="en">502</p></entry><entry align="center" colname="C4" colsep="1" rowsep="1"><p lang="en">69</p></entry><entry align="center" colname="C5" colsep="1" rowsep="1"><p lang="en">69</p></entry></row><row><entry align="center" colname="C1" colsep="1" rowsep="0"><p lang="en">AST 11</p></entry><entry align="center" colname="C2" colsep="1" rowsep="0"><p lang="en">11</p></entry><entry align="center" colname="C3" colsep="1" rowsep="0"><p lang="en">13</p></entry><entry colname="C4" colsep="1" rowsep="0"/><entry colname="C5" colsep="1" rowsep="0"/></row><row><entry align="center" colname="C1" colsep="1" rowsep="0"><p lang="en">AST 10</p></entry><entry align="center" colname="C2" colsep="1" rowsep="0"><p lang="en">7</p></entry><entry align="center" colname="C3" colsep="1" rowsep="0"><p lang="en">7</p></entry><entry colname="C4" colsep="1" rowsep="0"/><entry colname="C5" colsep="1" rowsep="0"/></row><row><entry align="center" colname="C1" colsep="1" rowsep="0"><p lang="en">AST 9</p></entry><entry align="center" colname="C2" colsep="1" rowsep="0"><p lang="en">3</p></entry><entry align="center" colname="C3" colsep="1" rowsep="0"><p lang="en">4</p></entry><entry colname="C4" colsep="1" rowsep="0"/><entry colname="C5" colsep="1" rowsep="0"/></row><row><entry align="center" colname="C1" colsep="1" rowsep="0"><p lang="en">AST 8</p></entry><entry align="center" colname="C2" colsep="1" rowsep="0"><p lang="en">14
                    <note><p lang="en"> Of which transformation of one AST 8 to AD 8, in accordance with article 47 (1) of the Financial Regulation.</p></note></p></entry><entry align="center" colname="C3" colsep="1" rowsep="0"><p lang="en">
15</p></entry><entry colname="C4" colsep="1" rowsep="0"/><entry colname="C5" colsep="1" rowsep="0"/></row><row><entry align="center" colname="C1" colsep="1" rowsep="0"><p lang="en">AST 7</p></entry><entry align="center" colname="C2" colsep="1" rowsep="0"><p lang="en">31</p></entry><entry align="center" colname="C3" colsep="1" rowsep="0"><p lang="en">30</p></entry><entry align="center" colname="C4" colsep="1" rowsep="0"><p lang="en">28</p></entry><entry align="center" colname="C5" colsep="1" rowsep="0"><p lang="en">28</p></entry></row><row><entry align="center" colname="C1" colsep="1" rowsep="0"><p lang="en">AST 6</p></entry><entry align="center" colname="C2" colsep="1" rowsep="0"><p lang="en">32</p></entry><entry align="center" colname="C3" colsep="1" rowsep="0"><p lang="en">33</p></entry><entry colname="C4" colsep="1" rowsep="0"/><entry colname="C5" colsep="1" rowsep="0"/></row><row><entry align="center" colname="C1" colsep="1" rowsep="0"><p lang="en">AST 5</p></entry><entry align="center" colname="C2" colsep="1" rowsep="0"><p lang="en">33</p></entry><entry align="center" colname="C3" colsep="1" rowsep="0"><p lang="en">33</p></entry><entry colname="C4" colsep="1" rowsep="0"/><entry colname="C5" colsep="1" rowsep="0"/></row><row><entry align="center" colname="C1" colsep="1" rowsep="0"><p lang="en">AST 4</p></entry><entry align="center" colname="C2" colsep="1" rowsep="0"><p lang="en">26</p></entry><entry align="center" colname="C3" colsep="1" rowsep="0"><p lang="en">26</p></entry><entry align="center" colname="C4" colsep="1" rowsep="0"><p lang="en">28</p></entry><entry align="center" colname="C5" colsep="1" rowsep="0"><p lang="en">28</p></entry></row><row><entry align="center" colname="C1" colsep="1" rowsep="0"><p lang="en">AST 3</p></entry><entry align="center" colname="C2" colsep="1" rowsep="0"><p lang="en">38</p></entry><entry align="center" colname="C3" colsep="1" rowsep="0"><p lang="en">39</p></entry><entry align="center" colname="C4" colsep="1" rowsep="0"><p lang="en">5</p></entry><entry align="center" colname="C5" colsep="1" rowsep="0"><p lang="en">1</p></entry></row><row><entry align="center" colname="C1" colsep="1" rowsep="0"><p lang="en">AST 2</p></entry><entry align="center" colname="C2" colsep="1" rowsep="0"><p lang="en">18</p></entry><entry align="center" colname="C3" colsep="1" rowsep="0"><p lang="en">18</p></entry><entry align="center" colname="C4" colsep="1" rowsep="0"><p lang="en">6<note><p lang="en"> Surrender of three AST 2.</p></note></p></entry><entry align="center" colname="C5" colsep="1" rowsep="0"><p lang="en">13</p></entry></row><row><entry align="center" colname="C1" colsep="1" rowsep="0"><p lang="en">AST 1</p></entry><entry align="center" colname="C2" colsep="1" rowsep="1"><p lang="en">21</p></entry><entry align="center" colname="C3" colsep="1" rowsep="1"><p lang="en">21</p></entry><entry colname="C4" colsep="1" rowsep="1"/><entry colname="C5" colsep="1" rowsep="1"/></row><row><entry align="right" colname="C1" colsep="1" rowsep="1"><p lang="en">AST total</p></entry><entry align="center" colname="C2" colsep="1" rowsep="1"><p lang="en">234</p></entry><entry align="center" colname="C3" colsep="1" rowsep="1"><p lang="en">239</p></entry><entry align="center" colname="C4" colsep="1" rowsep="1"><p lang="en">67</p></entry><entry align="center" colname="C5" colsep="1" rowsep="1"><p lang="en">70</p></entry></row><row><entry align="right" colname="C1" colsep="1" rowsep="1"><p lang="en"><ft type="glossary">Grand total</ft></p></entry><entry align="center" colname="C2" colsep="1" rowsep="1"><p lang="en"><ft type="glossary">753</ft><note><p lang="en"> Of which transformation of two AST 11, one AST 9 and one AST 3 to four AD 7 in accordance with article 47(1) of the Financial Regulation.</p></note><note><p lang="en"> Not including the virtual reserve, without allocation of appropriations, for seconded officials in Private Offices (one AD 14, two AD 13, five AD 12, five AD 11, 12 AD 10, two AD 9, six AD 8, one AD 6, one AST 11, one AST 10, one AST 9, one AST 8, four AST 7, 10 AST 6, eight AST 5, nine AST 4, four AST 3, two AST 2 and three AST 1).</p></note></p></entry><entry align="center" colname="C3" colsep="1" rowsep="1"><p lang="en"><ft type="glossary">741 </ft><note><p lang="en"> Not including the virtual reserve, without allocation of appropriations, for seconded officials in Private Offices (one AD 14, two AD 13, five AD 12, five AD 11, 12 AD 10, two AD 9, six AD 8, one AD 6, one AST 11, one AST 10, one AST 9, one AST 8, four AST 7, 10 AST 6, eight AST 5, nine AST 4, four AST 3, two AST 2 and three AST 1).</p></note></p></entry><entry align="center" colname="C4" colsep="1" rowsep="1"><p lang="en"><ft type="glossary">136</ft></p></entry><entry align="center" colname="C5" colsep="1" rowsep="1"><p lang="en"><ft type="glossary">139</ft></p></entry></row></tbody></tgroup></table></bud-text></nmc-grseq></nmc-grseq></nmc-section>