<?xml version="1.0" encoding="UTF-8"?>
<nmc-section alias="SEC7" id="AAAAB"><bud-heading><p lang="en">SECTION VII — COMMITTEE OF THE REGIONS</p></bud-heading><nmc-revenue alias="R" id="AABEL"><bud-heading><p lang="en">OWN RESOURCES</p></bud-heading><bud-data exprev="rev" tot="tot"/><nmc-title alias="4" id="AABER"><bud-heading><p lang="en">REVENUE ACCRUING FROM PERSONS WORKING WITH THE INSTITUTIONS AND OTHER UNION BODIES</p></bud-heading><bud-data exprev="rev" tot="tot"/><nmc-chapter alias="4 0" id="AABEX"><bud-heading><p>MISCELLANEOUS TAXES AND DEDUCTIONS</p></bud-heading><bud-data exprev="rev" tot="tot"/><nmc-article alias="4 0 0" id="AABFD"><bud-heading><p lang="en">Proceeds from taxation on the salaries, wages and allowances of members of the institution, officials, other servants and recipients of pensions</p></bud-heading><bud-data exprev="rev"><amounts><amount year="n"><figure>2 775 808</figure></amount><amount year="nm1"><figure>2 755 473</figure></amount><amount year="nm2"><figure>2 408 161,00</figure></amount></amounts><relations><relation type="traditional" value="4 0 0"/></relations></bud-data><bud-remarks><p lang="en">Protocol on the privileges and immunities of the European Union, and in particular Article 12 thereof.</p><p lang="en">Council Regulation (EEC, Euratom, ECSC) No 260/68 of 29 February 1968 laying down the conditions and procedure for applying the tax for the benefit of the European Communities (OJ L 56, 4.3.1968, p. 8).</p></bud-remarks></nmc-article><nmc-article alias="4 0 1" id="AABFJ"><bud-heading><p>Staff contributions to the pension scheme</p></bud-heading><bud-data exprev="rev"><amounts><amount year="n"><figure>p.m.</figure></amount><amount year="nm1"><figure>p.m.</figure></amount><amount year="nm2"><figure>0,—</figure></amount></amounts><relations><relation type="traditional" value="4 0 1"/></relations></bud-data><bud-remarks><p lang="en">Staff Regulations of Officials of the European Communities, and in particular Article 83(2) thereof.</p></bud-remarks></nmc-article><nmc-article alias="4 0 3" id="AABFP"><bud-heading><p lang="en">Proceeds of the temporary contribution from the salaries of members of the institution, officials and other servants in active employment</p></bud-heading><bud-data exprev="rev"><amounts><amount year="n"><figure>p.m.</figure></amount><amount year="nm1"><figure>p.m.</figure></amount><amount year="nm2"><figure>11,00</figure></amount></amounts><relations><relation type="traditional" value="4 0 3"/></relations></bud-data><bud-remarks><p lang="en">Council Regulation (ECSC, EEC, Euratom) No 3831/91 of 19 December 1991 amending the Staff Regulations of Officials and the Conditions of Employment of Other Servants of the European Communities with a view to introducing a temporary contribution (OJ L 361, 31.12.1991, p. 7).</p></bud-remarks></nmc-article><nmc-article alias="4 0 4" id="NEW551326"><bud-heading><p lang="en">Proceeds from the special levy on the salaries of members of the institutions, officials and other servants in active employment</p></bud-heading><bud-data exprev="rev"><amounts><amount year="n"><figure>367 219</figure></amount><amount year="nm1"><figure>326 707</figure></amount><amount year="nm2"><figure>318 606,00</figure></amount></amounts></bud-data><bud-remarks><p lang="en">Staff Regulations of Officials of the European Communities, and in particular Article 66a thereof.</p></bud-remarks></nmc-article></nmc-chapter><nmc-chapter alias="4 1" id="41451451767-0"><bud-heading><p>CONTRIBUTIONS TO THE PENSION SCHEME</p></bud-heading><bud-data exprev="rev" tot="tot"/><nmc-article alias="4 1 0" id="41451451869-3"><bud-heading><p>Staff contributions to the pension scheme</p></bud-heading><bud-data exprev="rev"><amounts><amount year="n"><figure>3 543 125</figure></amount><amount year="nm1"><figure>3 348 656</figure></amount><amount year="nm2"><figure>3 074 564,00</figure></amount></amounts></bud-data><bud-remarks><p lang="en">Staff Regulations of Officials of the European Communities, and in particular Article 83(2) thereof.</p></bud-remarks></nmc-article><nmc-article alias="4 1 1" id="41451451961-5"><bud-heading><p>Transfer or purchase of pension rights by staff</p></bud-heading><bud-data exprev="rev"><amounts><amount year="n"><figure>p.m.</figure></amount><amount year="nm1"><figure>p.m.</figure></amount><amount year="nm2"><figure>0,—</figure></amount></amounts></bud-data><bud-remarks><p lang="en">Staff Regulations of Officials of the European Communities, and in particular Article 11(2) and Articles 17 and 48 of Annex VIII.</p></bud-remarks></nmc-article><nmc-article alias="4 1 2" id="41451452019-6"><bud-heading><p>Contributions to the pension scheme by officials and temporary staff on leave on personal grounds</p></bud-heading><bud-data exprev="rev"><amounts><amount year="n"><figure>p.m.</figure></amount><amount year="nm1"><figure>p.m.</figure></amount><amount year="nm2"><figure>0,—</figure></amount></amounts></bud-data><bud-remarks><p lang="en">Staff Regulations of Officials of the European Communities, and in particular Articles 40(3) and Article 83(2) thereof.</p><p lang="en">Conditions of Employment of Other Servants of the European Communities, and in particular Articles 41 and 43 thereof.</p></bud-remarks></nmc-article></nmc-chapter></nmc-title><nmc-title alias="5" id="AABFV"><bud-heading><p>REVENUE ACCRUING FROM THE ADMINISTRATIVE OPERATION OF THE INSTITUTION</p></bud-heading><bud-data exprev="rev" tot="tot"/><nmc-chapter alias="5 0" id="AABGB"><bud-heading><p>PROCEEDS FROM THE SALE OF MOVABLE AND IMMOVABLE PROPERTY</p></bud-heading><bud-data exprev="rev" tot="tot"/><nmc-article alias="5 0 0" id="D20002121"><bud-heading><p>Proceeds from the sale of movable property</p></bud-heading><bud-data exprev="rev" tot="tot"/><nmc-item alias="5 0 0 0" id="41451452151-0"><bud-heading><p>Proceeds from the sale of vehicles — Assigned revenue</p></bud-heading><bud-data exprev="rev"><amounts><amount year="n"><figure>p.m.</figure></amount><amount year="nm1"><figure>p.m.</figure></amount><amount year="nm2"><figure>0,—</figure></amount></amounts></bud-data><bud-remarks><p lang="en">This item is intended to record revenue from the sale or part-exchange of vehicles belonging to the institution.</p><p lang="en">In accordance with Article 18 of the Financial Regulation, this revenue is to be considered as assigned revenue and gives rise to the entry of additional appropriations in the headings which bore the initial expenditure giving rise to the corresponding revenue.</p></bud-remarks></nmc-item><nmc-item alias="5 0 0 1" id="41451452197-1"><bud-heading><p>Proceeds from the sale of other movable property — Assigned revenue</p></bud-heading><bud-data exprev="rev"><amounts><amount year="n"><figure>p.m.</figure></amount><amount year="nm1"><figure>p.m.</figure></amount><amount year="nm2"><figure>0,—</figure></amount></amounts></bud-data><bud-remarks><p lang="en">This item is intended to record revenue from the sale or part-exchange of movable property, other than vehicles, belonging to the institution.</p><p lang="en">In accordance with Article 18 of the Financial Regulation, this revenue is to be considered as assigned revenue and gives rise to the entry of additional appropriations in the headings which bore the initial expenditure giving rise to the corresponding revenue.</p></bud-remarks></nmc-item></nmc-article><nmc-article alias="5 0 2" id="D20002122"><bud-heading><p lang="en">Proceeds from the sale of publications, printed works and films — Assigned revenue</p></bud-heading><bud-data exprev="rev"><amounts><amount year="n"><figure>p.m.</figure></amount><amount year="nm1"><figure>p.m.</figure></amount><amount year="nm2"><figure>0,—</figure></amount></amounts><relations><relation type="traditional" value="5 0 2"/></relations></bud-data><bud-remarks><p lang="en">In accordance with Article 18 of the Financial Regulation, this revenue is to be considered as assigned revenue and gives rise to the entry of additional appropriations in the headings which bore the initial expenditure giving rise to the corresponding revenue.</p><p lang="en">This article shall also include the proceeds of the sale of these products by electronic means.</p></bud-remarks></nmc-article></nmc-chapter><nmc-chapter alias="5 1" id="AABGT"><bud-heading><p>PROCEEDS FROM LETTING AND HIRING</p></bud-heading><bud-data exprev="rev" tot="tot"/><nmc-article alias="5 1 0" id="AABGZ"><bud-heading><p lang="en">Proceeds from the hiring-out of furniture and equipment — Assigned revenue</p></bud-heading><bud-data exprev="rev"><amounts><amount year="n"><figure>p.m.</figure></amount><amount year="nm1"><figure>p.m.</figure></amount><amount year="nm2"><figure>0,—</figure></amount></amounts><relations><relation type="traditional" value="5 1 0"/></relations></bud-data><bud-remarks><p lang="en">In accordance with Article 18 of the Financial Regulation, this revenue is to be considered as assigned revenue and gives rise to the entry of additional appropriations in the headings which bore the initial expenditure giving rise to the corresponding revenue.</p></bud-remarks></nmc-article><nmc-article alias="5 1 1" id="AABHF"><bud-heading><p>Proceeds from letting of immovable property and charges connected with lettings</p></bud-heading><bud-data exprev="rev" tot="tot"/><nmc-item alias="5 1 1 0" id="41451556270-0"><bud-heading><p>Proceeds from letting and subletting immovable property — Assigned revenue</p></bud-heading><bud-data exprev="rev"><amounts><amount year="n"><figure>p.m.</figure></amount><amount year="nm1"><figure>p.m.</figure></amount><amount year="nm2"><figure>0,—</figure></amount></amounts></bud-data><bud-remarks><p lang="en">In accordance with Article 18 of the Financial Regulation, this revenue is to be considered as assigned revenue and gives rise to the entry of additional appropriations in the headings which bore the initial expenditure giving rise to the corresponding revenue.</p></bud-remarks></nmc-item><nmc-item alias="5 1 1 1" id="41451556424-1"><bud-heading><p>Reimbursement of charges connected with lettings — Assigned revenue</p></bud-heading><bud-data exprev="rev"><amounts><amount year="n"><figure>p.m.</figure></amount><amount year="nm1"><figure>p.m.</figure></amount><amount year="nm2"><figure>0,—</figure></amount></amounts></bud-data><bud-remarks><p lang="en">In accordance with Article 18 of the Financial Regulation, this revenue is to be considered as assigned revenue and gives rise to the entry of additional appropriations in the headings which bore the initial expenditure giving rise to the corresponding revenue.</p></bud-remarks></nmc-item></nmc-article></nmc-chapter><nmc-chapter alias="5 2" id="AABHL"><bud-heading><p>REVENUE FROM INVESTMENTS OR LOANS GRANTED, BANK AND OTHER INTEREST</p></bud-heading><bud-data exprev="rev" tot="tot"/><nmc-article alias="5 2 0" id="41451452843-2"><bud-heading><p>Revenue from investments or loans granted, bank and other interest on the institution's accounts</p></bud-heading><bud-data exprev="rev"><amounts><amount year="n"><figure>100 000</figure></amount><amount year="nm1"><figure>100 000</figure></amount><amount year="nm2"><figure>227 696,00</figure></amount></amounts></bud-data><bud-remarks><p lang="en">This article is intended to record revenue from investments or loans granted, bank and other interest on the institution's accounts.</p></bud-remarks></nmc-article><nmc-article alias="5 2 2" id="41451452906-3"><bud-heading><p>Interest from pre-financing</p></bud-heading><bud-data exprev="rev"><amounts><amount year="n"><figure>p.m.</figure></amount><amount year="nm1"><figure>p.m.</figure></amount><amount year="nm2"><figure>0,—</figure></amount></amounts></bud-data><bud-remarks><p lang="en">This article is intended to record revenue from interest on pre-financing.</p></bud-remarks></nmc-article></nmc-chapter><nmc-chapter alias="5 5" id="41451557361-0"><bud-heading><p lang="en">REVENUE FROM THE SUPPLY OF SERVICES AND WORKS</p></bud-heading><bud-data exprev="rev" tot="tot"/><nmc-article alias="5 5 0" id="41451557425-1"><bud-heading><p>Proceeds from the supply of services and works for other institutions or bodies, including refunds by other institutions or bodies of mission allowances paid on their behalf — Assigned revenue</p></bud-heading><bud-data exprev="rev"><amounts><amount year="n"><figure>p.m.</figure></amount><amount year="nm1"><figure>p.m.</figure></amount><amount year="nm2"><figure>0,—</figure></amount></amounts></bud-data><bud-remarks><p lang="en">In accordance with Article 18 of the Financial Regulation, this revenue is to be considered as assigned revenue and gives rise to the entry of additional appropriations in the headings which bore the initial expenditure giving rise to the corresponding revenue.</p></bud-remarks></nmc-article><nmc-article alias="5 5 1" id="41451557486-2"><bud-heading><p>Revenue from third parties in respect of services or work supplied at their request — Assigned revenue</p></bud-heading><bud-data exprev="rev"><amounts><amount year="n"><figure>p.m.</figure></amount><amount year="nm1"><figure>p.m.</figure></amount><amount year="nm2"><figure>0,—</figure></amount></amounts></bud-data><bud-remarks><p lang="en">In accordance with Article 18 of the Financial Regulation, this revenue is to be considered as assigned revenue and gives rise to the entry of additional appropriations in the headings which bore the initial expenditure giving rise to the corresponding revenue.</p></bud-remarks></nmc-article></nmc-chapter><nmc-chapter alias="5 7" id="AP20038030"><bud-heading><p lang="en">OTHER CONTRIBUTIONS AND REFUNDS IN CONNECTION WITH THE ADMINISTRATIVE OPERATION OF THE INSTITUTIONS</p></bud-heading><bud-data exprev="rev" tot="tot"/><nmc-article alias="5 7 0" id="AP20038031"><bud-heading><p>Revenue arising from the repayment of amounts wrongly paid — Assigned revenue</p></bud-heading><bud-data exprev="rev"><amounts><amount year="n"><figure>p.m.</figure></amount><amount year="nm1"><figure>p.m.</figure></amount><amount year="nm2"><figure>0,—</figure></amount></amounts><relations><relation type="traditional" value="5 7 0"/></relations></bud-data><bud-remarks><p lang="en">In accordance with Article 18 of the Financial Regulation, this revenue is to be considered as assigned revenue and gives rise to the entry of additional appropriations in the headings which bore the initial expenditure giving rise to the corresponding revenue.</p></bud-remarks></nmc-article><nmc-article alias="5 7 1" id="41451453145-5"><bud-heading><p lang="en">Revenue earmarked for a specific purpose, such as income from foundations, subsidies, gifts and bequests, including the earmarked revenue specific to the institution — Assigned revenue</p></bud-heading><bud-data exprev="rev"><amounts><amount year="n"><figure>p.m.</figure></amount><amount year="nm1"><figure>p.m.</figure></amount><amount year="nm2"><figure>
0,—</figure></amount></amounts></bud-data><bud-remarks><p lang="en">In accordance with Article 18 of the Financial Regulation, this revenue is to be considered as assigned revenue and gives rise to the entry of additional appropriations in the headings which bore the initial expenditure giving rise to the corresponding revenue.</p></bud-remarks></nmc-article><nmc-article alias="5 7 3" id="41451453176-6"><bud-heading><p>Other contributions and refunds in connection with the administrative operation of the institution — Assigned revenue</p></bud-heading><bud-data exprev="rev"><amounts><amount year="n"><figure>p.m.</figure></amount><amount year="nm1"><figure>p.m.</figure></amount><amount year="nm2"><figure>0,—</figure></amount></amounts></bud-data><bud-remarks><p lang="en">In accordance with Article 18 of the Financial Regulation, this revenue is to be considered as assigned revenue and gives rise to the entry of additional appropriations in the headings which bore the initial expenditure giving rise to the corresponding revenue.</p></bud-remarks></nmc-article></nmc-chapter><nmc-chapter alias="5 8" id="41451453237-7"><bud-heading><p lang="en">MISCELLANEOUS COMPENSATION</p></bud-heading><bud-data exprev="rev" tot="tot"/><nmc-article alias="5 8 0" id="41451453268-8"><bud-heading><p lang="en">Revenue arising from indemnities connected with renting — Assigned revenue</p></bud-heading><bud-data exprev="rev"><amounts><amount year="n"><figure>p.m.</figure></amount><amount year="nm1"><figure>p.m.</figure></amount><amount year="nm2"><figure>0,—</figure></amount></amounts></bud-data><bud-remarks><p lang="en">In accordance with Article 18 of the Financial Regulation, this revenue is to be considered as assigned revenue and gives rise to the entry of additional appropriations in the headings which bore the initial expenditure giving rise to the corresponding revenue.</p></bud-remarks></nmc-article><nmc-article alias="5 8 1" id="41451453469-12"><bud-heading><p>Revenue from insurance payments received — Assigned revenue</p></bud-heading><bud-data exprev="rev"><amounts><amount year="n"><figure>p.m.</figure></amount><amount year="nm1"><figure>p.m.</figure></amount><amount year="nm2"><figure>0,—</figure></amount></amounts></bud-data><bud-remarks><p lang="en">In accordance with Article 18 of the Financial Regulation, this revenue is to be considered as assigned revenue and gives rise to the entry of additional appropriations in the headings which bore the initial expenditure giving rise to the corresponding revenue.</p><p lang="en">This article also includes reimbursement by insurance companies of the salaries of officials involved in accidents.</p></bud-remarks></nmc-article></nmc-chapter><nmc-chapter alias="5 9" id="41451453338-10"><bud-heading><p lang="en">OTHER REVENUE FROM ADMINISTRATIVE OPERATIONS</p></bud-heading><bud-data exprev="rev" tot="tot"/><nmc-article alias="5 9 0" id="41451453373-11"><bud-heading><p>Other revenue from administrative operations</p></bud-heading><bud-data exprev="rev"><amounts><amount year="n"><figure>p.m.</figure></amount><amount year="nm1"><figure>p.m.</figure></amount><amount year="nm2"><figure>0,—</figure></amount></amounts></bud-data><bud-remarks><p lang="en">This article is intended to record other revenue from administrative operations.</p></bud-remarks></nmc-article></nmc-chapter></nmc-title><nmc-title alias="9" id="AABID"><bud-heading><p>MISCELLANEOUS REVENUE</p></bud-heading><bud-data exprev="rev" tot="tot"/><nmc-chapter alias="9 0" id="AABIJ"><bud-heading><p>MISCELLANEOUS REVENUE</p></bud-heading><bud-data exprev="rev" tot="tot"/><nmc-article alias="9 0 0" id="41471761816-0"><bud-heading><p>Miscellaneous revenue</p></bud-heading><bud-data exprev="rev"><amounts><amount year="n"><figure>p.m.</figure></amount><amount year="nm1"><figure>p.m.</figure></amount><amount year="nm2"><figure>0,—</figure></amount></amounts></bud-data><bud-remarks><p lang="en">This article is intended to record miscellaneous revenue.</p></bud-remarks></nmc-article></nmc-chapter></nmc-title></nmc-revenue><nmc-expenditure alias="E" id="AABIP"><bud-heading><p>EXPENDITURE</p></bud-heading><bud-data exprev="exp" tot="tot"/><nmc-title alias="1" id="AABIV"><bud-heading><p lang="en">PERSONS WORKING WITH THE INSTITUTION</p></bud-heading><bud-data exprev="exp" tot="tot"/><nmc-chapter alias="1 0" id="AABJB"><bud-heading><p>MEMBERS OF THE INSTITUTION</p></bud-heading><bud-data exprev="exp" tot="tot"/><nmc-article alias="1 0 0" id="N61441450490-2"><bud-heading><p lang="en">Salaries, allowances and payments</p></bud-heading><bud-data exprev="exp" tot="tot"/><nmc-item alias="1 0 0 0" id="N61441450524-3"><bud-heading><p lang="en">Salaries, allowances and payments</p></bud-heading><bud-data exprev="exp"><amounts><amount year="n"><figure>90 000</figure></amount><amount year="nm1"><figure>92 540</figure></amount><amount year="nm2"><figure>86 000,00</figure></amount></amounts></bud-data><bud-remarks><p lang="en">This appropriation is intended to cover office expenses related to the activities of the Members of the Committee of the Regions as well as partial reimbursement of the Members' internet costs. The second part of this appropriation is aimed at providing sickness and accident insurance premiums and specific assistance to disabled members.</p></bud-remarks></nmc-item><nmc-item alias="1 0 0 4" id="N61441450557-4"><bud-heading><p lang="en">Travel and subsistence allowances, attendance at meetings and associated expenditure</p></bud-heading><bud-data exprev="exp"><amounts><amount catpol="5.17" year="n"><figure>7 010 501</figure></amount><amount catpol="5.17" year="nm1"><figure>6 382 844</figure></amount><amount catpol="5.17" year="nm2"><figure>6 242 889,00</figure></amount></amounts></bud-data><bud-remarks><p lang="en">This appropriation is intended to cover payments to Members of the Committee of the Regions and their alternates under the current rules on reimbursement of transport costs and travel and meeting allowances.</p><p lang="en">The amount of assigned revenue in accordance with Article 18(1)(e) to (j) of the Financial Regulation is estimated at EUR 10 000.</p></bud-remarks></nmc-item></nmc-article><nmc-article alias="1 0 5" id="N61441450607-5"><bud-heading><p lang="en">Courses for members </p></bud-heading><bud-data exprev="exp"><amounts><amount catpol="5.17" year="n"><figure>38 500</figure></amount><amount catpol="5.17" year="nm1"><figure>38 500</figure></amount><amount catpol="5.17" year="nm2"><figure>30 000,00</figure></amount></amounts></bud-data><bud-remarks><p lang="en">This appropriation is intended to subsidise part of the registration fees for language courses or other vocational training seminars attended by members of the Committee of the Regions.</p></bud-remarks></nmc-article></nmc-chapter><nmc-chapter alias="1 2" id="N61441450655-6"><bud-heading><p lang="en">OFFICIALS AND TEMPORARY STAFF </p></bud-heading><bud-data exprev="exp" tot="tot"/><bud-remarks><p lang="en">A standard abatement of 5 % has been applied to the appropriations entered in this chapter.</p></bud-remarks><nmc-article alias="1 2 0" id="N61441450684-7"><bud-heading><p lang="en">Remuneration and other entitlements </p></bud-heading><bud-data exprev="exp" tot="tot"/><nmc-item alias="1 2 0 0" id="N61441450729-8"><bud-heading><p lang="en">Remuneration and allowances</p></bud-heading><bud-data exprev="exp"><amounts><amount catpol="5.17" year="n"><figure>40 954 198</figure></amount><amount catpol="5.17" year="nm1"><figure>39 634 772</figure></amount><amount catpol="5.17" year="nm2"><figure>35 382 773,00</figure></amount></amounts></bud-data><bud-remarks><p lang="en">Staff Regulations of Officials of the European Communities.</p><p lang="en">Conditions of Employment of Other Servants of the European Communities.</p><list type="dash"><int.li><p lang="en">This appropriation is mainly intended to cover, for officials and temporary staff holding a post provided for in the establishment plan:</p></int.li><item><p lang="en">salaries, family allowances, expatriation and foreign residence allowances and payments related to salaries,</p></item><item><p lang="en">insurance against sickness, accidents and occupational disease and other social security charges,</p></item><item><p lang="en">the institution's contribution to the Joint Sickness Insurance Scheme,</p></item><item><p lang="en">flat-rate overtime allowances,</p></item><item><p lang="en">other miscellaneous allowances and grants,</p></item><item><p lang="en">payment of travel expenses for officials or temporary staff, their spouses and dependants from their place of employment to their place of origin,</p></item><item><p lang="en">the impact of salary weightings applicable to remuneration and to the part of emoluments transferred to a country other than the country of employment,</p></item><item><p lang="en">unemployment insurance for temporary staff and payments by the institution to temporary staff in order to constitute or maintain their pension rights in their countries of origin,</p></item><item><p lang="en">the severance payment of a probationer dismissed on grounds of manifest incompetence,</p></item><item><p lang="en">the payment in respect of the termination by the institution of the contract of a temporary staff member.</p></item></list><p lang="en">The amount of assigned revenue in accordance with Article 18(1)(e) to (j) of the Financial Regulation is estimated at EUR 3 000.</p></bud-remarks></nmc-item><nmc-item alias="1 2 0 2" id="N61441450752-9"><bud-heading><p lang="en">Overtime </p></bud-heading><bud-data exprev="exp"><amounts><amount catpol="5.17" year="n"><figure>85 000</figure></amount><amount catpol="5.17" year="nm1"><figure>91 000</figure></amount><amount catpol="5.17" year="nm2"><figure>69 562,00</figure></amount></amounts></bud-data><bud-remarks><p lang="en">Staff Regulations of Officials of the European Communities, and in particular Article 56 thereof and Annex VI thereto.</p><p lang="en">Conditions of Employment of Other Servants of the European Communities.</p><p lang="en">This appropriation is intended to cover the payment of overtime under the conditions set out in the abovementioned provisions.</p></bud-remarks></nmc-item><nmc-item alias="1 2 0 4" id="N61441450774-10"><bud-heading><p lang="en">Entitlements in connection with entering the service, transfer and leaving the service</p></bud-heading><bud-data exprev="exp"><amounts><amount catpol="5.17" year="n"><figure>

580 000</figure></amount><amount catpol="5.17" year="nm1"><figure>585 612</figure></amount><amount catpol="5.17" year="nm2"><figure>616 989,00</figure></amount></amounts></bud-data><bud-remarks><p lang="en">Staff Regulations of Officials of the European Communities.</p><p lang="en">Conditions of Employment of Other Servants of the European Communities.</p><list type="dash"><int.li><p lang="en">This appropriation is intended to cover:</p></int.li><item><p lang="en">travel expenses due to officials and temporary staff (including their families) entering or leaving the service or being transferred to another place of employment,</p></item><item><p lang="en">installation/resettlement allowances and removal expenses due to officials and temporary staff obliged to change their place of residence on taking up duty, on transfer to a new place of employment and on finally leaving the institution and resettling elsewhere,</p></item><item><p lang="en">daily subsistence allowance for officials and temporary staff who furnish evidence that they must change their place of residence on taking up duty or transferring to a new place of employment.</p></item></list></bud-remarks></nmc-item></nmc-article><nmc-article alias="1 2 2" id="N61441450805-11"><bud-heading><p lang="en">Allowances upon early termination of service</p></bud-heading><bud-data exprev="exp" tot="tot"/><nmc-item alias="1 2 2 0" id="N61491761562-0"><bud-heading><p lang="en">Staff retired in the interests of service</p></bud-heading><bud-data exprev="exp"><amounts><amount catpol="5.17" comp="true" year="n"><figure>p.m.</figure></amount><amount catpol="5.17" comp="true" year="nm1"><figure>p.m.</figure></amount><amount catpol="5.17" comp="true" year="nm2"><figure>0,—</figure></amount></amounts></bud-data><bud-remarks><p lang="en">Staff Regulations of Officials of the European Communities, and in particular Articles 41 and 50 and Annex IV.</p><list type="dash"><int.li><p lang="en">This appropriation is intended to cover allowances due to officials:</p></int.li><item><p lang="en">assigned non-active status in connection with action to reduce the number of posts in the institution,</p></item><item><p lang="en">holding an AD 16 or AD 15 grade post who are retired in the interests of the service.</p></item></list><p lang="en">It also covers the employer's contribution to sickness insurance and the impact of weightings applicable to these allowances.</p></bud-remarks></nmc-item><nmc-item alias="1 2 2 2" id="N61491761587-1"><bud-heading><p lang="en">Staff whose service is terminated and special retirement scheme </p></bud-heading><bud-data exprev="exp"><amounts><amount catpol="5.17" comp="true" year="n"><figure>p.m.</figure></amount><amount catpol="5.17" comp="true" year="nm1"><figure>p.m.</figure></amount><amount catpol="5.17" comp="true" year="nm2"><figure>0,—</figure></amount></amounts></bud-data><bud-remarks><p lang="en">Staff Regulations of Officials of the European Communities, and in particular Articles 64 and 72 thereof.</p><p lang="en">Council Regulation (ECSC, EEC, Euratom) No 3518/85 of 12 December 1985 introducing special measures to terminate the service of officials of the European Communities as a result of the accession of Spain and Portugal (OJ L 335, 13.12.1985, p. 56).</p><list type="dash"><int.li><p lang="en">This appropriation is intended to cover:</p></int.li><item><p lang="en">the allowances payable under the Staff Regulations or the regulation referred to above,</p></item><item><p lang="en">the employer's contributions towards sickness insurance for the recipients of the allowances,</p></item><item><p lang="en">the impact of the salary weightings applicable to the various allowances.</p></item></list></bud-remarks></nmc-item></nmc-article><nmc-article alias="1 2 9" id="N61441450824-12"><bud-heading><p lang="en">Provisional appropriation</p></bud-heading><bud-data exprev="exp"><amounts><amount catpol="5.17" year="n"><figure>498 911</figure></amount><amount catpol="5.17" year="nm1"><figure>125 026</figure></amount><amount catpol="5.17" year="nm2"><figure>0,—</figure></amount></amounts></bud-data><bud-remarks><p lang="en">Staff Regulations of Officials of the European Communities, and in particular Article 65 thereof and Annex XI thereto.</p><p lang="en">This appropriation is intended to cover the effects of any salary adjustments decided by the Council during the financial year.</p><p lang="en">This appropriation is purely provisional and may be used only after its transfer to other headings in accordance with the Financial Regulation.</p></bud-remarks></nmc-article></nmc-chapter><nmc-chapter alias="1 4" id="N61441450865-13"><bud-heading><p lang="en">OTHER STAFF AND OUTSIDE SERVICES</p></bud-heading><bud-data exprev="exp" tot="tot"/><nmc-article alias="1 4 0" id="N61441450889-14"><bud-heading><p lang="en">Other staff and externals</p></bud-heading><bud-data exprev="exp" tot="tot"/><nmc-item alias="1 4 0 0" id="N61441450912-15"><bud-heading><p lang="en">Other staff</p></bud-heading><bud-data exprev="exp"><amounts><amount catpol="5.17" year="n"><figure>2 058 099</figure></amount><amount catpol="5.17" year="nm1"><figure>2 058 099</figure></amount><amount catpol="5.17" year="nm2"><figure>1 840 660,00</figure></amount></amounts></bud-data><bud-remarks><p lang="en">Staff Regulations of Officials of the European Communities.</p><p lang="en">Conditions of Employment of Other Servants of the European Communities.</p><list type="dash"><int.li><p lang="en">This appropriation is intended to cover the following expenditure:</p></int.li><item><p lang="en">the remuneration of other staff including contract staff, interim agents and special advisers (within the meaning of the Conditions of Employment of Other Servants of the European Communities), employer's contributions to the various social security schemes, family, expatriation and travelling allowances from the place of employment to the country of origin and the impact of salary weightings applicable to the remuneration of these staff or the termination of contract allowance,</p></item><item><p lang="en">fees of medical and paramedical staff paid under the arrangements for the provision of services and, in special cases, the employment of temporary agency staff,</p></item><item><p lang="en">the remuneration and fees of conference operators and multimedia editors used during times of excessive workload or in special cases.</p></item></list><p lang="en">The amount of assigned revenue in accordance with Article 18(1)(e) to (j) of the Financial Regulation is estimated at EUR 13 000.</p></bud-remarks></nmc-item><nmc-item alias="1 4 0 2" id="N61441450932-16"><bud-heading><p lang="en">Interpreting services</p></bud-heading><bud-data exprev="exp"><amounts><amount catpol="5.17" year="n"><figure>3 898 329</figure></amount><amount catpol="5.17" year="nm1"><figure>3 718 329</figure></amount><amount catpol="5.17" year="nm2"><figure>3 356 794,00</figure></amount></amounts></bud-data><bud-remarks><p lang="en">This appropriation is intended to cover expenditure on interpreter services. </p><p lang="en">It covers the fees, social security contributions, travel expenses and subsistence allowances of interpreters employed.</p></bud-remarks></nmc-item><nmc-item alias="1 4 0 4" id="N61441450954-17"><bud-heading><p lang="en">Graduate traineeships, grants and exchanges of officials</p></bud-heading><bud-data exprev="exp"><amounts><amount catpol="5.17" year="n"><figure>623 000</figure></amount><amount catpol="5.17" year="nm1"><figure>523 000</figure></amount><amount catpol="5.17" year="nm2"><figure>403 161,00</figure></amount></amounts></bud-data><bud-remarks><p lang="en">Staff Regulations of Officials of the European Communities.</p><p lang="en">Conditions of Employment of Other Servants of the European Communities.</p><list type="dash"><int.li><p lang="en">This appropriation is intended to cover:</p></int.li><item><p lang="en">an allowance, travel and mission expenses for trainees, and accident and sickness insurance during courses,</p></item><item><p lang="en">expenditure arising from movements between the Committee of the Regions and the public sector in the Member States or other countries specified in the rules,</p></item><item><p lang="en">the contribution, on a limited scale, to the realisation of research projects in the fields of activity of the Committee of the Regions which are of particular interest for European integration,</p></item><item><p lang="en">the cost of programmes to educate young people in the European spirit.</p></item></list></bud-remarks></nmc-item><nmc-item alias="1 4 0 8" id="N61441450976-18"><bud-heading><p lang="en">Entitlements in connection with entering the service, transfer and leaving the service</p></bud-heading><bud-data exprev="exp"><amounts><amount catpol="5.17" year="n"><figure>p.m.</figure><reserve><figure>33 500</figure><alias>10 0</alias><total><figure>33 500</figure></total></reserve></amount><amount catpol="5.17" year="nm1"><figure>p.m.</figure></amount><amount catpol="5.17" year="nm2"><figure>0,—</figure></amount></amounts></bud-data><bud-remarks><list type="dash"><int.li><p lang="en">This appropriation is intended to cover costs for external services related to the establishment and payment of entitlements for officials, temporary and other staff of the CoR. Since such services may include, amongst others, services offered by the European Commission's PMO office, interinstitutional cooperation will be enhanced and benefits will result from economies of scale, thus bringing about savings. Such services may include the following:</p></int.li><item><p lang="en">transfer of pension rights from and to the country of origin,</p></item><item><p lang="en">calculation of pension rights,</p></item><item><p lang="en">establishment and payment of resettlement allowances,</p></item><item><p lang="en">management of files related to unemployment benefits and payment of benefits to those who qualify.</p></item></list></bud-remarks></nmc-item></nmc-article><nmc-article alias="1 4 2" id="N61441451009-19"><bud-heading><p lang="en">Outside services</p></bud-heading><bud-data exprev="exp" tot="tot"/><nmc-item alias="1 4 2 0" id="N61491761641-2"><bud-heading><p lang="en">Supplementary services for the translation service</p></bud-heading><bud-data exprev="exp"><amounts><amount catpol="5.17" year="n"><figure>294 500</figure><reserve><figure>15 500</figure><alias>10 0</alias><total><figure>310 000</figure></total></reserve></amount><amount catpol="5.17" year="nm1"><figure>210 000</figure></amount><amount catpol="5.17" year="nm2"><figure>180 419,00</figure></amount></amounts></bud-data><bud-remarks><p lang="en">This appropriation is intended to cover expenditure on work carried out by freelance or temporary translators and typing and other work sent out by the translation service. The Committee of the Regions always makes use of freelance translators whose names feature on the lists drawn up as a result of interinstitutional calls for tender.</p><p lang="en">Expenditure on any work entrusted to the Translation Centre for the Bodies of the European Union in Luxembourg and all interinstitutional cooperation activities in the language area are also covered by this Item.</p></bud-remarks></nmc-item><nmc-item alias="1 4 2 2" id="N61491761660-3"><bud-heading><p lang="en">Expert assistance related to consultative work</p></bud-heading><bud-data exprev="exp"><amounts><amount catpol="5.17" year="n"><figure>581 160</figure></amount><amount catpol="5.17" year="nm1"><figure>581 160</figure></amount><amount catpol="5.17" year="nm2"><figure>479 970,00</figure></amount></amounts></bud-data><bud-remarks><p lang="en">This appropriation is intended to cover payments to qualified experts in their specific fields who participate in the activities of the Committee of the Regions, in implementation of the rules governing reimbursement of travel expenses and payment of subsistence allowances to experts, speakers and researchers who participate in the activities of the Committee of the Regions.</p></bud-remarks></nmc-item></nmc-article><nmc-article alias="1 4 9" id="N61441451025-20"><bud-heading><p lang="en">Provisional appropriation</p></bud-heading><bud-data exprev="exp"><amounts><amount catpol="5.17" year="n"><figure>p.m.</figure></amount><amount catpol="5.17" year="nm1"><figure>p.m.</figure></amount><amount catpol="5.17" year="nm2"><figure>0,—</figure></amount></amounts></bud-data><bud-remarks><p lang="en">Staff Regulations of Officials of the European Communities, and in particular Article 65 thereof and Annex XI thereto.</p><p lang="en">Conditions of Employment of Other Servants of the European Communities.</p><p lang="en">This appropriation is intended to cover the effects of any salary adjustments decided by the Council during the financial year.</p><p lang="en">It is purely provisional and may be used only after its transfer to other headings in accordance with the Financial Regulation.</p></bud-remarks></nmc-article></nmc-chapter><nmc-chapter alias="1 6" id="N61441451056-21"><bud-heading><p lang="en">

OTHER EXPENDITURE RELATING TO PERSONS WORKING WITH THE INSTITUTION</p></bud-heading><bud-data exprev="exp" tot="tot"/><nmc-article alias="1 6 1" id="N61441451094-22"><bud-heading><p lang="en">Expenditure relating to staff management</p></bud-heading><bud-data exprev="exp" tot="tot"/><nmc-item alias="1 6 1 0" id="N61441451116-23"><bud-heading><p lang="en">Recruitment</p></bud-heading><bud-data exprev="exp"><amounts><amount catpol="5.17" year="n"><figure>75 000</figure></amount><amount catpol="5.17" year="nm1"><figure>75 000</figure></amount><amount catpol="5.17" year="nm2"><figure>55 000,00</figure></amount></amounts></bud-data><bud-remarks><p lang="en">Staff Regulations of Officials of the European Communities, and in particular Articles 27 to 31 and 33 thereof and Annex III thereto. </p><p lang="en">Decision 2002/620/EC of the European Parliament, the Council, the Commission, the Court of Justice, the Court of Auditors, the Economic and Social Committee, the Committee of the Regions and the European Ombudsman of 25 July 2002 establishing a European Communities Personnel Selection Office (OJ L 197, 26.7.2002, p. 53) and Decision 2002/621/EC of the Secretaries-General of the European Parliament, the Council and the Commission, the Registrar of the Court of Justice, the Secretaries-General of the Court of Auditors, the Economic and Social Committee and the Committee of the Regions, and the Representative of the European Ombudsman of 25 July 2002 on the organisation and operation of the European Communities Personnel Selection Office (OJ L 197, 26.7.2002, p. 56).</p><list type="dash"><int.li><p lang="en">This appropriation is intended to cover:</p></int.li><item><p lang="en">expenditure on organising the competitions provided for in Article 3 of Decision 2002/621/EC and travel and subsistence expenses for applicants called for interviews and medical examinations,</p></item><item><p lang="en">the costs of organising procedures for selecting temporary and other staff.</p></item></list><p lang="en">In cases duly justified by operational needs and after consultation of the European Communities Personnel Selection Office, the institution may use some of these appropriations to organise its own competitions.</p></bud-remarks></nmc-item><nmc-item alias="1 6 1 2" id="N61441451136-24"><bud-heading><p lang="en">Further training</p></bud-heading><bud-data exprev="exp"><amounts><amount catpol="5.17" year="n"><figure>290 000</figure></amount><amount catpol="5.17" year="nm1"><figure>290 000</figure></amount><amount catpol="5.17" year="nm2"><figure>276 420,00</figure></amount></amounts></bud-data><bud-remarks><p lang="en">Staff Regulations of Officials of the European Communities, and in particular Article 24a thereof.</p><p lang="en">Conditions of Employment of Other Servants of the European Communities.</p><list type="dash"><int.li><p lang="en">This appropriation is intended to cover:</p></int.li><item><p lang="en">the organisation of training and retraining courses as well as language courses, on an interinstitutional basis. Some of the appropriations may be used in duly justified cases to cover the organisation of courses within the institution,</p></item><item><p lang="en">expenditure relating to the purchase or production of teaching materials,</p></item><item><p lang="en">professional training courses which raise awareness about matters concerning disabled people and training measures in connection with equal opportunities and careers advice, with particular reference to skill profiles.</p></item></list></bud-remarks></nmc-item></nmc-article><nmc-article alias="1 6 2" id="N61441451164-25"><bud-heading><p lang="en">Missions</p></bud-heading><bud-data exprev="exp"><amounts><amount catpol="5.17" year="n"><figure>500 000</figure></amount><amount catpol="5.17" year="nm1"><figure>500 000</figure></amount><amount catpol="5.17" year="nm2"><figure>500 000,00</figure></amount></amounts></bud-data><bud-remarks><p lang="en">Staff Regulations of Officials of the European Communities, and in particular Article 71 thereof and Articles 11 to 13 of Annex VII thereto.</p><p lang="en">Conditions of Employment of Other Servants of the European Communities.</p><p lang="en">This appropriation is intended to cover transport expenses, the payment of daily subsistence allowances and incidental or exceptional expenses incurred in carrying out a mission.</p><p lang="en">The amount of assigned revenue in accordance with Article 18(1)(e) to (j) of the Financial Regulation is estimated at EUR 5 000.</p></bud-remarks></nmc-article><nmc-article alias="1 6 3" id="N61441451208-26"><bud-heading><p lang="en">Activities relating to all persons working with the institution</p></bud-heading><bud-data exprev="exp" tot="tot"/><nmc-item alias="1 6 3 0" id="N61441451228-27"><bud-heading><p lang="en">Social welfare</p></bud-heading><bud-data exprev="exp"><amounts><amount catpol="5.17" year="n"><figure>92 500</figure></amount><amount catpol="5.17" year="nm1"><figure>20 000</figure></amount><amount catpol="5.17" year="nm2"><figure>2 500,00</figure></amount></amounts></bud-data><bud-remarks><p lang="en">Staff Regulations of Officials of the European Communities, and in particular the third paragraph of Article 9(3) and Article 76 thereof.</p><list type="dash"><int.li><p lang="en">This appropriation is intended to cover: </p></int.li><item><list type="dash"><int.li><p lang="en">as part of an interinstitutional policy to assist persons with disabilities in the following categories:</p></int.li><item><p lang="en">officials and temporary staff in active employment,</p></item><item><p lang="en">spouses of officials and temporary staff in active employment,</p></item><item><p lang="en">dependent children within the meaning of the Staff Regulations of Officials of the European Communities,</p></item><item><p lang="en">reimbursement, subject to budgetary ceilings and once any national entitlements granted in the country of residence or of origin have been exhausted, of non-medical expenditure that is deemed necessary, results from the disability, is duly substantiated and is not refunded by the Joint Sickness Insurance Scheme,</p></item></list></item><item><p lang="en">action taken in respect of officials and other servants in particularly difficult situations.</p></item></list></bud-remarks></nmc-item><nmc-item alias="1 6 3 2" id="N61441451245-28"><bud-heading><p lang="en">Social contacts and other social measures</p></bud-heading><bud-data exprev="exp"><amounts><amount catpol="5.17" year="n"><figure>25 000</figure></amount><amount catpol="5.17" year="nm1"><figure>25 000</figure></amount><amount catpol="5.17" year="nm2"><figure>27 288,00</figure></amount></amounts></bud-data><bud-remarks><p lang="en">This appropriation is intended to encourage and provide financial backing for schemes to promote social contact between staff of different nationalities, for example subsidies to staff clubs, sports associations, cultural societies, etc., and to make a contribution to the cost of a permanent leisure centre (cultural and sports activities, hobbies, restaurant).</p><p lang="en">It also covers the financing of a grant for the Staff Committee and incidental expenditure in the Welfare Service and the Committee of the Regions' contribution towards the social, sporting, educational and cultural activities of the European Interinstitutional Centre at Overijse.</p><p lang="en">This appropriation is also intended to cover aid to members of staff other than aid chargeable to other Articles in this Chapter (home helps, etc.).</p></bud-remarks></nmc-item><nmc-item alias="1 6 3 4" id="N91131555013-5"><bud-heading><p lang="en">Medical service</p></bud-heading><bud-data exprev="exp"><amounts><amount catpol="5.17" year="n"><figure>40 000</figure></amount><amount catpol="5.17" year="nm1"><figure>33 000</figure></amount><amount catpol="5.17" year="nm2"><figure>58 000,00</figure></amount></amounts></bud-data><bud-remarks><p lang="en">Staff Regulations of Officials of the European Communities, and in particular Article 59 thereof and Article 8 of Annex II thereto.</p><p lang="en">This appropriation is intended to cover the operating costs of the medical service at the six places of work, including the purchase of materials and pharmaceutical products, etc., expenditure on preventive medical check-ups, expenditure arising from the operation of the Invalidity Committee and expenditure on services provided by outside medical specialists deemed necessary by the medical officers.</p><p lang="en">It also covers expenditure involving the purchase of certain work tools deemed necessary on medical grounds.</p></bud-remarks></nmc-item><nmc-item alias="1 6 3 6" id="N61441451282-30"><bud-heading><p lang="en">Current operating expenditure for restaurants and canteens</p></bud-heading><bud-data exprev="exp"><amounts><amount catpol="5.17" year="n"><figure>p.m.</figure></amount><amount catpol="5.17" year="nm1"><figure>p.m.</figure></amount><amount catpol="5.17" year="nm2"><figure>0,—</figure></amount></amounts></bud-data><bud-remarks><p lang="en">This appropriation is intended to cover restaurant and cafeteria operating expenditure.</p></bud-remarks></nmc-item><nmc-item alias="1 6 3 8" id="N61441451300-31"><bud-heading><p lang="en">Early Childhood Centre and approved day nurseries</p></bud-heading><bud-data exprev="exp"><amounts><amount catpol="5.17" year="n"><figure>400 000</figure></amount><amount catpol="5.17" year="nm1"><figure>315 000</figure></amount><amount catpol="5.17" year="nm2"><figure>

359 500,00</figure></amount></amounts></bud-data><bud-remarks><p lang="en">This appropriation is intended to cover the contributions of the Committee of the Regions to the costs of the Union nursery centre and other day nurseries and after-school centres.</p></bud-remarks></nmc-item></nmc-article></nmc-chapter></nmc-title><nmc-title alias="2" id="AABZL"><bud-heading><p lang="en">BUILDINGS, FURNITURE, EQUIPMENT AND MISCELLANEOUS OPERATING EXPENDITURE</p></bud-heading><bud-data exprev="exp" tot="tot"/><bud-remarks><p lang="en">In 2009, the joint service of the two committees, under Title 2, represented an amount of EUR 22 661 822 for the European Economic and Social Committee and EUR 16 176 051 for the Committee of the Regions.</p></bud-remarks><nmc-chapter alias="2 0" id="D20002140"><bud-heading><p lang="en">BUILDINGS AND ASSOCIATED COSTS</p></bud-heading><bud-data exprev="exp" tot="tot"/><nmc-article alias="2 0 0" id="N61441452333-1"><bud-heading><p lang="en">Buildings and associated costs</p></bud-heading><bud-data exprev="exp" tot="tot"/><nmc-item alias="2 0 0 0" id="N61441452352-2"><bud-heading><p lang="en">Rent</p></bud-heading><bud-data exprev="exp"><amounts><amount catpol="5.17" year="n"><figure>1 430 835</figure></amount><amount catpol="5.17" year="nm1"><figure>1 370 580</figure></amount><amount catpol="5.17" year="nm2"><figure>1 287 328,00</figure></amount></amounts></bud-data><bud-remarks><p lang="en">This appropriation is intended to cover rent on buildings and rental charges for meetings held in buildings that are not occupied permanently.</p><p lang="en">The amount of assigned revenue in accordance with Article 18(1)(e) to (j) of the Financial Regulation is estimated at EUR 9 500.</p></bud-remarks></nmc-item><nmc-item alias="2 0 0 1" id="N61441452370-3"><bud-heading><p lang="en">Annual lease payments</p></bud-heading><bud-data exprev="exp"><amounts><amount catpol="5.17" year="n"><figure>7 829 819</figure></amount><amount catpol="5.17" year="nm1"><figure>7 474 999</figure></amount><amount catpol="5.17" year="nm2"><figure>6 451 946,00</figure></amount></amounts></bud-data><bud-remarks><p lang="en">This appropriation is intended to cover annual lease payments and other similar expenditure owed by the institution in respect of its lease/purchase obligations.</p><p lang="en">The amount of assigned revenue in accordance with Article 18(1)(e) to (j) of the Financial Regulation is estimated at EUR 1 500.</p></bud-remarks></nmc-item><nmc-item alias="2 0 0 3" id="N61441452389-4"><bud-heading><p lang="en">Acquisition of immovable property</p></bud-heading><bud-data exprev="exp"><amounts><amount catpol="5.17" year="n"><figure>p.m.</figure></amount><amount catpol="5.17" year="nm1"><figure>p.m.</figure></amount><amount catpol="5.17" year="nm2"><figure>0,—</figure></amount></amounts></bud-data><bud-remarks><p lang="en">This appropriation is intended to cover the purchase of premises. Subsidies for land and its servicing will be dealt with in accordance with the provisions of the Financial Regulation.</p></bud-remarks></nmc-item><nmc-item alias="2 0 0 5" id="N61441452407-5"><bud-heading><p lang="en">Construction of buildings</p></bud-heading><bud-data exprev="exp"><amounts><amount catpol="5.17" year="n"><figure>p.m.</figure></amount><amount catpol="5.17" year="nm1"><figure>p.m.</figure></amount><amount catpol="5.17" year="nm2"><figure>0,—</figure></amount></amounts></bud-data><bud-remarks><p lang="en">This item is intended to accommodate a possible appropriation for the construction of buildings.</p></bud-remarks></nmc-item><nmc-item alias="2 0 0 7" id="N61441452445-7"><bud-heading><p lang="en">Fitting-out of premises</p></bud-heading><bud-data exprev="exp"><amounts><amount catpol="5.17" year="n"><figure>164 305</figure></amount><amount catpol="5.17" year="nm1"><figure>144 305</figure></amount><amount catpol="5.17" year="nm2"><figure>452 228,00</figure></amount></amounts></bud-data><bud-remarks><p lang="en">This appropriation is intended to cover the performance of fitting-out work, including specific work such as cabling and security and restaurant-related work, etc., as well as other expenditure connected with that work, in particular architects' or engineers' fees. It also includes renovation projects within the EMAS framework aimed at reducing energy consumption.</p></bud-remarks></nmc-item><nmc-item alias="2 0 0 8" id="N61441452428-6"><bud-heading><p lang="en">Other expenditure on buildings</p></bud-heading><bud-data exprev="exp"><amounts><amount year="n"><figure>24 738</figure></amount><amount year="nm1"><figure>24 738</figure></amount><amount year="nm2"><figure>6 450,00</figure></amount></amounts></bud-data><bud-remarks><list type="dash"><int.li><p lang="en">This appropriation is intended to cover expenditure on buildings not specifically provided for in the other articles in this chapter, in particular:</p></int.li><item><p lang="en">expenses for building adaptations required by disabled employees and disabled visitors to the Committee of the Regions,</p></item><item><p lang="en">public-utility service charges,</p></item><item><p lang="en">engineering consultancy services in connection with the fitting-out of premises projects and legal fees in connection with a possible 'option to buy' for buildings.</p></item></list></bud-remarks></nmc-item><nmc-item alias="2 0 0 9" id="N61441452462-8"><bud-heading><p lang="en">Provisional appropriation to cover the institution's property investments</p></bud-heading><bud-data exprev="exp"><amounts><amount catpol="5.17" year="n"><figure>p.m.</figure></amount><amount catpol="5.17" year="nm1"><figure>p.m.</figure></amount><amount catpol="5.17" year="nm2"><figure>0,—</figure></amount></amounts></bud-data><bud-remarks><p lang="en">This appropriation is intended to cover any property investments made by the institution.</p><p lang="en">It is purely provisional and may be used only after its transfer to other headings in accordance with the Financial Regulation.</p></bud-remarks></nmc-item></nmc-article><nmc-article alias="2 0 2" id="N61441452485-9"><bud-heading><p lang="en">Other expenditure on buildings</p></bud-heading><bud-data exprev="exp" tot="tot"/><nmc-item alias="2 0 2 2" id="N61441452521-10"><bud-heading><p lang="en">Cleaning and maintenance</p></bud-heading><bud-data exprev="exp"><amounts><amount catpol="5.17" year="n"><figure>1 895 188</figure></amount><amount catpol="5.17" year="nm1"><figure>1 861 947</figure></amount><amount catpol="5.17" year="nm2"><figure>1 438 271,00</figure></amount></amounts></bud-data><bud-remarks><p lang="en">This appropriation is intended to cover the cost of cleaning and maintaining premises, lifts, heating and air-conditioning systems and fire doors, as well as rat extermination, repainting and repair work, and maintaining the external appearance of buildings and their environment, including the cost of studies, analyses, authorisations, compliance with Eco-Management and Audit Scheme (EMAS) standards, etc.</p><p lang="en">The amount of assigned revenue in accordance with Article 18(1)(e) to (j) of the Financial Regulation is estimated at EUR 2 500.</p></bud-remarks></nmc-item><nmc-item alias="2 0 2 4" id="N61441452541-11"><bud-heading><p lang="en">Energy consumption</p></bud-heading><bud-data exprev="exp"><amounts><amount catpol="5.17" year="n"><figure>768 573</figure></amount><amount catpol="5.17" year="nm1"><figure>746 263</figure></amount><amount catpol="5.17" year="nm2"><figure>616 329,00</figure></amount></amounts></bud-data><bud-remarks><p lang="en">This appropriation is intended to cover, in particular, water, gas, electricity and heating costs.</p><p lang="en">The amount of assigned revenue in accordance with Article 18(1)(e) to (j) of the Financial Regulation is estimated at EUR 1 000.</p></bud-remarks></nmc-item><nmc-item alias="2 0 2 6" id="N61441452562-12"><bud-heading><p lang="en">Security and surveillance</p></bud-heading><bud-data exprev="exp"><amounts><amount catpol="5.17" year="n"><figure>1 456 956</figure></amount><amount catpol="5.17" year="nm1"><figure>1 124 749</figure></amount><amount catpol="5.17" year="nm2"><figure>1 361 707,00</figure></amount></amounts></bud-data><bud-remarks><p lang="en">This appropriation is intended to cover essentially the costs of security and surveillance in respect of buildings.</p></bud-remarks></nmc-item><nmc-item alias="2 0 2 8" id="N61441452580-13"><bud-heading><p lang="en">Insurance</p></bud-heading><bud-data exprev="exp"><amounts><amount catpol="5.17" year="n"><figure>93 380</figure></amount><amount catpol="5.17" year="nm1"><figure>85 758</figure></amount><amount catpol="5.17" year="nm2"><figure>78 709,00</figure></amount></amounts></bud-data><bud-remarks><p lang="en">This appropriation is intended to cover payments in respect of insurance policy premiums.</p><p lang="en">The amount of assigned revenue in accordance with Article 18(1)(e) to (j) of the Financial Regulation is estimated at EUR 300.</p></bud-remarks></nmc-item></nmc-article></nmc-chapter><nmc-chapter alias="2 1" id="N61441453006-32"><bud-heading><p lang="en">DATA PROCESSING, EQUIPMENT AND FURNITURE: PURCHASE, HIRE AND MAINTENANCE</p></bud-heading><bud-data exprev="exp" tot="tot"/><nmc-article alias="2 1 0" id="N61441453032-33"><bud-heading><p lang="en">Equipment, operating costs and services relating to data processing and telecommunications</p></bud-heading><bud-data exprev="exp" tot="tot"/><nmc-item alias="2 1 0 0" id="N61441453047-34"><bud-heading><p lang="en">Purchase, servicing and maintenance of equipment and software, and related work</p></bud-heading><bud-data exprev="exp"><amounts><amount catpol="5.17" year="n"><figure>1 125 223</figure></amount><amount catpol="5.17" year="nm1"><figure>923 160</figure></amount><amount catpol="5.17" year="nm2"><figure>1 057 715,00</figure></amount></amounts></bud-data><bud-remarks><p lang="en">This appropriation is intended to cover expenditure on the purchase, hire, servicing and maintenance of equipment and software for the institution, and related work.</p></bud-remarks></nmc-item><nmc-item alias="2 1 0 2" id="N61441453062-35"><bud-heading><p lang="en">Outside assistance in connection with the operation, development and maintenance of software systems</p></bud-heading><bud-data exprev="exp"><amounts><amount catpol="5.17" year="n"><figure>1 488 914</figure></amount><amount catpol="5.17" year="nm1"><figure>1 385 544</figure></amount><amount catpol="5.17" year="nm2"><figure>1 282 199,00</figure></amount></amounts></bud-data><bud-remarks><p lang="en">This appropriation is intended to cover the cost of outside assistance from service bureaux and data-processing consultants in connection with the operation of the data-processing centre and the network, the production and maintenance of applications, support for users, including members, the carrying out of studies, and the drawing-up and input of technical documentation.</p></bud-remarks></nmc-item><nmc-item alias="2 1 0 3" id="N61441453078-36"><bud-heading><p lang="en">Telecommunications</p></bud-heading><bud-data exprev="exp"><amounts><amount catpol="5.17" year="n"><figure>253 207</figure></amount><amount catpol="5.17" year="nm1"><figure>264 820</figure></amount><amount catpol="5.17" year="nm2"><figure>200 126,00</figure></amount></amounts></bud-data><bud-remarks><p lang="en">This appropriation is intended to cover wired and wireless telecommunication subscriptions and charges (fixed-line and mobile telephony, television), as well as costs incurred in connection with data transmission networks and telematic services. It also covers the co-financing of equipment provided to members enabling them to receive the documents of the Committee of the Regions electronically. </p><p lang="en">The amount of assigned revenue in accordance with Article 18(1)(e) to (j) of the Financial Regulation is estimated at EUR 10 000.</p></bud-remarks></nmc-item></nmc-article><nmc-article alias="2 1 2" id="N61441453101-37"><bud-heading><p lang="en">Furniture</p></bud-heading><bud-data exprev="exp"><amounts><amount catpol="5.17" year="n"><figure>127 433</figure></amount><amount catpol="5.17" year="nm1"><figure>124 934</figure></amount><amount catpol="5.17" year="nm2"><figure>109 326,00</figure></amount></amounts></bud-data><bud-remarks><p lang="en">This appropriation is intended to cover the purchase, hire, maintenance and repair of furniture, including the purchase of ergonomic furniture and the replacement of worn-out and broken furniture.</p><p lang="en">In connection with works of art, this appropriation is intended to cover both the cost of acquiring and purchasing specific material and the current expenditure relating thereto, including framing, restoration, cleaning, insurance and ad hoc transport costs.</p></bud-remarks></nmc-article><nmc-article alias="2 1 4" id="N61441453119-38"><bud-heading><p lang="en">Technical equipment and installations</p></bud-heading><bud-data exprev="exp"><amounts><amount catpol="5.17" year="n"><figure>563 752</figure></amount><amount catpol="5.17" year="nm1"><figure>621 243</figure></amount><amount catpol="5.17" year="nm2"><figure>469 439,00</figure></amount></amounts></bud-data><bud-remarks><list type="dash"><int.li><p lang="en">This appropriation is intended to cover the purchase, hire, maintenance and repair of technical equipment and installations, and in particular of:</p></int.li><item><p lang="en">miscellaneous fixed and mobile technical installations and equipment in connection with publishing, archiving, security, canteens and buildings, etc.,</p></item><item><p lang="en">equipment in particular for the print shop, archives, telephone service, canteens, staff shops, security, conferences, the audiovisual sector, etc.</p></item></list><p lang="en">The amount of assigned revenue in accordance with Article 18(1)(e) to (j) of the Financial Regulation is estimated at EUR 8 400.</p></bud-remarks></nmc-article><nmc-article alias="2 1 6" id="N61441453134-39"><bud-heading><p lang="en">Vehicles</p></bud-heading><bud-data exprev="exp"><amounts><amount catpol="5.17" year="n"><figure>84 900</figure></amount><amount catpol="5.17" year="nm1"><figure>85 621</figure></amount><amount catpol="5.17" year="nm2"><figure>73 143,00</figure></amount></amounts></bud-data><bud-remarks><p lang="en">This appropriation is intended to cover the purchase, maintenance, use and repair of vehicles (fleet of cars and bicycles) and the hire of cars, taxis, coaches and lorries, with or without drivers, including the necessary insurance cover.</p></bud-remarks></nmc-article></nmc-chapter><nmc-chapter alias="2 3" id="N61441453161-40"><bud-heading><p lang="en">CURRENT ADMINISTRATION</p></bud-heading><bud-data exprev="exp" tot="tot"/><nmc-article alias="2 3 0" id="N61441453181-41"><bud-heading><p lang="en">Stationery, office supplies and miscellaneous consumables</p></bud-heading><bud-data exprev="exp"><amounts><amount catpol="5.17" year="n"><figure>216 562</figure></amount><amount catpol="5.17" year="nm1"><figure>230 064</figure></amount><amount catpol="5.17" year="nm2"><figure>157 914,00</figure></amount></amounts></bud-data><bud-remarks><p lang="en">This appropriation is intended to cover the costs of purchasing paper, envelopes, office supplies, products required by the printing and duplicating shops and the cost of some outside printing work.</p></bud-remarks></nmc-article><nmc-article alias="2 3 1" id="N61441453199-42"><bud-heading><p lang="en">Financial charges</p></bud-heading><bud-data exprev="exp"><amounts><amount catpol="5.17" year="n"><figure>20 000</figure></amount><amount catpol="5.17" year="nm1"><figure>20 000</figure></amount><amount catpol="5.17" year="nm2"><figure>33 000,00</figure></amount></amounts></bud-data><bud-remarks><p lang="en">This appropriation is intended to cover bank charges (commission, agios and miscellaneous charges) and other financial charges, including ancillary costs for the financing of buildings.</p></bud-remarks></nmc-article><nmc-article alias="2 3 2" id="N61441453215-43"><bud-heading><p lang="en">Legal costs and damages</p></bud-heading><bud-data exprev="exp"><amounts><amount year="n"><figure>20 000</figure></amount><amount year="nm1"><figure>20 000</figure></amount><amount year="nm2"><figure>30 000,00</figure></amount></amounts></bud-data><bud-remarks><list type="dash"><int.li><p lang="en">This appropriation is intended to cover:</p></int.li><item><p lang="en"> all costs deriving from the Committee's involvement in cases before the Union and national courts, the cost of legal services, the purchase of legal works and equipment, and any other legal, court or out-of-court expenses to which the Legal Service contributes,</p></item><item><p lang="en">damages, interest and any related debts within the meaning of Article 8(3) of the Financial Regulation.</p></item></list></bud-remarks></nmc-article><nmc-article alias="2 3 6" id="N61441453243-44"><bud-heading><p lang="en">Postage on correspondence and delivery charges</p></bud-heading><bud-data exprev="exp"><amounts><amount catpol="5.17" year="n"><figure>389 000</figure></amount><amount catpol="5.17" year="nm1"><figure>389 000</figure></amount><amount catpol="5.17" year="nm2"><figure>358 000,00</figure></amount></amounts></bud-data><bud-remarks><p lang="en">This appropriation is intended to cover charges for postage, processing and delivery by the postal services or private delivery firms.</p></bud-remarks></nmc-article><nmc-article alias="2 3 8" id="N61441453257-45"><bud-heading><p lang="en">Other administrative expenditure</p></bud-heading><bud-data exprev="exp"><amounts><amount catpol="5.17" year="n"><figure>97 142</figure></amount><amount catpol="5.17" year="nm1"><figure>95 752</figure></amount><amount catpol="5.17" year="nm2"><figure>59 981,00</figure></amount></amounts></bud-data><bud-remarks><list type="dash"><int.li><p lang="en">This appropriation is intended to cover:</p></int.li><item><p lang="en">insurance not specifically provided for in another Item,</p></item><item><p lang="en">the purchase and maintenance of uniforms for ushers, drivers and removal personnel, medical services and various technical services,</p></item><item><p lang="en">all removal and handling expenses and those incurred by using removal firms or by using the services of interim handling agents,</p></item><item><p lang="en">miscellaneous operating expenses, such as decorations, donations, etc.</p></item></list></bud-remarks></nmc-article></nmc-chapter><nmc-chapter alias="2 5" id="N61441453285-46"><bud-heading><p lang="en">MEETINGS AND CONFERENCES</p></bud-heading><bud-data exprev="exp" tot="tot"/><nmc-article alias="2 5 4" id="N61441453311-47"><bud-heading><p lang="en">Meetings, conferences, congresses, seminars and other events</p></bud-heading><bud-data exprev="exp" tot="tot"/><nmc-item alias="2 5 4 0" id="N61441453334-48"><bud-heading><p lang="en">Internal meetings</p></bud-heading><bud-data exprev="exp"><amounts><amount catpol="5.17" year="n"><figure>110 150</figure></amount><amount catpol="5.17" year="nm1"><figure>134 300</figure></amount><amount catpol="5.17" year="nm2"><figure>110 150,00</figure></amount></amounts></bud-data><bud-remarks><p lang="en">This appropriation is intended to cover the cost of drinks and, occasionally, of snacks and working meals at internal meetings.</p></bud-remarks></nmc-item><nmc-item alias="2 5 4 1" id="N61441453351-49"><bud-heading><p lang="en">Observers</p></bud-heading><bud-data exprev="exp"><amounts><amount catpol="5.17" year="n"><figure>34 800</figure></amount><amount catpol="5.17" year="nm1"><figure>86 940</figure></amount><amount catpol="5.17" year="nm2"><figure>34 800,00</figure></amount></amounts></bud-data><bud-remarks><p lang="en">This appropriation is intended to cover the payment of travel and subsistence expenses to regional and local representatives of the applicant countries and of countries having special relation with the European Union who participate in the work of the Committee of the Regions.</p></bud-remarks></nmc-item><nmc-item alias="2 5 4 2" id="N61441453368-50"><bud-heading><p lang="en">Meetings, congresses and conferences</p></bud-heading><bud-data exprev="exp"><amounts><amount catpol="5.17" year="n"><figure>380 000</figure></amount><amount catpol="5.17" year="nm1"><figure>429 500</figure></amount><amount catpol="5.17" year="nm2"><figure>380 000,00</figure></amount></amounts></bud-data><bud-remarks><p lang="en">This appropriation is intended to cover expenses, including representation and logistical expenses, connected with (a) the attendance by Committee of the Regions delegates at congresses, conferences, seminars, symposia, etc. and (b) the organisation by the Committee of hearings and both general and specific conferences and meetings (including overall contributions in the event that these events are co-organised with third parties and expenses connected with contracting out).</p></bud-remarks></nmc-item><nmc-item alias="2 5 4 6" id="N61441453383-51"><bud-heading><p lang="en">Entertainment and representation expenses</p></bud-heading><bud-data exprev="exp"><amounts><amount year="n"><figure>184 375</figure></amount><amount year="nm1"><figure>194 000</figure></amount><amount year="nm2"><figure>184 375,00</figure></amount></amounts></bud-data><bud-remarks><p lang="en">This appropriation is intended to cover expenses related to the obligations of the institution regarding entertainment and representation.</p><p lang="en">It also covers entertainment and representation expenses of certain officials acting on behalf of the institution.</p></bud-remarks></nmc-item></nmc-article></nmc-chapter><nmc-chapter alias="2 6" id="N61510934298-0"><bud-heading><p lang="en">EXPERTISE AND INFORMATION: ACQUISITION, ARCHIVING, PRODUCTION AND DISTRIBUTION</p></bud-heading><bud-data exprev="exp" tot="tot"/><nmc-article alias="2 6 0" id="N61510934327-1"><bud-heading><p lang="en">Communication and publications</p></bud-heading><bud-data exprev="exp" tot="tot"/><nmc-item alias="2 6 0 0" id="N61510934354-2"><bud-heading><p lang="en">Publications, information and participation in public events</p></bud-heading><bud-data exprev="exp"><amounts><amount catpol="5.17" year="n"><figure>484 996</figure></amount><amount catpol="5.17" year="nm1"><figure>450 000</figure></amount><amount catpol="5.17" year="nm2"><figure>449 996,00</figure></amount></amounts></bud-data><bud-remarks><p lang="en">This appropriation is intended to cover the Committee's communication and information expenses, whether relating to the objectives and activities of the Committee, information activities aimed at the general public, cultural initiatives or any other of the various Committee events. It also covers all materials, and audiovisual services connected with these events.</p></bud-remarks></nmc-item><nmc-item alias="2 6 0 2" id="N61510934375-3"><bud-heading><p lang="en">General publications</p></bud-heading><bud-data exprev="exp"><amounts><amount catpol="5.17" year="n"><figure>864 268</figure></amount><amount catpol="5.17" year="nm1"><figure>861 000</figure></amount><amount catpol="5.17" year="nm2"><figure>814 268,00</figure></amount></amounts></bud-data><bud-remarks><p lang="en">This appropriation is intended to cover the Committee of the Regions' publication costs on all media to promote publications and general information; also distribution and publication costs for promotional and publicity purposes.</p></bud-remarks></nmc-item><nmc-item alias="2 6 0 4" id="N61510934392-4"><bud-heading><p lang="en">Official Journal</p></bud-heading><bud-data exprev="exp"><amounts><amount year="n"><figure>185 000</figure></amount><amount year="nm1"><figure>230 000</figure></amount><amount year="nm2"><figure>185 000,00</figure></amount></amounts></bud-data><bud-remarks><p lang="en">This appropriation is intended to cover printing expenses for publications in the <ft type="ht">Official Journal of the European Union</ft>, as well as postage and associated costs.</p><p lang="en">The amount of assigned revenue in accordance with Article 18(1)(e) to (j) of the Financial Regulation is estimated at EUR 71 600.</p></bud-remarks></nmc-item></nmc-article><nmc-article alias="2 6 2" id="N61510934416-5"><bud-heading><p lang="en">Acquisition of documentation and archiving</p></bud-heading><bud-data exprev="exp" tot="tot"/><nmc-item alias="2 6 2 0" id="N61510934434-6"><bud-heading><p lang="en">External studies</p></bud-heading><bud-data exprev="exp"><amounts><amount catpol="5.17" year="n"><figure>499 353</figure></amount><amount catpol="5.17" year="nm1"><figure>570 000</figure></amount><amount catpol="5.17" year="nm2"><figure>499 353,00</figure></amount></amounts></bud-data><bud-remarks><p lang="en">This appropriation is intended to cover studies contracted out to experts and research institutes.</p></bud-remarks></nmc-item><nmc-item alias="2 6 2 2" id="N61510934455-7"><bud-heading><p lang="en">Documentation and library expenditure</p></bud-heading><bud-data exprev="exp"><amounts><amount catpol="5.17" year="n"><figure>156 196</figure></amount><amount catpol="5.17" year="nm1"><figure>170 831</figure></amount><amount catpol="5.17" year="nm2"><figure>156 196,00</figure></amount></amounts></bud-data><bud-remarks><list type="dash"><int.li><p lang="en">This appropriation is intended to cover:</p></int.li><item><p lang="en">the expansion and renewal of the general reference section and the updating of the library's collection,</p></item><item><p lang="en">subscriptions to newspapers, periodicals, information agencies, their publications and online services, including copyright fees for the copying and distribution in print or electronic form of these publications, and service contracts for press reviews and cuttings,</p></item><item><p lang="en">subscriptions or service contracts for the provision of summaries and analyses of the content of periodicals or the storage on optical media of articles extracted from these periodicals,</p></item><item><p lang="en">the costs of using external documentary and statistical databases, excluding information technology equipment and telecommunication costs,</p></item><item><p lang="en">costs arising from obligations undertaken by the Committee of the Regions in the framework of international and/or interinstitutional cooperation,</p></item><item><p lang="en">the purchase or hire of special equipment, including electric, electronic and IT library, documentation and multimedia equipment and systems, as well as external services for the acquisition, development, installation, use and maintenance of this equipment and these systems,</p></item><item><p lang="en">the cost of services connected with the activities of the library, including those provided for its users (searches, analyses), the quality management system, etc.,</p></item><item><p lang="en">the costs of binding and conservation materials and work for the library, documentation service and multimedia resource centre,</p></item><item><p lang="en">the cost, including materials, of internal publications (brochures, studies, etc.) and communication (newsletters, videos, CD-ROMs, etc.),</p></item><item><p lang="en">
the purchase of dictionaries, glossaries and other works for the language service.</p></item></list></bud-remarks></nmc-item><nmc-item alias="2 6 2 4" id="N61510934472-8"><bud-heading><p lang="en">Expenditure on archive resources</p></bud-heading><bud-data exprev="exp"><amounts><amount catpol="5.17" year="n"><figure>120 187</figure></amount><amount catpol="5.17" year="nm1"><figure>124 790</figure></amount><amount catpol="5.17" year="nm2"><figure>119 283,00</figure></amount></amounts></bud-data><bud-remarks><p lang="en">This appropriation is intended to cover the cost of external archiving services, including sorting, filing and re-filing, the cost of archiving services, the acquisition and use of archive materials on back-up media (microfilm, disk, cassette, etc.), as well as the purchase, hire and maintenance of special materials (electric, electronic, IT) and the cost of publishing on all media (brochures, CD-ROMs, etc.).</p></bud-remarks></nmc-item></nmc-article><nmc-article alias="2 6 4" id="N61510934529-10"><bud-heading><p lang="en">Expenditure on publications, information and on participation in public events: information and communication activities</p></bud-heading><bud-data exprev="exp"><amounts><amount catpol="5.17" year="n"><figure>408 000</figure></amount><amount catpol="5.17" year="nm1"><figure>408 000</figure></amount><amount catpol="5.17" year="nm2"><figure>408 000,00</figure></amount></amounts></bud-data><bud-remarks><p lang="en">Regulation (Committee of the Regions) No 020/2005 on the financing of the political and information activities of members of the Committee of the Regions.</p><p lang="en">This appropriation is intended to cover expenditure resulting from the political and information activities of Committee members in the exercise of their European mandate.</p></bud-remarks></nmc-article></nmc-chapter></nmc-title><nmc-title alias="10" id="AACGD"><bud-heading><p>OTHER EXPENDITURE</p></bud-heading><bud-data exprev="exp" tot="tot"/><nmc-chapter alias="10 0" id="AACGJ"><bud-heading><p>PROVISIONAL APPROPRIATIONS</p></bud-heading><bud-data exprev="exp"><amounts><amount catpol="5.17" year="n"><figure>49 000</figure></amount><amount catpol="5.17" year="nm1"><figure>p.m.</figure></amount><amount catpol="5.17" year="nm2"><figure>0,—</figure></amount></amounts><relations><relation type="traditional" value="10 0"/></relations></bud-data><bud-remarks><reuse-link reuse="reuse-link"><reuse-param name="class" value="com.softwareag.belgium.xef.impl.filters.CheckOutAndFilter"/><reuse-param name="xpath" value="/abb[1]/nmc-section[1]/nmc-expenditure[1]"/><reuse-param name="filter" value="com.softwareag.belgium.seibud.abb.LinkAndReuse.NDiffReservesBreakdown"/><reuse-param-list name="aliases"><reuse-param name="alias" value="10 0"/></reuse-param-list></reuse-link><p lang="en">The appropriations entered under this chapter are purely provisional and may be used only after transfer to other budget chapters in accordance with the Financial Regulation.</p></bud-remarks></nmc-chapter><nmc-chapter alias="10 1" id="AACGQ"><bud-heading><p>CONTINGENCY RESERVE</p></bud-heading><bud-data exprev="exp"><amounts><amount catpol="5.17" year="n"><figure>p.m.</figure></amount><amount catpol="5.17" year="nm1"><figure>p.m.</figure></amount><amount catpol="5.17" year="nm2"><figure>0,—</figure></amount></amounts><relations><relation type="traditional" value="10 1"/></relations></bud-data></nmc-chapter><nmc-chapter alias="10 2" id="D20002189"><bud-heading><p>RESERVE TO PROVIDE FOR THE TAKEOVER OF BUILDINGS</p></bud-heading><bud-data exprev="exp"><amounts><amount catpol="5.17" year="n"><figure>p.m.</figure></amount><amount catpol="5.17" year="nm1"><figure>p.m.</figure></amount><amount catpol="5.17" year="nm2"><figure>0,—</figure></amount></amounts><relations><relation type="traditional" value="10 2"/></relations></bud-data></nmc-chapter></nmc-title></nmc-expenditure><nmc-grseq alias="S" id="JfLfINKefcLObKKGKdfPdPGeHIMeGPPGePHNfNf"><bud-heading><p lang="en">Staff</p></bud-heading><nmc-grseq alias="S 1" id="JfLfINKefcLObKKGKdfPdPGeHIMeGPPGePHNfNd"><bud-heading><p lang="en">Section VII — Committee of the Regions</p></bud-heading><bud-text><table frame="all" pgwide="1"><tgroup cols="5"><colspec colname="C1" colnum="1" colwidth="121pt"/><colspec colname="C2" colnum="2" colwidth="99.25pt"/><colspec colname="C3" colnum="3" colwidth="102.75pt"/><colspec colname="C4" colnum="4" colwidth="109.85pt"/><colspec colname="C5" colnum="5" colwidth="106.3pt"/><thead><row><entry align="center" colname="C1" colsep="1" morerows="2" rowsep="1" valign="middle"><p lang="en">Function group and grade</p></entry><entry align="center" colsep="1" nameend="C5" namest="C2" rowsep="1" valign="middle"><p lang="en">Committee of the Regions</p></entry></row><row><entry align="center" colsep="1" nameend="C3" namest="C2" rowsep="1"><p lang="en">2010</p></entry><entry align="center" colsep="1" nameend="C5" namest="C4" rowsep="1"><p lang="en">2009</p></entry></row><row><entry align="center" colname="C2" colsep="1" rowsep="1"><p lang="en">Permanent posts</p></entry><entry align="center" colname="C3" colsep="1" rowsep="1"><p lang="en">Temporary posts</p></entry><entry align="center" colname="C4" colsep="1" rowsep="1"><p lang="en">Permanent posts</p></entry><entry align="center" colname="C5" colsep="1" rowsep="1"><p lang="en">Temporary posts</p></entry></row></thead><tbody><row><entry align="center" colname="C1" colsep="1" rowsep="0" valign="middle"><p lang="en">HC</p></entry><entry colname="C2" colsep="1" rowsep="0"/><entry align="center" colname="C3" colsep="1" rowsep="0"><p lang="en">1</p></entry><entry colname="C4" colsep="1" rowsep="0"/><entry align="center" colname="C5" colsep="1" rowsep="0"><p lang="en">1</p></entry></row><row><entry align="center" colname="C1" colsep="1" rowsep="0" valign="middle"><p lang="en">AD 16</p></entry><entry colname="C2" colsep="1" rowsep="0"/><entry colname="C3" colsep="1" rowsep="0"/><entry colname="C4" colsep="1" rowsep="0"/><entry colname="C5" colsep="1" rowsep="0"/></row><row><entry align="center" colname="C1" colsep="1" rowsep="0" valign="middle"><p lang="en">AD 15</p></entry><entry align="center" colname="C2" colsep="1" rowsep="0"><p lang="en">6</p></entry><entry colname="C3" colsep="1" rowsep="0"/><entry align="center" colname="C4" colsep="1" rowsep="0"><p lang="en">5</p></entry><entry colname="C5" colsep="1" rowsep="0"/></row><row><entry align="center" colname="C1" colsep="1" rowsep="0" valign="middle"><p lang="en">AD 14</p></entry><entry align="center" colname="C2" colsep="1" rowsep="0"><p lang="en">9</p></entry><entry align="center" colname="C3" colsep="1" rowsep="0"><p lang="en">1</p></entry><entry align="center" colname="C4" colsep="1" rowsep="0"><p lang="en">9</p></entry><entry align="center" colname="C5" colsep="1" rowsep="0"><p lang="en">1</p></entry></row><row><entry align="center" colname="C1" colsep="1" rowsep="0" valign="middle"><p lang="en">AD 13</p></entry><entry align="center" colname="C2" colsep="1" rowsep="0"><p lang="en">10</p></entry><entry colname="C3" colsep="1" rowsep="0"/><entry align="center" colname="C4" colsep="1" rowsep="0"><p lang="en">7</p></entry><entry colname="C5" colsep="1" rowsep="0"/></row><row><entry align="center" colname="C1" colsep="1" rowsep="0" valign="middle"><p lang="en">AD 12</p></entry><entry align="center" colname="C2" colsep="1" rowsep="0"><p lang="en">26</p></entry><entry align="center" colname="C3" colsep="1" rowsep="0"><p lang="en">4</p></entry><entry align="center" colname="C4" colsep="1" rowsep="0"><p lang="en">28</p></entry><entry align="center" colname="C5" colsep="1" rowsep="0"><p lang="en">2</p></entry></row><row><entry align="center" colname="C1" colsep="1" rowsep="0" valign="middle"><p lang="en">AD 11</p></entry><entry align="center" colname="C2" colsep="1" rowsep="0"><p lang="en">29</p></entry><entry colname="C3" colsep="1" rowsep="0"/><entry align="center" colname="C4" colsep="1" rowsep="0"><p lang="en">25</p></entry><entry align="center" colname="C5" colsep="1" rowsep="0"><p lang="en">2</p></entry></row><row><entry align="center" colname="C1" colsep="1" rowsep="0" valign="middle"><p lang="en">AD 10</p></entry><entry align="center" colname="C2" colsep="1" rowsep="0"><p lang="en">19</p></entry><entry align="center" colname="C3" colsep="1" rowsep="0"><p lang="en">3</p></entry><entry align="center" colname="C4" colsep="1" rowsep="0"><p lang="en">22</p></entry><entry align="center" colname="C5" colsep="1" rowsep="0"><p lang="en">2</p></entry></row><row><entry align="center" colname="C1" colsep="1" rowsep="0" valign="middle"><p lang="en">AD 9</p></entry><entry align="center" colname="C2" colsep="1" rowsep="0"><p lang="en">7</p></entry><entry align="center" colname="C3" colsep="1" rowsep="0"><p lang="en">3</p></entry><entry align="center" colname="C4" colsep="1" rowsep="0"><p lang="en">9</p></entry><entry align="center" colname="C5" colsep="1" rowsep="0"><p lang="en">4</p></entry></row><row><entry align="center" colname="C1" colsep="1" rowsep="0" valign="middle"><p lang="en">AD 8</p></entry><entry align="center" colname="C2" colsep="1" rowsep="0"><p lang="en">22</p></entry><entry colname="C3" colsep="1" rowsep="0"/><entry align="center" colname="C4" colsep="1" rowsep="0"><p lang="en">19</p></entry><entry colname="C5" colsep="1" rowsep="0"/></row><row><entry align="center" colname="C1" colsep="1" rowsep="0" valign="middle"><p lang="en">AD 7</p></entry><entry align="center" colname="C2" colsep="1" rowsep="0"><p lang="en">25</p></entry><entry align="center" colname="C3" colsep="1" rowsep="0"><p lang="en">3</p></entry><entry align="center" colname="C4" colsep="1" rowsep="0"><p lang="en">10</p></entry><entry align="center" colname="C5" colsep="1" rowsep="0"><p lang="en">2</p></entry></row><row><entry align="center" colname="C1" colsep="1" rowsep="0" valign="middle"><p lang="en">AD 6</p></entry><entry align="center" colname="C2" colsep="1" rowsep="0"><p lang="en">76</p></entry><entry align="center" colname="C3" colsep="1" rowsep="0"><p lang="en">7</p></entry><entry align="center" colname="C4" colsep="1" rowsep="0"><p lang="en">76</p></entry><entry align="center" colname="C5" colsep="1" rowsep="0"><p lang="en">6</p></entry></row><row><entry align="center" colname="C1" colsep="1" rowsep="0" valign="middle"><p lang="en">AD 5</p></entry><entry align="center" colname="C2" colsep="1" rowsep="1"><p lang="en">41</p></entry><entry align="center" colname="C3" colsep="1" rowsep="1"><p lang="en">3</p></entry><entry align="center" colname="C4" colsep="1" rowsep="1"><p lang="en">58</p></entry><entry align="center" colname="C5" colsep="1" rowsep="1"><p lang="en">3</p></entry></row><row><entry align="right" colname="C1" colsep="1" rowsep="1" valign="middle"><p lang="en">AD total</p></entry><entry align="center" colname="C2" colsep="1" rowsep="1"><p lang="en"><ft type="glossary">270</ft></p></entry><entry align="center" colname="C3" colsep="1" rowsep="1"><p lang="en"><ft type="glossary">24</ft></p></entry><entry align="center" colname="C4" colsep="1" rowsep="1"><p lang="en"><ft type="glossary">268</ft></p></entry><entry align="center" colname="C5" colsep="1" rowsep="1"><p lang="en"><ft type="glossary">22</ft></p></entry></row><row><entry align="center" colname="C1" colsep="1" rowsep="0" valign="middle"><p lang="en">AST 11</p></entry><entry align="center" colname="C2" colsep="1" rowsep="0"><p lang="en">2</p></entry><entry colname="C3" colsep="1" rowsep="0"/><entry align="center" colname="C4" colsep="1" rowsep="0"><p lang="en">1</p></entry><entry colname="C5" colsep="1" rowsep="0"/></row><row><entry align="center" colname="C1" colsep="1" rowsep="0" valign="middle"><p lang="en">AST 10</p></entry><entry align="center" colname="C2" colsep="1" rowsep="0"><p lang="en">5</p></entry><entry colname="C3" colsep="1" rowsep="0"/><entry align="center" colname="C4" colsep="1" rowsep="0"><p lang="en">5</p></entry><entry colname="C5" colsep="1" rowsep="0"/></row><row><entry align="center" colname="C1" colsep="1" rowsep="0" valign="middle"><p lang="en">AST 9</p></entry><entry align="center" colname="C2" colsep="1" rowsep="0"><p lang="en">2</p></entry><entry colname="C3" colsep="1" rowsep="0"/><entry align="center" colname="C4" colsep="1" rowsep="0"><p lang="en">2</p></entry><entry colname="C5" colsep="1" rowsep="0"/></row><row><entry align="center" colname="C1" colsep="1" rowsep="0" valign="middle"><p lang="en">AST 8</p></entry><entry align="center" colname="C2" colsep="1" rowsep="0"><p lang="en">8</p></entry><entry colname="C3" colsep="1" rowsep="0"/><entry align="center" colname="C4" colsep="1" rowsep="0"><p lang="en">6</p></entry><entry colname="C5" colsep="1" rowsep="0"/></row><row><entry align="center" colname="C1" colsep="1" rowsep="0" valign="middle"><p lang="en">AST 7</p></entry><entry align="center" colname="C2" colsep="1" rowsep="0"><p lang="en">13</p></entry><entry align="center" colname="C3" colsep="1" rowsep="0"><p lang="en">1</p></entry><entry align="center" colname="C4" colsep="1" rowsep="0"><p lang="en">13</p></entry><entry align="center" colname="C5" colsep="1" rowsep="0"><p lang="en">1</p></entry></row><row><entry align="center" colname="C1" colsep="1" rowsep="0" valign="middle"><p lang="en">AST 6</p></entry><entry align="center" colname="C2" colsep="1" rowsep="0"><p lang="en">19</p></entry><entry align="center" colname="C3" colsep="1" rowsep="0"><p lang="en">1</p></entry><entry align="center" colname="C4" colsep="1" rowsep="0"><p lang="en">17</p></entry><entry align="center" colname="C5" colsep="1" rowsep="0"><p lang="en">1</p></entry></row><row><entry align="center" colname="C1" colsep="1" rowsep="0" valign="middle"><p lang="en">AST 5</p></entry><entry align="center" colname="C2" colsep="1" rowsep="0"><p lang="en">36</p></entry><entry align="center" colname="C3" colsep="1" rowsep="0"><p lang="en">5</p></entry><entry align="center" colname="C4" colsep="1" rowsep="0"><p lang="en">33</p></entry><entry align="center" colname="C5" colsep="1" rowsep="0"><p lang="en">4</p></entry></row><row><entry align="center" colname="C1" colsep="1" rowsep="0" valign="middle"><p lang="en">AST 4</p></entry><entry align="center" colname="C2" colsep="1" rowsep="0"><p lang="en">29</p></entry><entry align="center" colname="C3" colsep="1" rowsep="0"><p lang="en">3</p></entry><entry align="center" colname="C4" colsep="1" rowsep="0"><p lang="en">30</p></entry><entry align="center" colname="C5" colsep="1" rowsep="0"><p lang="en">2</p></entry></row><row><entry align="center" colname="C1" colsep="1" rowsep="0" valign="middle"><p lang="en">AST 3</p></entry><entry align="center" colname="C2" colsep="1" rowsep="0"><p lang="en">28</p></entry><entry align="center" colname="C3" colsep="1" rowsep="0"><p lang="en">2</p></entry><entry align="center" colname="C4" colsep="1" rowsep="0"><p lang="en">27</p></entry><entry align="center" colname="C5" colsep="1" rowsep="0"><p lang="en">4</p></entry></row><row><entry align="center" colname="C1" colsep="1" rowsep="0" valign="middle"><p lang="en">AST 2</p></entry><entry align="center" colname="C2" colsep="1" rowsep="0"><p lang="en">36</p></entry><entry align="center" colname="C3" colsep="1" rowsep="0"><p lang="en">2</p></entry><entry align="center" colname="C4" colsep="1" rowsep="0"><p lang="en">34</p></entry><entry align="center" colname="C5" colsep="1" rowsep="0"><p lang="en">1</p></entry></row><row><entry align="center" colname="C1" colsep="1" rowsep="0" valign="middle"><p lang="en">AST 1</p></entry><entry align="center" colname="C2" colsep="1" rowsep="1"><p lang="en">19</p></entry><entry colname="C3" colsep="1" rowsep="1"/><entry align="center" colname="C4" colsep="1" rowsep="1"><p lang="en">29</p></entry><entry align="center" colname="C5" colsep="1" rowsep="1"><p lang="en">1</p></entry></row><row><entry align="right" colname="C1" colsep="1" rowsep="1" valign="middle"><p lang="en">AST total</p></entry><entry align="center" colname="C2" colsep="1" rowsep="1"><p lang="en"><ft type="glossary">197</ft></p></entry><entry align="center" colname="C3" colsep="1" rowsep="1"><p lang="en"><ft type="glossary">14</ft></p></entry><entry align="center" colname="C4" colsep="1" rowsep="1"><p lang="en"><ft type="glossary">197</ft></p></entry><entry align="center" colname="C5" colsep="1" rowsep="1"><p lang="en"><ft type="glossary">14</ft></p></entry></row><row><entry align="right" colname="C1" colsep="1" rowsep="1" valign="middle"><p lang="en"><ft type="glossary">Grand total</ft></p></entry><entry align="center" colname="C2" colsep="1" rowsep="1"><p lang="en"><ft type="glossary">467</ft></p></entry><entry align="center" colname="C3" colsep="1" rowsep="1"><p lang="en"><ft type="glossary">39</ft></p></entry><entry align="center" colname="C4" colsep="1" rowsep="1"><p lang="en"><ft type="glossary">465</ft></p></entry><entry align="center" colname="C5" colsep="1" rowsep="1"><p lang="en"><ft type="glossary">37</ft></p></entry></row><row><entry align="right" colname="C1" colsep="1" rowsep="1" valign="middle"><p lang="en"><ft type="glossary">Total staff</ft></p></entry><entry align="center" colsep="1" nameend="C3" namest="C2" rowsep="1"><p lang="en"><ft type="glossary">506</ft><note><p lang="en">The effects of filling certain posts with half-time staff may be offset by recruiting additional staff, subject to the balance of posts thus released in each function group.</p></note><note><p lang="en">Of which one AD 14, one AD 9, one AD 6, one AD 5, one AST 7 and one AST 5 (temporary posts) assigned to the President's private office; four AD 12, three AD 10, two AD 9,three AD 7, three AD 6, two AD 5, one AST 6, four AST 5, three AST 4, two AST 3 and two AST 2 (temporary posts) assigned to the political groups; one AD 6 (temporary post) for the translation service and two AD 6 (temporary posts) for the Communications
                        <ft type="glossary"><ft type="ht">, </ft></ft>press and protocol Directorate.
                      </p></note></p></entry><entry align="center" colsep="1" nameend="C5" namest="C4" rowsep="1"><p lang="en"><ft type="glossary">502</ft><note><p lang="en">Of which one AD 14, one AD 9, one AD 6, one AD 5, one AST 7 and one AST 5 (temporary posts) assigned to the President's private office; two AD 12, two AD 11, two AD 10, three AD 9, two AD 7, two AD 6, two AD 5, one AST 6, three AST 5, two AST 4, four AST 3, one AST 2 and one AST 1 (temporary posts) assigned to the political groups; one AD 6 (temporary post) for the translation service and two AD 6 (temporary posts) for the Communications, press and protocol Directorate.</p></note></p></entry></row></tbody></tgroup></table></bud-text></nmc-grseq></nmc-grseq></nmc-section>