<?xml version="1.0" encoding="UTF-8"?>
<nmc-section alias="VOL4" id="AAAAB"><bud-heading><p lang="en">SECTION IV — COURT OF JUSTICE OF THE EUROPEAN UNION</p></bud-heading><nmc-revenue alias="R" id="AAAAE"><bud-heading><p lang="en">OWN RESOURCES</p></bud-heading><bud-data exprev="rev" tot="tot"/><nmc-title alias="4" id="AAAAK"><bud-heading><p lang="en">REVENUE ACCRUING FROM PERSONS WORKING WITH THE INSTITUTIONS AND OTHER UNION BODIES</p></bud-heading><bud-data exprev="rev" tot="tot"/><nmc-chapter alias="4 0" id="AAAAQ"><bud-heading><p lang="en">MISCELLANEOUS TAXES AND DEDUCTIONS</p></bud-heading><bud-data exprev="rev" tot="tot"/><nmc-article alias="4 0 0" id="AAAAW"><bud-heading><p lang="en">Proceeds of the taxation of salaries, wages and allowances of Members of the institution, officials and other servants </p></bud-heading><bud-data exprev="rev"><amounts><amount year="n"><figure>21 624 000</figure></amount><amount year="nm1"><figure>21 088 000</figure></amount><amount year="nm2"><figure>19 449 479,88</figure></amount></amounts></bud-data><bud-remarks><p lang="en">Protocol on the privileges and immunities of the European Union, and in particular Article 12 thereof.</p><p lang="en">Regulation No 422/67/EEC, No 5/67/Euratom of the Council of 25 July 1967 determining the emoluments of the President and Members of the Commission, of the President, Judges, Advocates-General and Registrar of the Court of Justice, of the President, Members and Registrar of the Court of First Instance and of the President, Members and Registrar of the European Union Civil Service Tribunal (OJ 187, 8.8.1967, p. 1).</p><p lang="en">Regulation (EEC, Euratom, ECSC) No 260/68 of the Council of 29 February 1968 laying down the conditions and procedure for applying the tax for the benefit of the European Communities (OJ L 56, 4.3.1968, p. 8).</p></bud-remarks></nmc-article><nmc-article alias="4 0 3" id="N70811349375-1"><bud-heading><p lang="en">Proceeds of the temporary contribution from the salaries of Members of the institution, officials and other servants in active employment</p></bud-heading><bud-data exprev="rev"><amounts><amount year="n"><figure>p.m.</figure></amount><amount year="nm1"><figure>p.m.</figure></amount><amount year="nm2"><figure>0,—</figure></amount></amounts></bud-data><bud-remarks><p lang="en">Regulation No 422/67/EEC, No 5/67/Euratom of the Council of 25 July 1967 determining the emoluments of the President and members of the Commission, of the President, Judges, Advocates-General and Registrar of the Court of Justice, of the President, Members and Registrar of the Court of First Instance, and of the President, Members and Registrar of the European Civil Service Tribunal (OJ 187, 8.8.1967, p. 1).</p><p lang="en">Council Regulation (ECSC, EEC, Euratom) No 3831/91 of 19 December 1991 amending the Staff Regulations of Officials and the Conditions of Employment of Other Servants of the European Communities with a view to introducing a temporary contribution (OJ L 361, 31.12.1991, p. 7).</p></bud-remarks></nmc-article><nmc-article alias="4 0 4" id="NEW550727"><bud-heading><p lang="en">Proceeds from the special levy on the salaries of Members of the institution, officials and other servants in active employment</p></bud-heading><bud-data exprev="rev"><amounts><amount year="n"><figure>2 656 000</figure></amount><amount year="nm1"><figure>2 313 000</figure></amount><amount year="nm2"><figure>2 164 163,21</figure></amount></amounts></bud-data><bud-remarks><p lang="en">Staff Regulations of Officials of the European Communities, and in particular Article 66a thereof.</p><p lang="en">Regulation No 422/67/EEC, No 5/67/Euratom of the Council of 25 July 1967 determining the emoluments of the President and Members of the Commission, of the President, Judges, Advocates-General and Registrar of the Court of Justice, of the President, Members and Registrar of the Court of First Instance and of the President, Members and Registrar of the European Union Civil Service Tribunal (OJ 187, 8.8.1967, p. 1).</p></bud-remarks></nmc-article></nmc-chapter><nmc-chapter alias="4 1" id="41061243271-0"><bud-heading><p>CONTRIBUTION TO THE PENSION SCHEME</p></bud-heading><bud-data exprev="rev" tot="tot"/><nmc-article alias="4 1 0" id="41061243271-2"><bud-heading><p>Staff contributions to the pension scheme</p></bud-heading><bud-data exprev="rev"><amounts><amount year="n"><figure>15 037 000</figure></amount><amount year="nm1"><figure>14 297 000</figure></amount><amount year="nm2"><figure>14 310 824,48</figure></amount></amounts></bud-data><bud-remarks><p lang="en">Staff Regulations of Officials of the European Communities, and in particular Article 83(2) thereof.</p></bud-remarks></nmc-article><nmc-article alias="4 1 1" id="41061243777-5"><bud-heading><p>Transfer or repayment of pension rights by staff</p></bud-heading><bud-data exprev="rev"><amounts><amount year="n"><figure>500 000</figure></amount><amount year="nm1"><figure>500 000</figure></amount><amount year="nm2"><figure>1 720 446,27</figure></amount></amounts></bud-data><bud-remarks><p lang="en">Staff Regulations of Officials of the European Communities, and in particular Article 107 thereof and Articles 11(2) and 48 of Annex VIII thereto.</p></bud-remarks></nmc-article><nmc-article alias="4 1 2" id="N70811349581-5"><bud-heading><p lang="en">Contribution to the pension scheme by officials and temporary staff on leave on personal grounds</p></bud-heading><bud-data exprev="rev"><amounts><amount year="n"><figure>p.m.</figure></amount><amount year="nm1"><figure>p.m.</figure></amount><amount year="nm2"><figure>0,—</figure></amount></amounts></bud-data><bud-remarks><p lang="en">Staff Regulations of Officials of the European Communities.</p><p lang="en">Conditions of Employment of Other Servants of the European Communities.</p></bud-remarks></nmc-article></nmc-chapter></nmc-title><nmc-title alias="5" id="AAABO"><bud-heading><p>REVENUE ACCRUING FROM THE ADMINISTRATION OF THE INSTITUTION</p></bud-heading><bud-data exprev="rev" tot="tot"/><nmc-chapter alias="5 0" id="AAABU"><bud-heading><p>PROCEEDS FROM THE SALE OF MOVABLE AND IMMOVABLE PROPERTY</p></bud-heading><bud-data exprev="rev" tot="tot"/><nmc-article alias="5 0 0" id="AAACA"><bud-heading><p>Proceeds from the sale of movable property (supplies)</p></bud-heading><bud-data exprev="rev" tot="tot"/><nmc-item alias="5 0 0 0" id="41061450630-9"><bud-heading><p>Proceeds from the sale of vehicles — Assigned revenue</p></bud-heading><bud-data exprev="rev"><amounts><amount year="n"><figure>p.m.</figure></amount><amount year="nm1"><figure>p.m.</figure></amount><amount year="nm2"><figure>0,—</figure></amount></amounts></bud-data><bud-remarks><p lang="en">In accordance with Article 18 of the Financial Regulation, this revenue is to be considered as assigned revenue and gives rise to the entry of additional appropriations in the lines which bore the initial expenditure giving rise to the corresponding revenue.</p></bud-remarks></nmc-item><nmc-item alias="5 0 0 1" id="41061450676-10"><bud-heading><p>Proceeds from the sale of other movable property — Assigned revenue</p></bud-heading><bud-data exprev="rev"><amounts><amount year="n"><figure>p.m.</figure></amount><amount year="nm1"><figure>p.m.</figure></amount><amount year="nm2"><figure>0,—</figure></amount></amounts></bud-data><bud-remarks><p lang="en">In accordance with Article 18 of the Financial Regulation, this revenue is to be considered as assigned revenue and gives rise to the entry of additional appropriations in the lines which bore the initial expenditure giving rise to the corresponding revenue.</p></bud-remarks></nmc-item></nmc-article><nmc-article alias="5 0 2" id="AAACG"><bud-heading><p lang="en">Proceeds from the sale of publications, printed works and films — Assigned revenue</p></bud-heading><bud-data exprev="rev"><amounts><amount year="n"><figure>p.m.</figure></amount><amount year="nm1"><figure>p.m.</figure></amount><amount year="nm2"><figure>396 469,07</figure></amount></amounts></bud-data><bud-remarks><p lang="en">In accordance with Article 18 of the Financial Regulation, this revenue is to be considered as assigned revenue and gives rise to the entry of additional appropriations in the lines which bore the initial expenditure giving rise to the corresponding revenue.</p></bud-remarks></nmc-article></nmc-chapter><nmc-chapter alias="5 1" id="N70811349631-11"><bud-heading><p lang="en">PROCEEDS FROM LETTING</p></bud-heading><bud-data exprev="rev" tot="tot"/><nmc-article alias="5 1 1" id="N70811349631-12"><bud-heading><p lang="en">Proceeds from letting and subletting immovable property and reimbursement of charges connected with letting</p></bud-heading><bud-data exprev="rev" tot="tot"/><nmc-item alias="5 1 1 0" id="N70811349631-13"><bud-heading><p lang="en">Proceeds from letting and subletting immovable property — Assigned revenue</p></bud-heading><bud-data exprev="rev"><amounts><amount year="n"><figure>p.m.</figure></amount><amount year="nm1"><figure>p.m.</figure></amount><amount year="nm2"><figure>0,—</figure></amount></amounts></bud-data><bud-remarks><p lang="en">In accordance with Article 18(1)(e) of the Financial Regulation, this revenue is considered to be assigned and gives rise to the entry of additional appropriations in the lines which bore the original expenditure giving rise to the corresponding revenue.</p></bud-remarks></nmc-item><nmc-item alias="5 1 1 1" id="N70811349631-14"><bud-heading><p lang="en">Reimbursement of charges connected with letting — Assigned revenue</p></bud-heading><bud-data exprev="rev"><amounts><amount year="n"><figure>p.m.</figure></amount><amount year="nm1"><figure>p.m.</figure></amount><amount year="nm2"><figure>0,—</figure></amount></amounts></bud-data><bud-remarks><p lang="en">In accordance with Article 18(1)(e) of the Financial Regulation, this revenue is considered to be assigned and gives rise to the entry of additional appropriations in the lines which bore the original expenditure giving rise to the corresponding revenue.</p></bud-remarks></nmc-item></nmc-article></nmc-chapter><nmc-chapter alias="5 2" id="AAACM"><bud-heading><p>REVENUE FROM INVESTMENTS OR LOANS GRANTED, BANK AND OTHER INTEREST ON THE INSTITUTION'S ACCOUNTS</p></bud-heading><bud-data exprev="rev" tot="tot"/><nmc-article alias="5 2 0" id="AAACS"><bud-heading><p>Revenue from investments or loans granted, bank and other interest on the institution's accounts</p></bud-heading><bud-data exprev="rev"><amounts><amount year="n"><figure>130 000</figure></amount><amount year="nm1"><figure>130 000</figure></amount><amount year="nm2"><figure>134 037,41</figure></amount></amounts></bud-data></nmc-article><nmc-article alias="5 2 2" id="N70811349760-17"><bud-heading><p lang="en">Interest yielded by prefinancing</p></bud-heading><bud-data exprev="rev"><amounts><amount year="n"><figure>p.m.</figure></amount><amount year="nm1"><figure>p.m.</figure></amount><amount year="nm2"><figure>0,—</figure></amount></amounts></bud-data><bud-remarks><p lang="en">This article is intended to record revenue from investments or loans granted, bank and other interest.</p></bud-remarks></nmc-article></nmc-chapter><nmc-chapter alias="5 5" id="AAADK"><bud-heading><p>REVENUE FROM THE PROCEEDS OF SERVICES SUPPLIED AND WORK CARRIED OUT</p></bud-heading><bud-data exprev="rev" tot="tot"/><nmc-article alias="5 5 0" id="AAADQ"><bud-heading><p>Revenue from the proceeds of services supplied to or work carried out for other institutions or bodies, including the amount of mission allowances paid on behalf of other institutions or bodies and reimbursed by the latter — Assigned revenue</p></bud-heading><bud-data exprev="rev"><amounts><amount year="n"><figure>p.m.</figure></amount><amount year="nm1"><figure>p.m.</figure></amount><amount year="nm2"><figure>0,—</figure></amount></amounts></bud-data><bud-remarks><p lang="en">In accordance with Article 18 of the Financial Regulation, this revenue is to be considered as assigned revenue and gives rise to the entry of additional appropriations in the lines which bore the initial expenditure giving rise to the corresponding revenue.</p></bud-remarks></nmc-article><nmc-article alias="5 5 1" id="41061450444-8"><bud-heading><p>Revenue from other persons for services supplied or work carried out at their request — Assigned revenue</p></bud-heading><bud-data exprev="rev"><amounts><amount year="n"><figure>p.m.</figure></amount><amount year="nm1"><figure>p.m.</figure></amount><amount year="nm2"><figure>0,—</figure></amount></amounts></bud-data><bud-remarks><p lang="en">In accordance with Article 18 of the Financial Regulation, this revenue is to be considered as assigned revenue and gives rise to the entry of additional appropriations in the lines which bore the initial expenditure giving rise to the corresponding revenue.</p></bud-remarks></nmc-article></nmc-chapter><nmc-chapter alias="5 7" id="AP20038015"><bud-heading><p>OTHER CONTRIBUTIONS AND REFUNDS CONNECTED WITH THE ADMINISTRATIVE OPERATION OF THE INSTITUTIONS</p></bud-heading><bud-data exprev="rev" tot="tot"/><nmc-article alias="5 7 0" id="AP20038016"><bud-heading><p>Revenue from the repayment of sums paid though not due — Assigned revenue</p></bud-heading><bud-data exprev="rev"><amounts><amount year="n"><figure>p.m.</figure></amount><amount year="nm1"><figure>p.m.</figure></amount><amount year="nm2"><figure>422 100,81</figure></amount></amounts></bud-data><bud-remarks><p lang="en">In accordance with Article 18 of the Financial Regulation, this revenue is to be considered as assigned revenue and gives rise to the entry of additional appropriations in the lines which bore the initial expenditure giving rise to the corresponding revenue.</p></bud-remarks></nmc-article><nmc-article alias="5 7 1" id="N70811349801-19"><bud-heading><p lang="en">Revenue earmarked for a specific purpose, such as income from foundations, subsidies, gifts and bequests, including the earmarked revenue specific to each institution — Assigned revenue</p></bud-heading><bud-data exprev="rev"><amounts><amount year="n"><figure>p.m.</figure></amount><amount year="nm1"><figure>p.m.</figure></amount><amount year="nm2"><figure>0,—</figure></amount></amounts></bud-data><bud-remarks><p lang="en">In accordance with Article 18(1)(c) of the Financial Regulation, this revenue is considered to be assigned and gives rise to the entry of additional appropriations in the lines which bore the original expenditure giving rise to the corresponding revenue.</p></bud-remarks></nmc-article><nmc-article alias="5 7 3" id="41061451710-14"><bud-heading><p lang="en">Other contributions and refunds connected with the administrative operation of the institution — Assigned revenue</p></bud-heading><bud-data exprev="rev"><amounts><amount year="n"><figure>p.m.</figure></amount><amount year="nm1"><figure>p.m.</figure></amount><amount year="nm2"><figure>131 001,71</figure></amount></amounts></bud-data><bud-remarks><p lang="en">In accordance with Article 18 of the Financial Regulation, this revenue is to be considered as assigned revenue and gives rise to the entry of additional appropriations in the lines which bore the initial expenditure giving rise to the corresponding revenue.</p></bud-remarks></nmc-article></nmc-chapter><nmc-chapter alias="5 8" id="AP20038018"><bud-heading><p>MISCELLANEOUS COMPENSATION</p></bud-heading><bud-data exprev="rev" tot="tot"/><nmc-article alias="5 8 0" id="41061451953-16"><bud-heading><p>Revenue from payments connected with lettings — Assigned revenue</p></bud-heading><bud-data exprev="rev"><amounts><amount year="n"><figure>p.m.</figure></amount><amount year="nm1"><figure>p.m.</figure></amount><amount year="nm2"><figure>0,—</figure></amount></amounts></bud-data><bud-remarks><p lang="en">In accordance with Article 18 of the Financial Regulation, this revenue is to be considered as assigned revenue and gives rise to the entry of additional appropriations in the lines which bore the initial expenditure giving rise to the corresponding revenue.</p></bud-remarks></nmc-article><nmc-article alias="5 8 1" id="41061452030-17"><bud-heading><p>Revenue from insurance payments received — Assigned revenue</p></bud-heading><bud-data exprev="rev"><amounts><amount year="n"><figure>p.m.</figure></amount><amount year="nm1"><figure>p.m.</figure></amount><amount year="nm2"><figure>28 888,04</figure></amount></amounts></bud-data><bud-remarks><p lang="en">In accordance with Article 18 of the Financial Regulation, this revenue is to be considered as assigned revenue and gives rise to the entry of additional appropriations in the lines which bore the initial expenditure giving rise to the corresponding revenue.</p></bud-remarks></nmc-article></nmc-chapter><nmc-chapter alias="5 9" id="N70811349829-23"><bud-heading><p lang="en">OTHER REVENUE FROM ADMINISTRATIVE OPERATIONS</p></bud-heading><bud-data exprev="rev" tot="tot"/><nmc-article alias="5 9 0" id="N70811349829-24"><bud-heading><p lang="en">Other revenue from administrative operations</p></bud-heading><bud-data exprev="rev"><amounts><amount year="n"><figure>p.m.</figure></amount><amount year="nm1"><figure>p.m.</figure></amount><amount year="nm2"><figure>0,—</figure></amount></amounts></bud-data><bud-remarks><p lang="en">This article is intended to record other revenue from administrative operations.</p></bud-remarks></nmc-article></nmc-chapter></nmc-title><nmc-title alias="9" id="AAADW"><bud-heading><p>MISCELLANEOUS REVENUE</p></bud-heading><bud-data exprev="rev" tot="tot"/><nmc-chapter alias="9 0" id="AAAEC"><bud-heading><p>MISCELLANEOUS REVENUE</p></bud-heading><bud-data exprev="rev" tot="tot"/><nmc-article alias="9 0 0" id="AAAEI"><bud-heading><p>Miscellaneous revenue</p></bud-heading><bud-data exprev="rev"><amounts><amount year="n"><figure>10 000</figure></amount><amount year="nm1"><figure>10 000</figure></amount><amount year="nm2"><figure>28 551,00</figure></amount></amounts></bud-data></nmc-article></nmc-chapter></nmc-title></nmc-revenue><nmc-expenditure alias="E" id="AAAEO"><bud-heading><p>EXPENDITURE</p></bud-heading><bud-data exprev="exp" tot="tot"/><nmc-title alias="1" id="AAAEU"><bud-heading><p lang="en">PERSONS WORKING WITH THE INSTITUTION</p></bud-heading><bud-data exprev="exp" tot="tot"/><nmc-chapter alias="1 0" id="AAAFA"><bud-heading><p>MEMBERS OF THE INSTITUTION</p></bud-heading><bud-data exprev="exp" tot="tot"/><nmc-article alias="1 0 0" id="AAAFG"><bud-heading><p lang="en">Remunerations and other rights</p></bud-heading><bud-data exprev="exp" tot="tot"/><nmc-item alias="1 0 0 0" id="AAAFM"><bud-heading><p lang="en">Remunerations and allowances</p></bud-heading><bud-data exprev="exp"><amounts><amount catpol="5.14" year="n"><figure>22 134 000</figure></amount><amount catpol="5.14" year="nm1"><figure>21 763 000</figure></amount><amount catpol="5.14" year="nm2"><figure>21 014 129,81</figure></amount></amounts><relations><relation type="traditional" value="1 0 0 0"/></relations></bud-data><bud-remarks><p lang="en">Regulation No 422/67/EEC, No 5/67/Euratom of the Council of 25 July 1967 determining the emoluments of the President and Members of the Commission, of the President, Judges, Advocates-General and Registrar of the Court of Justice, of the President, Members and Registrar of the Court of First Instance and of the President, Members and Registrar of the European Union Civil Service Tribunal (OJ 187, 8.8.1967, p. 1), and in particular Articles 3, 4, 4a, 11 and 14 thereof.</p><list type="dash"><int.li><p lang="en">This appropriation is intended to cover, for the Members of the institution:</p></int.li><item><p lang="en">basic salaries,</p></item><item><p lang="en">residence allowances,</p></item><item><p lang="en">family allowances, namely: the household allowance, the dependent child allowance and the education allowance, </p></item><item><p lang="en">the entertainment and service allowances,</p></item><item><p lang="en">the employer’s contribution (0,87 %) for insurance against accidents and occupational disease, the employer’s contribution (3,4 %) for sickness insurance,</p></item><item><p lang="en">birth grants,</p></item><item><p lang="en">the allowances provided for in the event of death of a Member of the institution,</p></item><item><p lang="en">the weightings applicable to basic salaries, residence allowances, family allowances and transfers abroad of part of the remuneration of Members of the institution (application, by analogy, of Article 17 of Annex VII to the Staff Regulations of officials of the European Communities).</p></item></list></bud-remarks></nmc-item><nmc-item alias="1 0 0 2" id="AAAFY"><bud-heading><p lang="en">Rights connected with entering the service, transfer and leaving the service</p></bud-heading><bud-data exprev="exp"><amounts><amount catpol="5.14" year="n"><figure>1 208 000</figure></amount><amount catpol="5.14" year="nm1"><figure>1 286 000</figure></amount><amount catpol="5.14" year="nm2"><figure>148 288,28</figure></amount></amounts><relations><relation type="traditional" value="1 0 0 2"/></relations></bud-data><bud-remarks><p lang="en">Regulation No 422/67/EEC, No 5/67/Euratom of the Council of 25 July 1967 determining the emoluments of the President and Members of the Commission, of the President, Judges, Advocates-General and Registrar of the Court of Justice, of the President, Members and Registrar of the Court of First Instance and of the President, Members and Registrar of the European Union Civil Service Tribunal (OJ 187, 8.8.1967, p. 1), and in particular Article 5 thereof.</p><list type="dash"><int.li><p lang="en">This appropriation is intended to cover:</p></int.li><item><p lang="en">the travel expenses of members of the institution (including family members) on entering the service or leaving the institutions,</p></item><item><p lang="en">the installation and resettlement allowances payable to Members of the institution on taking up or leaving their appointments, </p></item><item><p lang="en">the removal expenses payable to members of the institution on taking up or leaving their appointments.</p></item></list></bud-remarks></nmc-item></nmc-article><nmc-article alias="1 0 2" id="AAAGQ"><bud-heading><p>Temporary allowances</p></bud-heading><bud-data exprev="exp"><amounts><amount catpol="5.14" comp="true" year="n"><figure>1 579 000</figure></amount><amount catpol="5.14" comp="true" year="nm1"><figure>2 106 000</figure></amount><amount catpol="5.14" comp="true" year="nm2"><figure>1 838 469,56</figure></amount></amounts><relations><relation type="traditional" value="1 0 2"/></relations></bud-data><bud-remarks><p lang="en">Regulation No 422/67/EEC, No 5/67/Euratom of the Council of 25 July 1967 determining the emoluments of the President and Members of the Commission, of the President, Judges, Advocates-General and Registrar of the Court of Justice, of the President, Members and Registrar of the Court of First Instance and of the President, Members and Registrar of the European Union Civil Service Tribunal (OJ 187, 8.8.1967, p. 1), and in particular Article 7 thereof.</p><p lang="en">This appropriation is intended to cover temporary allowances, family allowances and weightings applicable for the country of residence of former Members of the institution.</p></bud-remarks></nmc-article><nmc-article alias="1 0 3" id="N61021554324-1"><bud-heading><p lang="en">Pensions</p></bud-heading><bud-data exprev="exp"><amounts><amount catpol="5.14" comp="true" year="n"><figure>6 381 000</figure></amount><amount catpol="5.14" comp="true" year="nm1"><figure>5 723 000</figure></amount><amount catpol="5.14" comp="true" year="nm2"><figure>
4 622 968,84</figure></amount></amounts><relations><relation type="traditional" value="1 0 4"/></relations></bud-data><bud-remarks><p lang="en">Regulation No 422/67/EEC, No 5/67/Euratom of the Council of 25 July 1967 determining the emoluments of the President and Members of the Commission, of the President, Judges, Advocates-General and Registrar of the Court of Justice, of the President, Members and Registrar of the Court of First Instance and of the President, Members and Registrar of the European Union Civil Service Tribunal (OJ 187, 8.8.1967, p. 1), and in particular Articles 8, 9, 15 and 18 thereof.</p><list type="dash"><int.li><p lang="en">This appropriation is intended to cover:</p></int.li><item><p lang="en">the retirement pensions of former Members of the institution together with the weighting applicable for their country of residence,</p></item><item><p lang="en">invalidity pensions,</p></item><item><p lang="en">survivors’ pensions for surviving spouses and/or orphans of former Members of the institution, together with the weightings applicable for their country of residence.</p></item></list></bud-remarks></nmc-article><nmc-article alias="1 0 4" id="AAAHU"><bud-heading><p lang="en">Missions</p></bud-heading><bud-data exprev="exp"><amounts><amount catpol="5.14" year="n"><figure>284 000</figure></amount><amount catpol="5.14" year="nm1"><figure>284 000</figure></amount><amount catpol="5.14" year="nm2"><figure>282 827,16</figure></amount></amounts><relations><relation type="traditional" value="1 0 4"/></relations></bud-data><bud-remarks><p lang="en">Regulation No 422/67/EEC, No 5/67/Euratom of the Council of 25 July 1967 determining the emoluments of the President and Members of the Commission, of the President, Judges, Advocates-General and Registrar of the Court of Justice, of the President, Members and Registrar of the Court of First Instance and of the President, Members and Registrar of the European Union Civil Service Tribunal (OJ 187, 8.8.1967, p. 1), and in particular Article 6 thereof.</p><p>This appropriation is intended to cover travel, daily subsistence allowances and ancillary or special costs incurred for missions.</p><p>The amount of assigned revenue in accordance with Article 18(1)(e) to (j) of the Financial Regulation is estimated at EUR 100.</p></bud-remarks></nmc-article><nmc-article alias="1 0 6" id="N61021555058-3"><bud-heading><p lang="en">Training</p></bud-heading><bud-data exprev="exp"><amounts><amount catpol="5.14" year="n"><figure>295 000</figure></amount><amount catpol="5.14" year="nm1"><figure>270 000</figure></amount><amount catpol="5.14" year="nm2"><figure>225 000,00</figure></amount></amounts><relations><relation type="traditional" value="1 1 5"/></relations></bud-data><bud-remarks><p lang="en">Appropriations under this article are intended to cover language or other training courses for Members of the institution.</p></bud-remarks></nmc-article><nmc-article alias="1 0 9" id="N61081038834-12"><bud-heading><p>Provisional appropriation</p></bud-heading><bud-data exprev="exp"><amounts><amount catpol="5.14" year="n"><figure>386 000</figure></amount><amount catpol="5.14" year="nm1"><figure>487 000</figure></amount><amount catpol="5.14" year="nm2"><figure>0,—</figure></amount></amounts><relations><relation type="traditional" value="1 0 9 1"/></relations></bud-data><bud-remarks><p lang="en">Council Regulation (EC, Euratom) No 1605/2002 of 25 June 2002 on the Financial Regulation applicable to the general budget of the European Communities (OJ L 248, 16.9.2002, p. 1).</p><p>This appropriation is intended to cover the effect of any adjustments in remuneration and pensions which may be made by the Council in the course of the financial year.</p><p lang="en">This appropriation is purely provisional and may be used only after its transfer to other headings in accordance with the Financial Regulation.</p></bud-remarks></nmc-article></nmc-chapter><nmc-chapter alias="1 2" id="N61081037163-0"><bud-heading><p lang="en">OFFICIALS AND TEMPORARY STAFF</p></bud-heading><bud-data exprev="exp" tot="tot"/><bud-remarks><p lang="en">A standard abatement of 2,5 % has been applied to the appropriations entered in this chapter.</p></bud-remarks><nmc-article alias="1 2 0" id="N61081037277-1"><bud-heading><p lang="en">Remunerations and other rights</p></bud-heading><bud-data exprev="exp" tot="tot"/><nmc-item alias="1 2 0 0" id="N61081142136-1"><bud-heading><p lang="en">Remunerations and allowances</p></bud-heading><bud-data exprev="exp"><amounts><amount catpol="5.14" year="n"><figure>190 363 000</figure></amount><amount catpol="5.14" year="nm1"><figure>180 544 520</figure></amount><amount catpol="5.14" year="nm2"><figure>169 047 549,83</figure></amount></amounts><relations><relation type="traditional" value="1 1 5"/></relations></bud-data><bud-remarks><p lang="en">Staff Regulations of Officials of the European Communities, and in particular Articles 62, 64, 65, 66, 67 and 68 thereof and Section I of Annex VII thereto, Article 69 thereof and Article 4 of Annex VII thereto, Article 18 of Annex XIII thereto, Articles 72 and 73 thereof and Article 15 of Annex VIII thereto, Articles 70, 74 and 75 thereof and Article 8 of Annex VII thereto, Article 34 thereof.</p><p lang="en">Conditions of employment of other servants of the European Communities, and in particular Articles 28a, 42, 47 and 48 thereof. </p><p lang="en">Rules on sickness insurance for officials of the European Communities, and in particular Article 23 thereof.</p><list type="dash"><int.li><p lang="en">This appropriation is intended to cover:</p></int.li><item><p lang="en">the basic salaries of permanent and temporary officials,</p></item><item><p lang="en">family allowances, comprising household allowances, dependent child allowances, education allowances, for permanent and temporary officials,</p></item><item><p lang="en">expatriation and foreign residence allowances for permanent and temporary officials,</p></item><item><p lang="en">secretarial allowances for officials in grade AST employed as shorthand typists, telex operators, typists, executive secretaries or principal secretaries,</p></item><item><p lang="en">the employer’s contribution to sickness insurance (3,4 % of basic salary); the employee’s contribution is 1,7 % of the basic salary,</p></item><item><p lang="en">the employer’s contribution to insurance against accidents and occupational diseases (0,87 % of the basic salary) and supplementary expenses resulting from the application of the Staff Regulations,</p></item><item><p lang="en">unemployment insurance for temporary staff,</p></item><item><p lang="en">payments to be made by the institution for the benefit of temporary staff in order to constitute or maintain pension rights for them in their country of origin,</p></item><item><p lang="en">birth grants and the payment on the death of an official of his or her full salary up to the end of the third month after death together with the cost of transporting the body to the deceased’s place of origin,</p></item><item><p lang="en">the payment of travel expenses for annual leave of officials (permanent or temporary), their spouses and their dependants, from their place of employment to their place of origin,</p></item><item><p lang="en">dismissal compensation for probationary officials dismissed for manifest unsuitability, allowance on termination of contract by the institution for temporary servants, reimbursement of pension contributions for former auxiliary staff appointed as temporary agents or as officials,</p></item><item><p lang="en">the impact of the weightings applicable to the remuneration of officials and auxiliary staff and to overtime,</p></item><item><p lang="en">accommodation and transport allowances,</p></item><item><p lang="en">fixed duty allowances,</p></item><item><p lang="en">fixed local travel allowances,</p></item><item><p lang="en">allowances for round-the-clock or shift duties or for standby duty at work and/or at home.</p></item></list></bud-remarks></nmc-item><nmc-item alias="1 2 0 2" id="N61081037380-4"><bud-heading><p lang="en">Paid overtime</p></bud-heading><bud-data exprev="exp"><amounts><amount catpol="5.14" year="n"><figure>724 000</figure></amount><amount catpol="5.14" year="nm1"><figure>731 000</figure></amount><amount catpol="5.14" year="nm2"><figure>671 376,39</figure></amount></amounts><relations><relation type="traditional" value="1 1 5"/></relations></bud-data><bud-remarks><p lang="en">Staff regulations of Officials of the European Communities, and in particular Article 56 thereof and Annex VI thereto.</p><p lang="en">This appropriation is intended to cover flat-rate allowances and hourly rates for overtime worked by officials and auxiliary staff and by local staff, which could not be compensated for, as envisaged, by time off.</p></bud-remarks></nmc-item><nmc-item alias="1 2 0 4" id="N61081142163-3"><bud-heading><p lang="en">Rights connected with entering the service, transfer and leaving the service</p></bud-heading><bud-data exprev="exp"><amounts><amount catpol="5.14" year="n"><figure>2 251 000</figure></amount><amount catpol="5.14" year="nm1"><figure>2 579 000</figure></amount><amount catpol="5.14" year="nm2"><figure>2 956 506,52</figure></amount></amounts><relations><relation type="traditional" value="1 1 5"/></relations></bud-data><bud-remarks><p lang="en">Staff Regulations of Officials of the European Communities, and in particular Articles 20 and 71 thereof and Articles 5, 6, 7, 9 and 10 of Annex VII thereto.</p><list type="dash"><int.li><p lang="en">This appropriation is intended to cover:</p></int.li><item><p lang="en">the travel expenses for staff (and their families) on taking up or leaving the service of the institution,</p></item><item><p lang="en">installation and re-installation expenses for staff obliged to move after entering the service and resettle on leaving it,</p></item><item><p lang="en">removal expenses incurred by staff obliged to move after entering the service and by staff who resettle on leaving it,</p></item><item><p lang="en">daily subsistence allowances of staff who show that they have been obliged to move after entering the service.</p></item></list></bud-remarks></nmc-item></nmc-article><nmc-article alias="1 2 2" id="N61081142184-5"><bud-heading><p lang="en">Allowances on early termination of service</p></bud-heading><bud-data exprev="exp" tot="tot"/><nmc-item alias="1 2 2 0" id="N70811349917-26"><bud-heading><p lang="en">Allowances for staff retired in the interests of the service (Articles 41 and 50 of the Staff Regulations)</p></bud-heading><bud-data exprev="exp"><amounts><amount year="n"><figure>p.m.</figure></amount><amount year="nm1"><figure>p.m.</figure></amount><amount year="nm2"><figure>0,—</figure></amount></amounts></bud-data><bud-remarks><p lang="en">Staff Regulations of Officials of the European Communities, and in particular Articles 41, 50 and 72 thereof, and Annex IV thereto.</p><p lang="en">This appropriation is intended to cover allowances to officials assigned non-active status following a reduction in the number of posts in the institution, or to officials holding a post in Grades AD 16, AD 15 or AD 14 who are retired in the interests of the service.</p></bud-remarks></nmc-item><nmc-item alias="1 2 2 2" id="N70811349963-27"><bud-heading><p lang="en">Allowances for staff whose service is terminated and special retirement scheme for officials and temporary staff</p></bud-heading><bud-data exprev="exp"><amounts><amount year="n"><figure>p.m.</figure></amount><amount year="nm1"><figure>p.m.</figure></amount><amount year="nm2"><figure>0,—</figure></amount></amounts></bud-data><bud-remarks><p lang="en">Staff Regulations of Officials of the European Communities, and in particular Articles 64 and 72 thereof.</p><p lang="en">Council Regulation (ECSC, EEC, Euratom) No 3518/85 of 12 December 1985 introducing special measures to terminate the service of officials of the European Communities as a result of the accession of Spain and Portugal (OJ L 335, 13.12.1985, p. 56).</p><list type="dash"><int.li><p lang="en">This appropriation is intended to cover:</p></int.li><item><p lang="en">the allowances payable to officials whose service is terminated in the interests of the service, so as to take account of needs arising as a result of the accession of new Member States to the European Communities,</p></item><item><p lang="en">the allowances to paid in accordance with the Staff Regulations or other Regulations,</p></item><item><p lang="en">the employer’s contribution towards sickness insurance for recipients of allowances,</p></item><item><p lang="en">the effect of weightings applicable to various allowances.</p></item></list></bud-remarks></nmc-item></nmc-article><nmc-article alias="1 2 9" id="N61081038258-3"><bud-heading><p>Provisional appropriation</p></bud-heading><bud-data exprev="exp"><amounts><amount catpol="5.14" year="n"><figure>2 380 000</figure></amount><amount catpol="5.14" year="nm1"><figure>2 898 000</figure></amount><amount catpol="5.14" year="nm2"><figure>0,—</figure></amount></amounts><relations><relation type="traditional" value="1 1 9 1"/></relations></bud-data><bud-remarks><p lang="en">Staff Regulations of Officials of the European Communities, and in particular Article 65 thereof.</p><p lang="en">Council Regulation (EC, Euratom) No 1605/2002 of 25 June 2002 on the Financial Regulation applicable to the general budget of the European Communities (OJ L 248, 16.9.2002, p. 1).</p><p lang="en">This appropriation is intended to cover any adjustments to remunerations and allowances which may be made by the Council in the course of the financial year.</p><p lang="en">This appropriation is purely provisional and may be used only after its transfer to other headings in accordance with the Financial Regulation.</p></bud-remarks></nmc-article></nmc-chapter><nmc-chapter alias="1 4" id="N61081038344-4"><bud-heading><p lang="en">OTHER STAFF AND EXTERNAL SERVICES</p></bud-heading><bud-data exprev="exp" tot="tot"/><nmc-article alias="1 4 0" id="N61081038366-5"><bud-heading><p lang="en">Other staff and external persons</p></bud-heading><bud-data exprev="exp" tot="tot"/><nmc-item alias="1 4 0 0" id="N61081142219-7"><bud-heading><p lang="en">Other staff</p></bud-heading><bud-data exprev="exp"><amounts><amount catpol="5.14" year="n"><figure>4 584 000</figure></amount><amount catpol="5.14" year="nm1"><figure>3 951 000</figure></amount><amount catpol="5.14" year="nm2"><figure>3 605 210,51</figure></amount></amounts><relations><relation type="traditional" value="1 8 9 5"/></relations></bud-data><bud-remarks><p lang="en">Conditions of employment of other servants of the European Communities, and in particular Article 3 and Titles III and IV thereof, Article 4 and Title V thereof, Article 5 and Title VI thereof.</p><list type="dash"><int.li><p lang="en">This appropriation is intended to cover:</p></int.li><item><p lang="en">the remuneration and the employer’s contribution to the social security scheme of auxiliary staff, of auxiliary interpreters, of local staff, of auxiliary translators,</p></item><item><p lang="en">the fees and expenses of the special advisers, including the fees of the medical officer,</p></item><item><p lang="en">expenditure incurred in having recourse to contract agents.</p></item></list></bud-remarks></nmc-item><nmc-item alias="1 4 0 4" id="N61081142252-9"><bud-heading><p lang="en">In-service training and staff exchanges</p></bud-heading><bud-data exprev="exp"><amounts><amount catpol="5.14" year="n"><figure>675 000</figure></amount><amount catpol="5.14" year="nm1"><figure>675 000</figure></amount><amount catpol="5.14" year="nm2"><figure>483 251,32</figure></amount></amounts><relations><relation type="traditional" value="1 8 9 5"/></relations></bud-data><bud-remarks><list type="dash"><int.li><p lang="en">This appropriation is intended to cover:</p></int.li><item><p lang="en">expenditure incurred relating to secondment to the services of the Court of Justice of the European Union of officials of Member States or of other national experts,</p></item><item><p lang="en">grants to students participating in in-service training in the services of the institution.</p></item></list></bud-remarks></nmc-item><nmc-item alias="1 4 0 5" id="N61081038523-9"><bud-heading><p lang="en">Other external services</p></bud-heading><bud-data exprev="exp"><amounts><amount catpol="5.14" year="n"><figure>456 000</figure></amount><amount catpol="5.14" year="nm1"><figure>417 000</figure></amount><amount catpol="5.14" year="nm2"><figure>397 196,27</figure></amount></amounts><relations><relation type="traditional" value="1 8 9 5"/></relations></bud-data><bud-remarks><p>This appropriation is intended to cover expenses of agency staff where such work cannot be performed by the institution's staff.</p></bud-remarks></nmc-item><nmc-item alias="1 4 0 6" id="N61081142898-1"><bud-heading><p lang="en">External services in the linguistic field</p></bud-heading><bud-data exprev="exp"><amounts><amount catpol="5.14" year="n"><figure>9 288 300</figure><reserve><figure>485 700</figure><alias>10 0</alias><total><figure>9 774 000</figure></total></reserve></amount><amount catpol="5.14" year="nm1"><figure>9 491 300</figure></amount><amount catpol="5.14" year="nm2"><figure>9 478 522,06</figure></amount></amounts><relations><relation type="traditional" value="1 8 9 5"/></relations></bud-data><bud-remarks><list type="dash"><int.li><p lang="en">This appropriation is intended to cover:</p></int.li><item><p lang="en">expenditure related to actions decided on by the Interinstitutional Committee on Translation and Interpretation with a view to promoting interinstitutional cooperation in the sphere of languages,</p></item><item><p lang="en">payment for freelance interpreters from the Joint Interpreting and Conference Service,</p></item><item><p lang="en">payment for conference interpreter agents,</p></item><item><p lang="en">payment for the services of contractual and ad hoc conference staff,</p></item><item><p lang="en">supplementary services in connection with proofreading, in particular fees and insurance, travel, subsistence and mission costs for freelance proofreaders and ancillary administrative costs,</p></item><item><p lang="en">expenditure for independent or agency translators or typing and other work done outside the institution for the translation department.</p></item></list></bud-remarks></nmc-item></nmc-article><nmc-article alias="1 4 9" id="N70811350016-29"><bud-heading><p>Provisional appropriation</p></bud-heading><bud-data exprev="exp"><amounts><amount catpol="5.14" year="n"><figure>61 000</figure></amount><amount catpol="5.14" year="nm1"><figure>68 000</figure></amount><amount catpol="5.14" year="nm2"><figure>0,—</figure></amount></amounts><relations><relation type="traditional" value="1 1 9 1"/></relations></bud-data><bud-remarks><p lang="en">Staff Regulations of Officials of the European Communities, and in particular Articles 65 and 65a thereof, and Annex XI thereto.</p><p lang="en">Council Regulation (EC, Euratom) No 1605/2002 of 25 June 2002 on the Financial Regulation applicable to the general budget of the European Communities (OJ L 248, 16.9.2002, p. 1).</p><p lang="en">This appropriation is intended to cover the cost of any adjustment to remuneration approved by the Council during the financial year.</p><p lang="en">It is purely provisional and may be used only after its transfer to other articles or items of this chapter in accordance with the Financial Regulation.</p></bud-remarks></nmc-article></nmc-chapter><nmc-chapter alias="1 6" id="N61171658523-6"><bud-heading><p lang="en">OTHER EXPENDITURE RELATING TO PERSONS WORKING WITH THE INSTITUTION</p></bud-heading><bud-data exprev="exp" tot="tot"/><nmc-article alias="1 6 1" id="N61171658578-15"><bud-heading><p lang="en">Expenditure connected with staff management </p></bud-heading><bud-data exprev="exp" tot="tot"/><nmc-item alias="1 6 1 0" id="N61171658578-16"><bud-heading><p>Miscellaneous expenditure for staff recruitment</p></bud-heading><bud-data exprev="exp"><amounts><amount catpol="5.14" year="n"><figure>220 000</figure></amount><amount catpol="5.14" year="nm1"><figure>220 000</figure></amount><amount catpol="5.14" year="nm2"><figure>186 355,95</figure></amount></amounts><relations><relation type="traditional" value="1 8 8"/></relations></bud-data><bud-remarks><p lang="en">This appropriation is intended to cover the costs of advertising, inviting candidates and hiring rooms and equipment for the organisation of open competitions on an interinstitutional basis. In cases duly justified by functional needs and after consultation with the European Personnel Selection Office, some of these appropriations may be used for the organisation of competitions by the institution itself.</p><p>The amount of assigned revenue in accordance with Article 18(1)(e) to (j) of the Financial Regulation is estimated at EUR 100.</p></bud-remarks></nmc-item><nmc-item alias="1 6 1 2" id="N61171658578-17"><bud-heading><p lang="en">Further training</p></bud-heading><bud-data exprev="exp"><amounts><amount catpol="5.14" year="n"><figure>1 664 000</figure></amount><amount catpol="5.14" year="nm1"><figure>1 604 000</figure></amount><amount catpol="5.14" year="nm2"><figure>1 541 158,20</figure></amount></amounts><relations><relation type="traditional" value="1 8 2 0"/></relations></bud-data><bud-remarks><p lang="en">Staff Regulations of Officials of the European Communities, and in particular Article 24a thereof.</p><p>This appropriation is intended to cover further professional training and retraining courses, including language courses, run on an interinstitutional basis.</p><p>It also covers expenditure on educational and technical equipment.</p><p>The amount of assigned revenue in accordance with Article 18(1)(e) to (j) of the Financial Regulation is estimated at EUR 100.</p></bud-remarks></nmc-item></nmc-article><nmc-article alias="1 6 2" id="N61171658590-19"><bud-heading><p lang="en">Missions</p></bud-heading><bud-data exprev="exp"><amounts><amount catpol="5.14" year="n"><figure>323 000</figure></amount><amount catpol="5.14" year="nm1"><figure>308 000</figure></amount><amount catpol="5.14" year="nm2"><figure>281 820,00</figure></amount></amounts><relations><relation type="traditional" value="1 3 0"/></relations></bud-data><bud-remarks><p lang="en">Staff Regulations of Officials of the European Communities, and in particular Articles 11 to 13 of Annex VII thereto.</p><p>This appropriation is intended to cover transport costs, payment of daily subsistence allowances on mission and ancillary or special costs connected with missions.</p><p>The amount of assigned revenue in accordance with Article 18(1)(e) to (j) of the Financial Regulation is estimated at EUR 100.</p></bud-remarks></nmc-article><nmc-article alias="1 6 3" id="N61171658603-25"><bud-heading><p lang="en">Expenditure on staff of the institution</p></bud-heading><bud-data exprev="exp" tot="tot"/><nmc-item alias="1 6 3 0" id="N61171658603-26"><bud-heading><p lang="en">Social welfare</p></bud-heading><bud-data exprev="exp"><amounts><amount catpol="5.14" year="n"><figure>43 000</figure></amount><amount catpol="5.14" year="nm1"><figure>17 000</figure></amount><amount catpol="5.14" year="nm2"><figure>11 895,00</figure></amount></amounts><relations><relation type="traditional" value="1 6 0"/></relations></bud-data><bud-remarks><p lang="en">Staff Regulations of Officials of the European Communities, and in particular Article 76 thereof.</p><p>This appropriation is intended to cover assistance to be given to staff in particularly difficult circumstances.</p><list type="dash"><int.li><p lang="en">This appropriation is also intended for the following categories of persons as part of a policy to assist people with disabilities:</p></int.li><item><p>officials and temporary staff in active employment,</p></item><item><p>spouses of officials and temporary staff in active employment,</p></item><item><p lang="en">all dependent children within the meaning of the Staff Regulations of Officials of the European Communities.</p></item></list><p lang="en">
It covers reimbursement, to the extent permitted by the budget and after national entitlements in the country of residence or the country of origin have been exhausted, of expenses (other than medical expenses) recognised as necessary, resulting from the disability and supported by documentary evidence.</p></bud-remarks></nmc-item><nmc-item alias="1 6 3 2" id="N61171658603-27"><bud-heading><p lang="en">Social contacts between members of staff and other welfare expenditure</p></bud-heading><bud-data exprev="exp"><amounts><amount catpol="5.14" year="n"><figure>197 000</figure></amount><amount catpol="5.14" year="nm1"><figure>190 000</figure></amount><amount catpol="5.14" year="nm2"><figure>131 394,00</figure></amount></amounts><relations><relation type="traditional" value="1 6 4"/></relations></bud-data><bud-remarks><list type="dash"><int.li><p lang="en">This appropriation is intended to:</p></int.li><item><p lang="en">give financial encouragement and support to any project aimed at encouraging social contacts between staff of different nationalities, such as subsidies to staff clubs, cultural associations and sports associations,</p></item><item><p lang="en">to cover other assistance and subsidies for staff and their families.</p></item></list></bud-remarks></nmc-item></nmc-article><nmc-article alias="1 6 5" id="N61171658614-34"><bud-heading><p lang="en">Activities concerning all persons working with the institution</p></bud-heading><bud-data exprev="exp" tot="tot"/><nmc-item alias="1 6 5 0" id="N61171658614-35"><bud-heading><p lang="en">Medical service</p></bud-heading><bud-data exprev="exp"><amounts><amount catpol="5.14" year="n"><figure>184 000</figure></amount><amount catpol="5.14" year="nm1"><figure>225 000</figure></amount><amount catpol="5.14" year="nm2"><figure>157 376,18</figure></amount></amounts><relations><relation type="traditional" value="1 8 4 0"/></relations></bud-data><bud-remarks><p lang="en">Staff Regulations of Officials of the European Communities, and in particular Article 59 thereof and Article 8 of Annex II thereto.</p><p lang="en">This appropriation is intended to cover the expenses of the annual medical examination of all officials, including tests and further medical examinations requested in connection therewith, together with the operating costs of the medical centre.</p></bud-remarks></nmc-item><nmc-item alias="1 6 5 2" id="N61171658614-36"><bud-heading><p lang="en">Restaurants and canteens</p></bud-heading><bud-data exprev="exp"><amounts><amount catpol="5.14" year="n"><figure>77 000</figure></amount><amount catpol="5.14" year="nm1"><figure>75 000</figure></amount><amount catpol="5.14" year="nm2"><figure>80 571,63</figure></amount></amounts><relations><relation type="traditional" value="1 8 4 0"/></relations></bud-data><bud-remarks><p>This appropriation is intended to cover the acquisition and maintenance of equipment in the restaurant and cafeteria, together with part of their operating costs.</p><p lang="en">It also covers the alteration and renewal costs for restaurant and canteen equipment.</p></bud-remarks></nmc-item><nmc-item alias="1 6 5 4" id="N61171658614-37"><bud-heading><p lang="en">Early childhood centre</p></bud-heading><bud-data exprev="exp"><amounts><amount catpol="5.14" year="n"><figure>2 271 000</figure></amount><amount catpol="5.14" year="nm1"><figure>2 071 000</figure></amount><amount catpol="5.14" year="nm2"><figure>1 494 400,00</figure></amount></amounts><relations><relation type="traditional" value="1 8 0 2"/></relations></bud-data><bud-remarks><p lang="en">This appropriation is intended to cover the Court’s contribution to the Early Childhood Centre and study centre in Luxembourg.</p></bud-remarks></nmc-item></nmc-article></nmc-chapter></nmc-title><nmc-title alias="2" id="AABCI"><bud-heading><p lang="en">BUILDINGS, FURNITURE, EQUIPMENT AND MISCELLANEOUS OPERATING EXPENDITURE</p></bud-heading><bud-data exprev="exp" tot="tot"/><nmc-chapter alias="2 0" id="AABCO"><bud-heading><p lang="en">BUILDINGS AND ASSOCIATED COSTS</p></bud-heading><bud-data exprev="exp" tot="tot"/><nmc-article alias="2 0 0" id="AABCU"><bud-heading><p lang="en">Buildings</p></bud-heading><bud-data exprev="exp" tot="tot"/><nmc-item alias="2 0 0 0" id="AABDA"><bud-heading><p>Rent</p></bud-heading><bud-data exprev="exp"><amounts><amount catpol="5.14" year="n"><figure>11 417 000</figure></amount><amount catpol="5.14" year="nm1"><figure>10 800 000</figure></amount><amount catpol="5.14" year="nm2"><figure>11 182 459,77</figure></amount></amounts><relations><relation type="traditional" value="2 0 0 0"/></relations></bud-data><bud-remarks><p>This appropriation is intended to cover rent for the premises occupied by the institution.</p><p>The amount of assigned revenue in accordance with Article 18(1)(e) to (j) of the Financial Regulation is estimated at EUR 100.</p></bud-remarks></nmc-item><nmc-item alias="2 0 0 1" id="AABDG"><bud-heading><p lang="en">Lease/purchase</p></bud-heading><bud-data exprev="exp"><amounts><amount catpol="5.14" year="n"><figure>32 301 000</figure></amount><amount catpol="5.14" year="nm1"><figure>29 395 000</figure></amount><amount catpol="5.14" year="nm2"><figure>21 116 349,00</figure></amount></amounts><relations><relation type="traditional" value="2 0 0 1"/></relations></bud-data><bud-remarks><p lang="en">This appropriation is intended to cover payments in respect of buildings under lease/purchase contracts.</p><p>The amount of assigned revenue in accordance with Article 18(1)(e) to (j) of the Financial Regulation is estimated at EUR 100.</p></bud-remarks></nmc-item><nmc-item alias="2 0 0 3" id="N61081142970-3"><bud-heading><p lang="en">Acquisition of immovable property</p></bud-heading><bud-data exprev="exp"><amounts><amount catpol="5.14" year="n"><figure>p.m.</figure></amount><amount catpol="5.14" year="nm1"><figure>p.m.</figure></amount><amount catpol="5.14" year="nm2"><figure>0,—</figure></amount></amounts><relations><relation type="traditional" value="2 0 0 1"/></relations></bud-data></nmc-item><nmc-item alias="2 0 0 5" id="N70811350062-31"><bud-heading><p lang="en">Construction of buildings</p></bud-heading><bud-data exprev="exp"><amounts><amount catpol="5.14" year="n"><figure>p.m.</figure></amount><amount catpol="5.14" year="nm1"><figure>p.m.</figure></amount><amount catpol="5.14" year="nm2"><figure>0,—</figure></amount></amounts><relations><relation type="traditional" value="2 0 0 1"/></relations></bud-data><bud-remarks><p lang="en">This item is intended for any entry of appropriations for the construction of buildings.</p></bud-remarks></nmc-item><nmc-item alias="2 0 0 7" id="N61081142989-5"><bud-heading><p>Fitting-out of premises</p></bud-heading><bud-data exprev="exp"><amounts><amount catpol="5.14" year="n"><figure>316 000</figure></amount><amount catpol="5.14" year="nm1"><figure>150 000</figure></amount><amount catpol="5.14" year="nm2"><figure>686 904,64</figure></amount></amounts><relations><relation type="traditional" value="2 0 4"/></relations></bud-data><bud-remarks><list type="dash"><int.li><p lang="en">This appropriation is intended to cover:</p></int.li><item><p lang="en">various kinds of fitting-out work, including in particular the installation of partitions, curtains, cables, painting, wall coverings, floor coverings, suspended ceilings and the related technical installations,</p></item><item><p lang="en">expenditure relating to work resulting from studies and assistance.</p></item></list></bud-remarks></nmc-item><nmc-item alias="2 0 0 8" id="N61081143025-7"><bud-heading><p lang="en">Studies and technical assistance in connection with building projects</p></bud-heading><bud-data exprev="exp"><amounts><amount catpol="5.14" year="n"><figure>702 000</figure></amount><amount catpol="5.14" year="nm1"><figure>1 070 000</figure></amount><amount catpol="5.14" year="nm2"><figure>1 139 795,10</figure></amount></amounts><relations><relation type="traditional" value="2 0 4"/></relations></bud-data><bud-remarks><p lang="en">This appropriation is intended to cover the expenditure relating to studies and technical assistance in connection with large-scale building projects.</p></bud-remarks></nmc-item></nmc-article><nmc-article alias="2 0 2" id="N61081243603-0"><bud-heading><p lang="en">Buildings-related costs</p></bud-heading><bud-data exprev="exp" tot="tot"/><nmc-item alias="2 0 2 2" id="N61081243688-4"><bud-heading><p>Cleaning and maintenance</p></bud-heading><bud-data exprev="exp"><amounts><amount catpol="5.14" year="n"><figure>6 050 000</figure></amount><amount catpol="5.14" year="nm1"><figure>5 620 000</figure></amount><amount catpol="5.14" year="nm2"><figure>4 763 920,29</figure></amount></amounts><relations><relation type="traditional" value="2 0 3"/></relations></bud-data><bud-remarks><p>This appropriation is intended to cover maintenance and cleaning costs, in accordance with the current contracts, relating to the premises and technical installations together with expenditure on the work and equipment necessary for the general maintenance (repainting, repairs, etc.) of the buildings occupied by the institution.</p><p lang="en">Before renewing or concluding contracts, the institution will consult the other institutions on the terms each of them has obtained (price, currency chosen, indexing, duration, other clauses), with due regard to Article 63 of the Financial Regulation.</p><p lang="en">The amount of assigned revenue in accordance with Article 18(1)(e) to (j) of the Financial Regulation is estimated at EUR 93 000.</p></bud-remarks></nmc-item><nmc-item alias="2 0 2 4" id="N61081243732-6"><bud-heading><p lang="en">Consumption of energy</p></bud-heading><bud-data exprev="exp"><amounts><amount catpol="5.14" year="n"><figure>3 065 000</figure></amount><amount catpol="5.14" year="nm1"><figure>3 100 000</figure></amount><amount catpol="5.14" year="nm2"><figure>2 453 775,53</figure></amount></amounts><relations><relation type="traditional" value="2 0 2"/></relations></bud-data><bud-remarks><p>This appropriation is intended to cover consumption of water, gas, electricity and heating fuel.</p><p lang="en">The amount of assigned revenue in accordance with Article 18(1)(e) to (j) of the Financial Regulation is estimated at EUR 40 000.</p></bud-remarks></nmc-item><nmc-item alias="2 0 2 6" id="N61081243765-8"><bud-heading><p>Security and surveillance of buildings</p></bud-heading><bud-data exprev="exp"><amounts><amount catpol="5.14" year="n"><figure>4 804 000</figure></amount><amount catpol="5.14" year="nm1"><figure>4 686 500</figure></amount><amount catpol="5.14" year="nm2"><figure>3 114 825,00</figure></amount></amounts><relations><relation type="traditional" value="2 0 5"/></relations></bud-data><bud-remarks><p>This appropriation is intended to cover security costs for the buildings occupied by the institution.</p><p lang="en">Before renewing or concluding contracts, the institution will consult the other institutions on the terms each of them has obtained (price, currency chosen, indexing, duration, other clauses), with due regard to Article 63 of the Financial Regulation.</p><p lang="en">The amount of assigned revenue in accordance with Article 18(1)(e) to (j) of the Financial Regulation is estimated at EUR 22 000.</p></bud-remarks></nmc-item><nmc-item alias="2 0 2 8" id="N61081243788-10"><bud-heading><p>Insurance</p></bud-heading><bud-data exprev="exp"><amounts><amount catpol="5.14" year="n"><figure>81 000</figure></amount><amount catpol="5.14" year="nm1"><figure>63 000</figure></amount><amount catpol="5.14" year="nm2"><figure>57 681,90</figure></amount></amounts><relations><relation type="traditional" value="2 0 1"/></relations></bud-data><bud-remarks><p>This appropriation is intended to cover insurance premiums payable under the insurance policies taken out for the premises occupied by the institution.</p><p lang="en">The amount of assigned revenue in accordance with Article 18(1)(e) to (j) of the Financial Regulation is estimated at EUR 1 000.</p></bud-remarks></nmc-item><nmc-item alias="2 0 2 9" id="N61081243812-12"><bud-heading><p lang="en">Other expenditure on buildings</p></bud-heading><bud-data exprev="exp"><amounts><amount catpol="5.14" year="n"><figure>307 000</figure></amount><amount catpol="5.14" year="nm1"><figure>230 000</figure></amount><amount catpol="5.14" year="nm2"><figure>221 430,00</figure></amount></amounts><relations><relation type="traditional" value="2 0 9"/></relations></bud-data><bud-remarks><p>This appropriation is intended to cover other running costs not specially provided for in other articles of this chapter, in particular road charges, sanitation, refuse collection, road signs, etc.</p><p lang="en">The amount of assigned revenue in accordance with Article 18(1)(e) to (j) of the Financial Regulation is estimated at EUR 95 000.</p></bud-remarks></nmc-item></nmc-article></nmc-chapter><nmc-chapter alias="2 1" id="N61081450948-0"><bud-heading><p lang="en">DATA PROCESSING, EQUIPMENT AND MOVABLE PROPERTY: PURCHASE, HIRE AND SERVICING</p></bud-heading><bud-data exprev="exp" tot="tot"/><nmc-article alias="2 1 0" id="N61081450982-1"><bud-heading><p lang="en">Equipment, operating costs and data-processing and telecommunications services</p></bud-heading><bud-data exprev="exp" tot="tot"/><nmc-item alias="2 1 0 0" id="N61081450999-3"><bud-heading><p lang="en">Purchase, servicing and maintenance of equipment and software</p></bud-heading><bud-data exprev="exp"><amounts><amount catpol="5.14" year="n"><figure>3 532 000</figure></amount><amount catpol="5.14" year="nm1"><figure>3 519 338</figure></amount><amount catpol="5.14" year="nm2"><figure>5 755 927,11</figure></amount></amounts><relations><relation type="traditional" value="2 1 0 0 "/></relations></bud-data><bud-remarks><p lang="en">This appropriation is intended to cover the acquisition, replacement, hire, repair and maintenance of all equipment and installations connected with data-processing, electronic office systems and telephony (including fax machines video-conference and multimedia equipment), and also interpreting equipment and facilities, such as booths, headsets, switching units for simultaneous interpreting facilities.</p></bud-remarks></nmc-item><nmc-item alias="2 1 0 2" id="N61081451028-5"><bud-heading><p lang="en">External services for operation, creation and servicing of software and systems</p></bud-heading><bud-data exprev="exp"><amounts><amount catpol="5.14" year="n"><figure>8 510 000</figure></amount><amount catpol="5.14" year="nm1"><figure>8 213 275</figure></amount><amount catpol="5.14" year="nm2"><figure>8 014 621,75</figure></amount></amounts><relations><relation type="traditional" value="2 1 1"/></relations></bud-data><bud-remarks><p>This appropriation is intended to cover computer analysis and programming.</p></bud-remarks></nmc-item><nmc-item alias="2 1 0 3" id="N61081451057-7"><bud-heading><p>Telecommunications</p></bud-heading><bud-data exprev="exp"><amounts><amount catpol="5.14" year="n"><figure>1 068 000</figure></amount><amount catpol="5.14" year="nm1"><figure>1 062 000</figure></amount><amount catpol="5.14" year="nm2"><figure>969 491,61</figure></amount></amounts><relations><relation type="traditional" value="2 4 1"/></relations></bud-data><bud-remarks><p lang="en">This appropriation is intended to cover all expenditure in connection with telecommunications, such as subscriptions and communication costs (fixed and mobile).</p><p>It also covers expenditure related to data-transmission networks.</p><p lang="en">The amount of assigned revenue in accordance with Article 18(1)(e) to (j) of the Financial Regulation is estimated at EUR 150 000.</p></bud-remarks></nmc-item></nmc-article><nmc-article alias="2 1 2" id="N61081451150-17"><bud-heading><p lang="en">Furniture</p></bud-heading><bud-data exprev="exp"><amounts><amount catpol="5.14" year="n"><figure>653 000</figure></amount><amount catpol="5.14" year="nm1"><figure>653 000</figure></amount><amount catpol="5.14" year="nm2"><figure>3 547 104,50</figure></amount></amounts><relations><relation type="traditional" value="2 1 0"/></relations></bud-data><bud-remarks><list type="dash"><int.li><p lang="en">This appropriation is intended to cover:</p></int.li><item><p lang="en">the purchase of extra furniture,</p></item><item><p lang="en">the replacement of the renewal of some of the furniture which is at least 15 years old and of the furniture which is not repairable,</p></item><item><p lang="en">hire of furniture,</p></item><item><p lang="en">furniture maintenance and repair.</p></item></list></bud-remarks></nmc-article><nmc-article alias="2 1 4" id="N61081451180-19"><bud-heading><p lang="en">Technical equipment and installations</p></bud-heading><bud-data exprev="exp"><amounts><amount catpol="5.14" year="n"><figure>475 000</figure></amount><amount catpol="5.14" year="nm1"><figure>
545 000</figure></amount><amount catpol="5.14" year="nm2"><figure>581 051,59</figure></amount></amounts><relations><relation type="traditional" value="2 1 0"/></relations></bud-data><bud-remarks><list type="dash"><int.li><p lang="en">This appropriation is intended to cover:</p></int.li><item><p lang="en">the purchase of technical equipment,</p></item><item><p lang="en">expenditure on replacement of technical equipment, in particular of audiovisual, archive and library equipment and various tools for maintenance shops for buildings, and reproduction, dissemination and mailing equipment,</p></item><item><p lang="en">hire of technical equipment and installations,</p></item><item><p lang="en">maintenance and repair of the equipment referred to in this article.</p></item></list></bud-remarks></nmc-article><nmc-article alias="2 1 6" id="N61081451213-21"><bud-heading><p lang="en">Vehicles</p></bud-heading><bud-data exprev="exp"><amounts><amount catpol="5.14" year="n"><figure>1 405 000</figure></amount><amount catpol="5.14" year="nm1"><figure>1 340 500</figure></amount><amount catpol="5.14" year="nm2"><figure>1 244 315,49</figure></amount></amounts><relations><relation type="traditional" value="2 1 0"/></relations></bud-data><bud-remarks><list type="dash"><int.li><p lang="en">This appropriation is intended to cover:</p></int.li><item><p lang="en">the acquisition of vehicles,</p></item><item><p lang="en">the replacement of vehicles which have the most mileage in excess of 120 000 kilometres,</p></item><item><p lang="en">the cost of renting and operating hired vehicles,</p></item><item><p lang="en">expenditure on maintenance, repair, garaging, parking fees, motorway charges and insurance for the service fleet.</p></item></list><p lang="en">The amount of assigned revenue in accordance with Article 18(1)(e) to (j) of the Financial Regulation is estimated at EUR 22 000.</p></bud-remarks></nmc-article></nmc-chapter><nmc-chapter alias="2 3" id="N61081451307-22"><bud-heading><p lang="en">CURRENT ADMINISTRATIVE EXPENDITURE</p></bud-heading><bud-data exprev="exp" tot="tot"/><bud-remarks/><nmc-article alias="2 3 0" id="N61081451327-24"><bud-heading><p lang="en">Stationery, office supplies and various consumables</p></bud-heading><bud-data exprev="exp"><amounts><amount catpol="5.14" year="n"><figure>1 011 000</figure></amount><amount catpol="5.14" year="nm1"><figure>1 224 000</figure></amount><amount catpol="5.14" year="nm2"><figure>1 162 610,78</figure></amount></amounts><relations><relation type="traditional" value="2 1 0"/></relations></bud-data><bud-remarks><list type="dash"><int.li><p lang="en">This appropriation is intended to cover purchase of the following papers and supplies:</p></int.li><item><p lang="en">xerox, photocopy and invoice paper,</p></item><item><p lang="en">paper and office supplies,</p></item><item><p lang="en">duplicating equipment supplies,</p></item><item><p lang="en">supplies for the general circulation of information and for mailing,</p></item><item><p lang="en">sound-recording supplies,</p></item><item><p lang="en">printed matter and forms,</p></item><item><p lang="en">computer and electronic office equipment supplies,</p></item><item><p lang="en">other supplies and material not recorded in the inventory.</p></item></list></bud-remarks></nmc-article><nmc-article alias="2 3 1" id="N61081451376-26"><bud-heading><p lang="en">Financial charges</p></bud-heading><bud-data exprev="exp"><amounts><amount catpol="5.14" year="n"><figure>36 000</figure></amount><amount catpol="5.14" year="nm1"><figure>36 000</figure></amount><amount catpol="5.14" year="nm2"><figure>25 339,25</figure></amount></amounts><relations><relation type="traditional" value="2 3 2 0"/></relations></bud-data><bud-remarks><p lang="en">This appropriation is intended to cover banking costs (commission, agios, various charges) and other financial costs.</p><p>Bank interest accruing to the institution is listed under revenue.</p></bud-remarks></nmc-article><nmc-article alias="2 3 2" id="N61081451405-28"><bud-heading><p lang="en">Legal expenses and damages</p></bud-heading><bud-data exprev="exp"><amounts><amount catpol="5.14" comp="true" year="n"><figure>16 000</figure></amount><amount catpol="5.14" comp="true" year="nm1"><figure>16 000</figure></amount><amount catpol="5.14" comp="true" year="nm2"><figure>0,—</figure></amount></amounts><relations><relation type="traditional" value="2 3 3"/></relations></bud-data><bud-remarks><p lang="en">This appropriation is intended to cover, inter alia, the fees of lawyers assisting staff of the institution in litigation between the administration and officials or other members of staff, and damages.</p><p>The amount of assigned revenue in accordance with Article 18(1)(e) to (j) of the Financial Regulation is estimated at EUR 100.</p></bud-remarks></nmc-article><nmc-article alias="2 3 6" id="N61081451427-30"><bud-heading><p lang="en">Postal charges</p></bud-heading><bud-data exprev="exp"><amounts><amount catpol="5.14" year="n"><figure>621 000</figure></amount><amount catpol="5.14" year="nm1"><figure>606 500</figure></amount><amount catpol="5.14" year="nm2"><figure>614 991,41</figure></amount></amounts><relations><relation type="traditional" value="2 4 0"/></relations></bud-data><bud-remarks><p lang="en">The amount of assigned revenue in accordance with Article 18(1)(e) to (j) of the Financial Regulation is estimated at EUR 30 000.</p></bud-remarks></nmc-article><nmc-article alias="2 3 8" id="N61081451454-32"><bud-heading><p lang="en">Other administrative operating expenditure</p></bud-heading><bud-data exprev="exp"><amounts><amount catpol="5.14" year="n"><figure>368 000</figure></amount><amount catpol="5.14" year="nm1"><figure>321 000</figure></amount><amount catpol="5.14" year="nm2"><figure>1 226 230,71</figure></amount></amounts><relations><relation type="traditional" value="2 1 0"/></relations></bud-data><bud-remarks><list type="dash"><int.li><p lang="en">This appropriation is intended to cover:</p></int.li><item><p lang="en">various kinds of insurance (in particular civil liability, theft, risks connected with word-processing equipment, electrical liability),</p></item><item><p lang="en">
the purchase, maintenance and cleaning of, in particular, judicial robes, uniforms for ushers and drivers, working clothes for reproduction and maintenance staff,</p></item><item><p lang="en">miscellaneous expenditure for internal meetings,</p></item><item><p lang="en">removal and handling costs for equipment, furniture and office supplies,</p></item><item><p lang="en">operating expenditure incurred by service providers,</p></item><item><p lang="en">other running costs not specially provided for in the preceding items.</p></item></list></bud-remarks></nmc-article></nmc-chapter><nmc-chapter alias="2 5" id="N61081451493-33"><bud-heading><p lang="en">EXPENDITURE ON MEETINGS AND CONFERENCES</p></bud-heading><bud-data exprev="exp" tot="tot"/><nmc-article alias="2 5 2" id="N61081451520-35"><bud-heading><p lang="en">Entertainment and representation expenses</p></bud-heading><bud-data exprev="exp"><amounts><amount catpol="5.14" year="n"><figure>169 000</figure></amount><amount catpol="5.14" year="nm1"><figure>169 000</figure></amount><amount catpol="5.14" year="nm2"><figure>200 445,40</figure></amount></amounts><relations><relation type="traditional" value="1 7 0 0"/></relations></bud-data><bud-remarks><p lang="en">This appropriation is intended to cover expenditure connected with the institution’s duties as host and representative, and entertainment and representation expenses for members of staff.</p></bud-remarks></nmc-article><nmc-article alias="2 5 4" id="N61081451543-37"><bud-heading><p lang="en">Meetings, congresses and conferences</p></bud-heading><bud-data exprev="exp"><amounts><amount catpol="5.14" year="n"><figure>411 000</figure></amount><amount catpol="5.14" year="nm1"><figure>410 000</figure></amount><amount catpol="5.14" year="nm2"><figure>318 769,90</figure></amount></amounts><relations><relation type="traditional" value="2 5 0"/></relations></bud-data><bud-remarks><p lang="en">This appropriation is intended to cover principally the organisation, with the collaboration of the Justice Ministries, of seminars and other training programmes at the seat of the institution for members of the judiciary and the legal profession from the Member States.</p><p lang="en">Meetings with members of the national higher courts and with specialists in EU law are necessary in order to facilitate the development of the case-law of the institution concurrently with that of the national courts in matters connected with EU law.</p><p lang="en">This appropriation is also intended to cover travel and subsistence expenses for participants and other organisation costs.</p></bud-remarks></nmc-article><nmc-article alias="2 5 6" id="N61081451566-39"><bud-heading><p lang="en">Expenditure on information and on participation in public events</p></bud-heading><bud-data exprev="exp"><amounts><amount catpol="5.14" year="n"><figure>218 000</figure></amount><amount catpol="5.14" year="nm1"><figure>217 500</figure></amount><amount catpol="5.14" year="nm2"><figure>185 128,93</figure></amount></amounts><relations><relation type="traditional" value="2 7 2"/></relations></bud-data><bud-remarks><p lang="en">This appropriation is intended to cover the purchase and publication of works of general interest on EU law, other expenditure on the dissemination of information and photographic costs, and contributions made for visits to the institution.</p></bud-remarks></nmc-article><nmc-article alias="2 5 7" id="N61081451601-41"><bud-heading><p lang="en">Joint Interpreting and Conference Service</p></bud-heading><bud-data exprev="exp"><amounts><amount catpol="5.14" year="n"><figure>p.m.</figure></amount><amount catpol="5.14" year="nm1"><figure>p.m.</figure></amount><amount catpol="5.14" year="nm2"><figure>0,—</figure></amount></amounts><relations><relation type="traditional" value="2 5 0"/></relations></bud-data><bud-remarks><p lang="en">This appropriation is intended to cover contributions which the Commission may ask the institutions to make towards the costs of the legal information service (augmenting and distributing the interinstitutional database).</p></bud-remarks></nmc-article></nmc-chapter><nmc-chapter alias="2 7" id="N61081451640-42"><bud-heading><p lang="en">INFORMATION: ACQUISITION, ARCHIVING, PRODUCTION AND DISTRIBUTION</p></bud-heading><bud-data exprev="exp" tot="tot"/><nmc-article alias="2 7 0" id="N61171453318-1"><bud-heading><p lang="en">Limited consultations, studies and surveys</p></bud-heading><bud-data exprev="exp"><amounts><amount catpol="5.14" year="n"><figure>p.m.</figure></amount><amount catpol="5.14" year="nm1"><figure>p.m.</figure></amount><amount catpol="5.14" year="nm2"><figure>0,—</figure></amount></amounts><relations><relation type="traditional" value="2 7 0"/></relations></bud-data></nmc-article><nmc-article alias="2 7 2" id="N61081451694-46"><bud-heading><p lang="en">Documentation, library and archiving expenditure</p></bud-heading><bud-data exprev="exp"><amounts><amount catpol="5.14" year="n"><figure>1 163 000</figure></amount><amount catpol="5.14" year="nm1"><figure>1 160 000</figure></amount><amount catpol="5.14" year="nm2"><figure>1 067 018,31</figure></amount></amounts><relations><relation type="traditional" value="2 7 0"/></relations></bud-data><bud-remarks><list type="dash"><int.li><p lang="en">This appropriation is intended to cover:</p></int.li><item><p lang="en">the acquisition of books, documents and other publications and updates for existing volumes,</p></item><item><p lang="en">entry and purchase of computerised legal data,</p></item><item><p lang="en">special equipment for the library,</p></item><item><p lang="en">subscriptions to newspapers, non-specialised periodicals and various bulletins,</p></item><item><p lang="en">subscriptions to news agencies,</p></item><item><p lang="en">binding and upkeep of library books,</p></item><item><p lang="en">access charges for certain legal data-bases.</p></item></list></bud-remarks></nmc-article><nmc-article alias="2 7 4" id="N61081451724-47"><bud-heading><p lang="en">Production and distribution</p></bud-heading><bud-data exprev="exp" tot="tot"/><nmc-item alias="2 7 4 0" id="N61081451736-49"><bud-heading><p>Official Journal</p></bud-heading><bud-data exprev="exp"><amounts><amount catpol="5.14" year="n"><figure>947 000</figure></amount><amount catpol="5.14" year="nm1"><figure>947 000</figure></amount><amount catpol="5.14" year="nm2"><figure>683 505,00</figure></amount></amounts><relations><relation type="traditional" value="2 7 0"/></relations></bud-data><bud-remarks><p lang="en">This appropriation is intended to cover publication of material in the <ft type="ht">Official Journal of the European Union</ft>.</p><p lang="en">The amount of assigned revenue in accordance with Article 18(1)(e) to (j) of the Financial Regulation is estimated at EUR 52 000.</p></bud-remarks></nmc-item><nmc-item alias="2 7 4 1" id="N61081451767-51"><bud-heading><p lang="en">General publications</p></bud-heading><bud-data exprev="exp"><amounts><amount catpol="5.14" year="n"><figure>1 100 000</figure></amount><amount catpol="5.14" year="nm1"><figure>1 376 000</figure></amount><amount catpol="5.14" year="nm2"><figure>1 383 870,31</figure></amount></amounts><relations><relation type="traditional" value="2 7 1 0"/></relations></bud-data><bud-remarks><p lang="en">This appropriation is intended to cover, in particular, printing and distribution costs for the reports of cases before the Court, including cases before the General Court, together with the source index of EU case-law.</p><p lang="en">This appropriation is also intended to cover publication costs for the annual report of the Court and other brochures produced by the Court for visitors.</p><p lang="en">The amount of assigned revenue in accordance with Article 18(1)(e) to (j) of the Financial Regulation is estimated at EUR 290 000.</p></bud-remarks></nmc-item></nmc-article></nmc-chapter></nmc-title><nmc-title alias="3" id="AABSS"><bud-heading><p>EXPENDITURE RESULTING FROM SPECIAL FUNCTIONS CARRIED OUT BY THE INSTITUTION</p></bud-heading><bud-data exprev="exp" tot="tot"/><nmc-chapter alias="3 7" id="AABSY"><bud-heading><p>EXPENDITURE RELATING TO CERTAIN INSTITUTIONS AND BODIES</p></bud-heading><bud-data exprev="exp" tot="tot"/><nmc-article alias="3 7 1" id="AABTE"><bud-heading><p lang="en">Special expenditure of the Court of Justice of the European Union</p></bud-heading><bud-data exprev="exp" tot="tot"/><nmc-item alias="3 7 1 0" id="AABTK"><bud-heading><p>Court expenses</p></bud-heading><bud-data exprev="exp"><amounts><amount catpol="5.14" year="n"><figure>40 000</figure></amount><amount catpol="5.14" year="nm1"><figure>40 000</figure></amount><amount catpol="5.14" year="nm2"><figure>11 450,27</figure></amount></amounts><relations><relation type="traditional" value="3 7 1 0"/></relations></bud-data><bud-remarks><p>This appropriation is to ensure the proper administration of justice in all cases of legal aid and for all expenses of witnesses and expert witnesses, of the cost of inspection of places or things involved in proceedings and of letters rogatory, legal representation and other costs which the institution may have to bear.</p></bud-remarks></nmc-item><nmc-item alias="3 7 1 1" id="AABTQ"><bud-heading><p>Arbitration Committee provided for in Article 18 of the EAEC Treaty</p></bud-heading><bud-data exprev="exp"><amounts><amount catpol="5.14" year="n"><figure>p.m.</figure></amount><amount catpol="5.14" year="nm1"><figure>p.m.</figure></amount><amount catpol="5.14" year="nm2"><figure>0,—</figure></amount></amounts><relations><relation type="traditional" value="3 7 1 1"/></relations></bud-data></nmc-item></nmc-article></nmc-chapter></nmc-title><nmc-title alias="10" id="AABTW"><bud-heading><p>OTHER EXPENDITURE</p></bud-heading><bud-data exprev="exp" tot="tot"/><nmc-chapter alias="10 0" id="AABUC"><bud-heading><p>PROVISIONAL APPROPRIATIONS</p></bud-heading><bud-data exprev="exp"><amounts><amount catpol="5.14" year="n"><figure>485 700</figure></amount><amount catpol="5.14" year="nm1"><figure>p.m.</figure></amount><amount catpol="5.14" year="nm2"><figure>0,—</figure></amount></amounts><relations><relation type="traditional" value="10 0"/></relations></bud-data><bud-remarks><reuse-link reuse="reuse-link"><reuse-param name="class" value="com.softwareag.belgium.xef.impl.filters.CheckOutAndFilter"/><reuse-param name="xpath" value="/abb[1]/nmc-section[1]/nmc-expenditure[1]"/><reuse-param name="filter" value="com.softwareag.belgium.seibud.abb.LinkAndReuse.NDiffReservesBreakdown"/><reuse-param-list name="aliases"><reuse-param name="alias" value="10 0"/></reuse-param-list></reuse-link></bud-remarks></nmc-chapter><nmc-chapter alias="10 1" id="AABUI"><bud-heading><p lang="en">CONTINGENCY RESERVE</p></bud-heading><bud-data exprev="exp"><amounts><amount catpol="5.14" year="n"><figure>p.m.</figure></amount><amount catpol="5.14" year="nm1"><figure>p.m.</figure></amount><amount catpol="5.14" year="nm2"><figure>0,—</figure></amount></amounts><relations><relation type="traditional" value="10 1"/></relations></bud-data></nmc-chapter></nmc-title></nmc-expenditure><nmc-grseq alias="S" id="OKObdNbPOPfNLeGIJMeNaIedHIMdbKIMOMKNfOI"><bud-heading><p lang="en">Staff table</p></bud-heading><nmc-grseq alias="S 1" id="OKObdNbPOPfNLeGIJMeNaIedHIMdbKIMOMKNfOG"><bud-heading><p lang="en">Section IV — Court of Justice of the European Union</p></bud-heading><bud-text><table frame="all" pgwide="1"><tgroup cols="5"><colspec align="center" colname="C1" colnum="1" colwidth="135.2pt"/><colspec align="center" colname="C2" colnum="2" colwidth="106.3pt"/><colspec align="center" colname="C3" colnum="3" colwidth="99.2pt"/><colspec align="center" colname="C4" colnum="4" colwidth="99.25pt"/><colspec align="center" colname="C5" colnum="5" colwidth="99.2pt"/><thead><row><entry align="center" colname="C1" colsep="1" morerows="2" rowsep="1" valign="middle"><p lang="en">Function group and grade</p></entry><entry align="center" colsep="1" nameend="C5" namest="C2" rowsep="1"><p lang="en">Court of Justice of the European Union</p></entry></row><row><entry align="center" colsep="1" nameend="C3" namest="C2" rowsep="1"><p lang="en">2009</p></entry><entry align="center" colsep="1" nameend="C5" namest="C4" rowsep="1"><p lang="en">2010</p></entry></row><row><entry align="center" colname="C2" colsep="1" rowsep="1"><p lang="en">Permanent posts</p></entry><entry align="center" colname="C3" colsep="1" rowsep="1"><p lang="en">Temporary posts</p></entry><entry align="center" colname="C4" colsep="1" rowsep="1"><p lang="en">Permanent posts</p></entry><entry align="center" colname="C5" colsep="1" rowsep="1"><p lang="en">Temporary posts</p></entry></row></thead><tbody><row><entry colname="C1" colsep="1" rowsep="0"><p lang="en">AD 16</p></entry><entry align="center" colname="C2" colsep="1" rowsep="0"><p lang="en">5</p></entry><entry align="center" colname="C3" colsep="1" rowsep="0"><p lang="en">—</p></entry><entry align="center" colname="C4" colsep="1" rowsep="0"><p lang="en">5</p></entry><entry align="center" colname="C5" colsep="1" rowsep="0"><p lang="en">—</p></entry></row><row><entry colname="C1" colsep="1" rowsep="0"><p lang="en">AD 15</p></entry><entry align="center" colname="C2" colsep="1" rowsep="0"><p lang="en">10</p></entry><entry align="center" colname="C3" colsep="1" rowsep="0"><p lang="en">1</p></entry><entry align="center" colname="C4" colsep="1" rowsep="0"><p lang="en">10</p></entry><entry align="center" colname="C5" colsep="1" rowsep="0"><p lang="en">1</p></entry></row><row><entry colname="C1" colsep="1" rowsep="0"><p lang="en">AD 14</p></entry><entry align="center" colname="C2" colsep="1" rowsep="0"><p lang="en">20<note><p lang="en">Of which one AD 15 <ft type="ht">ad personam.</ft></p></note></p></entry><entry align="center" colname="C3" colsep="1" rowsep="0"><p lang="en">44<note><p lang="en">Of which one AD 15 <ft type="ht">ad personam</ft>. </p></note></p></entry><entry align="center" colname="C4" colsep="1" rowsep="0"><p lang="en">28<note><p lang="en">Of which one AD 15 <ft type="ht">ad personam</ft>. </p></note></p></entry><entry align="center" colname="C5" colsep="1" rowsep="0"><p lang="en">44<note><p lang="en">Of which one AD 15 <ft type="ht">ad personam</ft>. </p></note></p></entry></row><row><entry colname="C1" colsep="1" rowsep="0"><p lang="en">AD 13</p></entry><entry align="center" colname="C2" colsep="1" rowsep="0"><p lang="en">49</p></entry><entry align="center" colname="C3" colsep="1" rowsep="0"><p lang="en">—</p></entry><entry align="center" colname="C4" colsep="1" rowsep="0"><p lang="en">69</p></entry><entry align="center" colname="C5" colsep="1" rowsep="0"><p lang="en">—</p></entry></row><row><entry colname="C1" colsep="1" rowsep="0"><p lang="en">AD 12</p></entry><entry align="center" colname="C2" colsep="1" rowsep="0"><p lang="en">146<note><p lang="en">Of which one AD 14 <ft type="ht">ad personam</ft>. </p></note></p></entry><entry align="center" colname="C3" colsep="1" rowsep="0"><p lang="en">66</p></entry><entry align="center" colname="C4" colsep="1" rowsep="0"><p lang="en">126<note><p lang="en">Of which one AD 14 <ft type="ht">ad personam</ft>. </p></note></p></entry><entry align="center" colname="C5" colsep="1" rowsep="0"><p lang="en">66</p></entry></row><row><entry colname="C1" colsep="1" rowsep="0"><p lang="en">AD 11</p></entry><entry align="center" colname="C2" colsep="1" rowsep="0"><p lang="en">83</p></entry><entry align="center" colname="C3" colsep="1" rowsep="0"><p lang="en">73</p></entry><entry align="center" colname="C4" colsep="1" rowsep="0"><p lang="en">90</p></entry><entry align="center" colname="C5" colsep="1" rowsep="0"><p lang="en">73</p></entry></row><row><entry colname="C1" colsep="1" rowsep="0"><p lang="en">AD 10</p></entry><entry align="center" colname="C2" colsep="1" rowsep="0"><p lang="en">57</p></entry><entry align="center" colname="C3" colsep="1" rowsep="0"><p lang="en">33</p></entry><entry align="center" colname="C4" colsep="1" rowsep="0"><p lang="en">42</p></entry><entry align="center" colname="C5" colsep="1" rowsep="0"><p lang="en">33</p></entry></row><row><entry colname="C1" colsep="1" rowsep="0"><p lang="en">AD 9</p></entry><entry align="center" colname="C2" colsep="1" rowsep="0"><p lang="en">12</p></entry><entry align="center" colname="C3" colsep="1" rowsep="0"><p lang="en">1</p></entry><entry align="center" colname="C4" colsep="1" rowsep="0"><p lang="en">28</p></entry><entry align="center" colname="C5" colsep="1" rowsep="0"><p lang="en">1</p></entry></row><row><entry colname="C1" colsep="1" rowsep="0"><p lang="en">AD 8</p></entry><entry align="center" colname="C2" colsep="1" rowsep="0"><p lang="en">182</p></entry><entry align="center" colname="C3" colsep="1" rowsep="0"><p lang="en">1</p></entry><entry align="center" colname="C4" colsep="1" rowsep="0"><p lang="en">260</p></entry><entry align="center" colname="C5" colsep="1" rowsep="0"><p lang="en">1</p></entry></row><row><entry colname="C1" colsep="1" rowsep="0"><p lang="en">AD 7</p></entry><entry align="center" colname="C2" colsep="1" rowsep="0"><p lang="en">192</p></entry><entry align="center" colname="C3" colsep="1" rowsep="0"><p lang="en">24</p></entry><entry align="center" colname="C4" colsep="1" rowsep="0"><p lang="en">98</p></entry><entry align="center" colname="C5" colsep="1" rowsep="0"><p lang="en">24</p></entry></row><row><entry colname="C1" colsep="1" rowsep="0"><p lang="en">AD 6</p></entry><entry align="center" colname="C2" colsep="1" rowsep="0"><p lang="en">23</p></entry><entry align="center" colname="C3" colsep="1" rowsep="0"><p lang="en">—</p></entry><entry align="center" colname="C4" colsep="1" rowsep="0"><p lang="en">23</p></entry><entry align="center" colname="C5" colsep="1" rowsep="0"><p lang="en">—</p></entry></row><row><entry colname="C1" colsep="1" rowsep="0"><p lang="en">AD 5</p></entry><entry align="center" colname="C2" colsep="1" rowsep="1"><p lang="en">42</p></entry><entry align="center" colname="C3" colsep="1" rowsep="1"><p lang="en">—</p></entry><entry align="center" colname="C4" colsep="1" rowsep="1"><p lang="en">48</p></entry><entry align="center" colname="C5" colsep="1" rowsep="1"><p lang="en">—</p></entry></row><row><entry align="right" colname="C1" colsep="1" rowsep="1"><p lang="en">AD total</p></entry><entry align="center" colname="C2" colsep="1" rowsep="1"><p lang="en">821</p></entry><entry align="center" colname="C3" colsep="1" rowsep="1"><p lang="en">243</p></entry><entry align="center" colname="C4" colsep="1" rowsep="1"><p lang="en">827</p></entry><entry align="center" colname="C5" colsep="1" rowsep="1"><p lang="en">243</p></entry></row><row><entry colname="C1" colsep="1" rowsep="0"><p lang="en">AST 11</p></entry><entry align="center" colname="C2" colsep="1" rowsep="0"><p lang="en">6</p></entry><entry align="center" colname="C3" colsep="1" rowsep="0"><p lang="en">—</p></entry><entry align="center" colname="C4" colsep="1" rowsep="0"><p lang="en">8</p></entry><entry align="center" colname="C5" colsep="1" rowsep="0"><p lang="en">—</p></entry></row><row><entry colname="C1" colsep="1" rowsep="0"><p lang="en">AST 10</p></entry><entry align="center" colname="C2" colsep="1" rowsep="0"><p lang="en">11</p></entry><entry align="center" colname="C3" colsep="1" rowsep="0"><p lang="en">1</p></entry><entry align="center" colname="C4" colsep="1" rowsep="0"><p lang="en">9</p></entry><entry align="center" colname="C5" colsep="1" rowsep="0"><p lang="en">1</p></entry></row><row><entry colname="C1" colsep="1" rowsep="0"><p lang="en">AST 9</p></entry><entry align="center" colname="C2" colsep="1" rowsep="0"><p lang="en">21</p></entry><entry align="center" colname="C3" colsep="1" rowsep="0"><p lang="en">—</p></entry><entry align="center" colname="C4" colsep="1" rowsep="0"><p lang="en">32</p></entry><entry align="center" colname="C5" colsep="1" rowsep="0"><p lang="en">—</p></entry></row><row><entry colname="C1" colsep="1" rowsep="0"><p lang="en">AST 8</p></entry><entry align="center" colname="C2" colsep="1" rowsep="0"><p lang="en">32</p></entry><entry align="center" colname="C3" colsep="1" rowsep="0"><p lang="en">5</p></entry><entry align="center" colname="C4" colsep="1" rowsep="0"><p lang="en">35</p></entry><entry align="center" colname="C5" colsep="1" rowsep="0"><p lang="en">5</p></entry></row><row><entry colname="C1" colsep="1" rowsep="0"><p lang="en">AST 7</p></entry><entry align="center" colname="C2" colsep="1" rowsep="0"><p lang="en">56</p></entry><entry align="center" colname="C3" colsep="1" rowsep="0"><p lang="en">28</p></entry><entry align="center" colname="C4" colsep="1" rowsep="0"><p lang="en">61</p></entry><entry align="center" colname="C5" colsep="1" rowsep="0"><p lang="en">28</p></entry></row><row><entry colname="C1" colsep="1" rowsep="0"><p lang="en">AST 6</p></entry><entry align="center" colname="C2" colsep="1" rowsep="0"><p lang="en">87</p></entry><entry align="center" colname="C3" colsep="1" rowsep="0"><p lang="en">24</p></entry><entry align="center" colname="C4" colsep="1" rowsep="0"><p lang="en">79</p></entry><entry align="center" colname="C5" colsep="1" rowsep="0"><p lang="en">24</p></entry></row><row><entry colname="C1" colsep="1" rowsep="0"><p lang="en">AST 5</p></entry><entry align="center" colname="C2" colsep="1" rowsep="0"><p lang="en">58</p></entry><entry align="center" colname="C3" colsep="1" rowsep="0"><p lang="en">46</p></entry><entry align="center" colname="C4" colsep="1" rowsep="0"><p lang="en">47</p></entry><entry align="center" colname="C5" colsep="1" rowsep="0"><p lang="en">46</p></entry></row><row><entry colname="C1" colsep="1" rowsep="0"><p lang="en">AST 4</p></entry><entry align="center" colname="C2" colsep="1" rowsep="0"><p lang="en">67</p></entry><entry align="center" colname="C3" colsep="1" rowsep="0"><p lang="en">68</p></entry><entry align="center" colname="C4" colsep="1" rowsep="0"><p lang="en">96</p></entry><entry align="center" colname="C5" colsep="1" rowsep="0"><p lang="en">68</p></entry></row><row><entry colname="C1" colsep="1" rowsep="0"><p lang="en">AST 3</p></entry><entry align="center" colname="C2" colsep="1" rowsep="0"><p lang="en">151</p></entry><entry align="center" colname="C3" colsep="1" rowsep="0"><p lang="en">12</p></entry><entry align="center" colname="C4" colsep="1" rowsep="0"><p lang="en">118</p></entry><entry align="center" colname="C5" colsep="1" rowsep="0"><p lang="en">12</p></entry></row><row><entry colname="C1" colsep="1" rowsep="0"><p lang="en">AST 2</p></entry><entry align="center" colname="C2" colsep="1" rowsep="0"><p lang="en">67</p></entry><entry align="center" colname="C3" colsep="1" rowsep="0"><p lang="en">11</p></entry><entry align="center" colname="C4" colsep="1" rowsep="0"><p lang="en">105</p></entry><entry align="center" colname="C5" colsep="1" rowsep="0"><p lang="en">7</p></entry></row><row><entry colname="C1" colsep="1" rowsep="0"><p lang="en">AST 1</p></entry><entry align="center" colname="C2" colsep="1" rowsep="1"><p lang="en">116</p></entry><entry align="center" colname="C3" colsep="1" rowsep="1"><p lang="en">—</p></entry><entry align="center" colname="C4" colsep="1" rowsep="1"><p lang="en">76</p></entry><entry align="center" colname="C5" colsep="1" rowsep="1"><p lang="en">—</p></entry></row><row><entry align="right" colname="C1" colsep="1" rowsep="1"><p lang="en"><ft type="glossary"/>AST total</p></entry><entry align="center" colname="C2" colsep="1" rowsep="1"><p lang="en">672</p></entry><entry align="center" colname="C3" colsep="1" rowsep="1"><p lang="en">195</p></entry><entry align="center" colname="C4" colsep="1" rowsep="1"><p lang="en">666</p></entry><entry align="center" colname="C5" colsep="1" rowsep="1"><p lang="en">191</p></entry></row><row><entry align="right" colname="C1" colsep="1" rowsep="1"><p lang="en"><ft type="glossary">Grand total</ft></p></entry><entry align="center" colname="C2" colsep="1" rowsep="1"><p lang="en"><ft type="glossary">1 493</ft><note><p lang="en"> Not including the contingency reserve, without allocation of appropriations, for officials seconded to Members of the Court of Justice of the European Union, the General Court or the Civil Service Tribunal (6 AD 12, 7 AD 11, 13 AD 10, 9 AD 7, 11 AST 6, 17 AST 5, 21 AST 4, 8 AST 3).</p></note></p></entry><entry align="center" colname="C3" colsep="1" rowsep="1"><p lang="en"><ft type="glossary">438</ft></p></entry><entry align="center" colname="C4" colsep="1" rowsep="1"><p lang="en"><ft type="glossary">1 493</ft><note><p lang="en">Not including the contingency reserve, without allocation of appropriations, for officials seconded to Members of the Court of Justice of the European Union, the General Court or the Civil Service Tribunal (six AD 12, 12 AD 11, 18 AD 10, nine AD 7, 11 AST 6, 17 AST 5, 21 AST 4, eight AST 3).</p></note></p></entry><entry align="center" colname="C5" colsep="1" rowsep="1"><p lang="en"><ft type="glossary">434</ft></p></entry></row><row><entry align="right" colname="C1" colsep="1" rowsep="1"><p lang="en"><ft type="glossary">Total staff</ft></p></entry><entry align="center" colsep="1" nameend="C3" namest="C2" rowsep="1"><p lang="en"><ft type="glossary">1 931</ft><note><p lang="en">  Posts occupied part-time may be made up by appointing staff to fill the number of posts thus left unoccupied in each category.</p></note></p></entry><entry align="center" colsep="1" nameend="C5" namest="C4" rowsep="1"><p lang="en">1 927<note><p lang="en">  Posts occupied part-time may be made up by appointing staff to fill the number of posts thus left unoccupied in each category.</p></note></p></entry></row></tbody></tgroup></table></bud-text></nmc-grseq></nmc-grseq></nmc-section>