<?xml version="1.0" encoding="UTF-8"?>
<nmc-section alias="SEC9" conc_poli_status="open" conc_tech_status="open_both" id="dd2a8986-adea-456d-b71b-b3c9bb23dabe-N48511"><bud-heading><p lang="en">SECTION IX — EUROPEAN DATA PROTECTION SUPERVISOR</p></bud-heading><nmc-revenue alias="R" id="dd2a8986-adea-456d-b71b-b3c9bb23dabe-N48518"><bud-heading><p lang="en">OWN RESOURCES</p></bud-heading><bud-data exprev="rev" tot="tot"/><nmc-title alias="4" id="dd2a8986-adea-456d-b71b-b3c9bb23dabe-N48522"><bud-heading><p lang="en">MISCELLANEOUS UNION TAXES, LEVIES AND CHARGES</p></bud-heading><bud-data exprev="rev" tot="tot"/><nmc-chapter alias="4 0" id="dd2a8986-adea-456d-b71b-b3c9bb23dabe-N4852C"><bud-heading><p>DEDUCTIONS FROM REMUNERATION</p></bud-heading><bud-data exprev="rev" tot="tot"/><nmc-article alias="4 0 0" id="dd2a8986-adea-456d-b71b-b3c9bb23dabe-N48535"><bud-heading><p lang="en">Proceeds from taxation of the salaries, wages and allowances of Members of the institution, officials and other servants</p></bud-heading><bud-data exprev="rev"><amounts><amount year="n"><figure>438 000</figure></amount><amount year="nm1"><figure>452 000</figure></amount><amount year="nm2"><figure>293 041,96</figure></amount></amounts></bud-data><bud-remarks><p lang="en">Protocol on the privileges and immunities of the European Union, and in particular Article 12 thereof.</p><p lang="en">Regulation No 422/67/EEC, No 5/67/Euratom of the Council of 25 July 1967 determining the emoluments of the President and Members of the Commission, of the President, Judges, Advocates-General and Registrar of the Court of Justice, of the President, Members and Registrar of the Court of First Instance and of the President, Members and Registrar of the European Union Civil Service Tribunal (OJ 187, 8.8.1967, p. 1).</p><p lang="en">Regulation (EEC, Euratom, ECSC) No 260/68 of the Council of 29 February 1968 laying down the conditions and procedure for applying the tax for the benefit of the European Communities (OJ L 56, 4.3.1968, p. 8).</p><p lang="en">Decision No 1247/2002/EC of the European Parliament, of the Council and of the Commission of 1 July 2002 on the regulations and general conditions governing the performance of the European Data-protection Supervisor's duties (OJ L 183, 12.7.2002, p. 1).</p></bud-remarks></nmc-article><nmc-article alias="4 0 3" id="dd2a8986-adea-456d-b71b-b3c9bb23dabe-N48557"><bud-heading><p lang="en">Proceeds from the temporary contribution from the salaries of Members of the institution, officials and other servants in active employment</p></bud-heading><bud-data exprev="rev"><amounts><amount year="n"><figure>p.m.</figure></amount><amount year="nm1"><figure>p.m.</figure></amount><amount year="nm2"><figure>p.m.</figure></amount></amounts></bud-data><bud-remarks><p lang="en">Protocol on the privileges and immunities of the European Union, and in particular Article 12 thereof.</p><p lang="en">Regulation No 422/67/EEC, No 5/67/Euratom of the Council of 25 July 1967 determining the emoluments of the President and Members of the Commission, of the President, Judges, Advocates-General and Registrar of the Court of Justice, of the President, Members and Registrar of the Court of First Instance and of the President, Members and Registrar of the European Union Civil Service Tribunal (OJ 187, 8.8.1967, p. 1). </p><p lang="en">Staff Regulations of Officials of the European Communities, and in particular Article 66a thereof in the version in force until 15 December 2003.</p><p lang="en">Decision No 1247/2002/EC of the European Parliament, of the Council and of the Commission of 1 July 2002 on the regulations and general conditions governing the performance of the European Data-protection Supervisor's duties (OJ L 183, 12.7.2002, p. 1).</p></bud-remarks></nmc-article><nmc-article alias="4 0 4" id="dd2a8986-adea-456d-b71b-b3c9bb23dabe-N48579"><bud-heading><p lang="en">Proceeds from the special levy on the salaries of Members of the institution, officials and other servants in active employment</p></bud-heading><bud-data exprev="rev"><amounts><amount year="n"><figure>74 000</figure></amount><amount year="nm1"><figure>74 000</figure></amount><amount year="nm2"><figure>37 952,98</figure></amount></amounts></bud-data><bud-remarks><p lang="en">Staff Regulations of Officials of the European Union, and in particular Article 66a thereof.</p></bud-remarks></nmc-article></nmc-chapter><nmc-chapter alias="4 1" id="dd2a8986-adea-456d-b71b-b3c9bb23dabe-N48593"><bud-heading><p lang="en">CONTRIBUTIONS TO THE PENSION SCHEME</p></bud-heading><bud-data exprev="rev" tot="tot"/><nmc-article alias="4 1 0" id="dd2a8986-adea-456d-b71b-b3c9bb23dabe-N4859C"><bud-heading><p>Staff contributions to the financing of the pension fund</p></bud-heading><bud-data exprev="rev"><amounts><amount year="n"><figure>410 000</figure></amount><amount year="nm1"><figure>411 000</figure></amount><amount year="nm2"><figure>214 882,42</figure></amount></amounts></bud-data><bud-remarks><p lang="en">Staff Regulations of Officials of the European Union, and in particular Article 83(2) thereof.</p></bud-remarks></nmc-article><nmc-article alias="4 1 1" id="dd2a8986-adea-456d-b71b-b3c9bb23dabe-N485B5"><bud-heading><p>Transfer or purchase of pension rights by staff</p></bud-heading><bud-data exprev="rev"><amounts><amount year="n"><figure>p.m.</figure></amount><amount year="nm1"><figure>p.m.</figure></amount><amount year="nm2"><figure>p.m.</figure></amount></amounts></bud-data><bud-remarks><p lang="en">Staff Regulations of Officials of the European Union, and in particular Article 4, Article 11(2) and (3) and Article 48 of Annex VIII thereto.</p></bud-remarks></nmc-article></nmc-chapter></nmc-title><nmc-title alias="9" id="dd2a8986-adea-456d-b71b-b3c9bb23dabe-N485CE"><bud-heading><p>MISCELLANEOUS REVENUE</p></bud-heading><bud-data exprev="rev" tot="tot"/><nmc-chapter alias="9 0" id="dd2a8986-adea-456d-b71b-b3c9bb23dabe-N485D7"><bud-heading><p>MISCELLANEOUS REVENUE</p></bud-heading><bud-data exprev="rev" tot="tot"/><nmc-article alias="9 0 0" id="dd2a8986-adea-456d-b71b-b3c9bb23dabe-N485E0"><bud-heading><p>Miscellaneous revenue</p></bud-heading><bud-data exprev="rev"><amounts><amount year="n"><figure>p.m.</figure></amount><amount year="nm1"><figure>p.m.</figure></amount><amount year="nm2"><figure>p.m.</figure></amount></amounts></bud-data><bud-remarks><p>This article is intended to receive miscellaneous revenue.</p></bud-remarks></nmc-article></nmc-chapter></nmc-title></nmc-revenue><nmc-expenditure alias="E" id="dd2a8986-adea-456d-b71b-b3c9bb23dabe-N485F8"><bud-heading><p>EXPENDITURE</p></bud-heading><bud-data exprev="exp" tot="tot"/><nmc-title alias="1" id="dd2a8986-adea-456d-b71b-b3c9bb23dabe-N48601"><bud-heading><p>EXPENDITURE RELATING TO PERSONS WORKING WITH THE INSTITUTION</p></bud-heading><bud-data exprev="exp" tot="tot"/><nmc-chapter alias="1 0" id="dd2a8986-adea-456d-b71b-b3c9bb23dabe-N4860A"><bud-heading><p>MEMBERS OF THE INSTITUTION</p></bud-heading><bud-data exprev="exp" tot="tot"/><nmc-article alias="1 0 0" id="dd2a8986-adea-456d-b71b-b3c9bb23dabe-N48613"><bud-heading><p lang="en">Remuneration, allowances and other entitlements of Members</p></bud-heading><bud-data exprev="exp" tot="tot"/><nmc-item alias="1 0 0 0" id="dd2a8986-adea-456d-b71b-b3c9bb23dabe-N4861D"><bud-heading><p lang="en">Remuneration and allowances</p></bud-heading><bud-data exprev="exp"><amounts><amount catpol="5.19" year="n"><figure>659 635</figure></amount><amount catpol="5.19" year="nm1"><figure>659 635</figure></amount><amount catpol="5.19" year="nm2"><figure>612 212,16</figure></amount></amounts></bud-data><bud-remarks><p lang="en">Regulation No 422/67/EEC, No 5/67/Euratom of the Council of 25 July 1967 determining the emoluments of the President and Members of the Commission, of the President, Judges, Advocates-General and Registrar of the Court of Justice, of the President, Members and Registrar of the Court of First Instance and of the President, Members and Registrar of the European Union Civil Service Tribunal (OJ 187, 8.8.1967, p. 1).</p><p lang="en">Decision No 1247/2002/EC of the European Parliament, of the Council and of the Commission of 1 July 2002 on the regulations and general conditions governing the performance of the European Data-protection Supervisor's duties (OJ L 183, 12.7.2002, p. 1).</p><list type="dash"><int.li><p lang="en">This appropriation is intended to cover: </p></int.li><item><p lang="en">the financing of salaries and allowances of Members, and the impact of the corrective coefficient applicable to remuneration and to the share of emoluments transferred to a country other than that of employment,</p></item><item><p lang="en">the institution's contributions (0,87 %) towards insurance against accident and occupational disease,</p></item><item><p lang="en">the institution's contributions (3,4 %) towards sickness insurance,</p></item><item><p>birth grants,</p></item><item><p>allowances payable in the event of death.</p></item></list></bud-remarks></nmc-item><nmc-item alias="1 0 0 1" id="dd2a8986-adea-456d-b71b-b3c9bb23dabe-N48655"><bud-heading><p lang="en">Entitlements on entering and leaving the service</p></bud-heading><bud-data exprev="exp"><amounts><amount catpol="5.19" year="n"><figure>p.m.</figure></amount><amount catpol="5.19" year="nm1"><figure>p.m.</figure></amount><amount catpol="5.19" year="nm2"><figure>0,—</figure></amount></amounts></bud-data><bud-remarks><p lang="en">Regulation No 422/67/EEC, No 5/67/Euratom, and in particular Article 5 thereof.</p><p lang="en">This appropriation is intended to cover travel expenses due to Members (including their families) on taking up duty or leaving the institution, installation and resettlement allowances due to Members on taking up duty or leaving the institution and removal expenses due to Members on taking up duty or leaving the institution.</p></bud-remarks></nmc-item><nmc-item alias="1 0 0 2" id="dd2a8986-adea-456d-b71b-b3c9bb23dabe-N48675"><bud-heading><p lang="en">Temporary allowances</p></bud-heading><bud-data exprev="exp"><amounts><amount catpol="5.19" comp="true" year="n"><figure>12 122</figure></amount><amount catpol="5.19" comp="true" year="nm1"><figure>130 357</figure></amount><amount catpol="5.19" comp="true" year="nm2"><figure>127 960,02</figure></amount></amounts></bud-data><bud-remarks><p lang="en">Regulation No 422/67/EEC, No 5/67/Euratom, and in particular Article 7 thereof.</p><p lang="en">This appropriation is intended to cover transitional allowances, family allowances and the corrective coefficient applied in respect of the countries of residence of former Members of the institution.</p></bud-remarks></nmc-item><nmc-item alias="1 0 0 3" id="dd2a8986-adea-456d-b71b-b3c9bb23dabe-N48698"><bud-heading><p lang="fr">Pensions</p></bud-heading><bud-data exprev="exp"><amounts><amount catpol="5.19" comp="true" year="n"><figure>p.m.</figure></amount><amount catpol="5.19" comp="true" year="nm1"><figure>p.m.</figure></amount><amount catpol="5.19" comp="true" year="nm2"><figure>0,—</figure></amount></amounts></bud-data><bud-remarks><p lang="en">Regulation No 422/67/EEC, No 5/67/Euratom, and in particular Articles 8, 9, 15 and 18 thereof.</p><p lang="en">This appropriation is intended to cover the retirement pensions and the corrective coefficient applied in respect of the countries of residence of the Members of the institution as well as the survivors' pensions of surviving spouses and orphans and the corrective coefficient applied in respect of their countries of residence.</p></bud-remarks></nmc-item><nmc-item alias="1 0 0 4" id="dd2a8986-adea-456d-b71b-b3c9bb23dabe-N486BB"><bud-heading><p lang="en">Provisional appropriation</p></bud-heading><bud-data exprev="exp"><amounts><amount catpol="5.19" year="n"><figure>16 885</figure></amount><amount catpol="5.19" year="nm1"><figure>16 885</figure></amount><amount catpol="5.19" year="nm2"><figure>0,—</figure></amount></amounts></bud-data><bud-remarks><p lang="en">Council Regulation (EC, Euratom) No 1605/2002 of 25 June 2002 on the Financial Regulation applicable to the general budget of the European Communities (OJ L 248, 16.9.2002, p. 1).</p><p lang="en">This appropriation is intended to cover the effect of any adjustments in remuneration and pensions which may be made by the Council in the course of the financial year.</p><p lang="en">This appropriation is purely provisional and may be used only after its transfer to other headings in accordance with the Financial Regulation.</p></bud-remarks></nmc-item></nmc-article><nmc-article alias="1 0 1" id="dd2a8986-adea-456d-b71b-b3c9bb23dabe-N486DE"><bud-heading><p lang="en">Other expenditure in connection with Members</p></bud-heading><bud-data exprev="exp" tot="tot"/><nmc-item alias="1 0 1 0" id="dd2a8986-adea-456d-b71b-b3c9bb23dabe-N486E8"><bud-heading><p lang="en">Further training</p></bud-heading><bud-data exprev="exp"><amounts><amount catpol="5.19" year="n"><figure>4 732</figure></amount><amount catpol="5.19" year="nm1"><figure>4 732</figure></amount><amount catpol="5.19" year="nm2"><figure>3 500,25</figure></amount></amounts></bud-data><bud-remarks><p lang="en">This appropriation is intended to cover expenses incurred in attending language courses, seminars and professional training courses.</p></bud-remarks></nmc-item><nmc-item alias="1 0 1 1" id="dd2a8986-adea-456d-b71b-b3c9bb23dabe-N48705"><bud-heading><p lang="en">Mission expenses, travel expenses and other ancillary expenditure</p></bud-heading><bud-data exprev="exp"><amounts><amount catpol="5.19" year="n"><figure>59 394</figure></amount><amount catpol="5.19" year="nm1"><figure>84 090</figure></amount><amount catpol="5.19" year="nm2"><figure>70 489,65</figure></amount></amounts></bud-data><bud-remarks><p lang="en">Regulation No 422/67/EEC, No 5/67/Euratom, and in particular Article 6 thereof.</p><p lang="en">This appropriation is intended to cover travel expenses, daily subsistence allowances while on missions and additional or exceptional expenditure incurred on mission.</p></bud-remarks></nmc-item></nmc-article></nmc-chapter><nmc-chapter alias="1 1" id="dd2a8986-adea-456d-b71b-b3c9bb23dabe-N48725"><bud-heading><p lang="en">STAFF OF THE INSTITUTION</p></bud-heading><bud-data exprev="exp" tot="tot"/><bud-remarks><p lang="en">A standard abatement of 1,1 % has been applied to the appropriations entered in this chapter.</p></bud-remarks><nmc-article alias="1 1 0" id="dd2a8986-adea-456d-b71b-b3c9bb23dabe-N4872F"><bud-heading><p lang="en">Remuneration, allowances and other entitlements of officials and temporary staff</p></bud-heading><bud-data exprev="exp" tot="tot"/><nmc-item alias="1 1 0 0" id="dd2a8986-adea-456d-b71b-b3c9bb23dabe-N48739"><bud-heading><p lang="en">Remuneration and allowances</p></bud-heading><bud-data exprev="exp"><amounts><amount catpol="5.19" year="n"><figure>3 755 970</figure></amount><amount catpol="5.19" year="nm1"><figure>3 705 939</figure></amount><amount catpol="5.19" year="nm2"><figure>2 413 087,70</figure></amount></amounts></bud-data><bud-remarks><p lang="en">Staff Regulations of Officials of the European Union and Conditions of Employment of Other Servants of the European Union.</p><list type="dash"><int.li><p>This appropriation is intended to cover:</p></int.li><item><p lang="en">the basic salaries of officials and temporary staff,</p></item><item><p lang="en">family allowances, including head of household allowance, dependent child allowance and education allowance,</p></item><item><p lang="en">expatriation and foreign residence allowances,</p></item><item><p lang="en">the institution's contribution towards sickness insurance and towards insurance against accident and occupational disease,</p></item><item><p lang="en">the institution's contribution towards setting up the Special Unemployment Fund,</p></item><item><p lang="en">payments made by the institution to allow temporary staff to constitute or maintain pension rights in their country of origin,</p></item><item><p lang="en">the impact of the corrective coefficient applicable to remuneration and the proportion of emoluments transferred to a country other than that of employment,</p></item><item><p>birth grants,</p></item><item><p lang="en">flat-rate travel expenses from the place of employment to the place of origin,</p></item><item><p lang="en">rent and transport allowances and fixed-rate entertainment allowances,</p></item><item><p lang="en">fixed travel allowances,</p></item><item><p lang="en">the special allowance granted to accounting officers and administrators of imprest accounts.</p></item></list></bud-remarks></nmc-item><nmc-item alias="1 1 0 1" id="dd2a8986-adea-456d-b71b-b3c9bb23dabe-N4878A"><bud-heading><p lang="en">Entitlements on entering the service, transfer and leaving the service</p></bud-heading><bud-data exprev="exp"><amounts><amount catpol="5.19" year="n"><figure>70 564</figure></amount><amount catpol="5.19" year="nm1"><figure>204 613</figure></amount><amount catpol="5.19" year="nm2"><figure>49 731,00</figure></amount></amounts></bud-data><bud-remarks><p lang="en">Staff Regulations of Officials of the European Union.</p><p lang="en">This appropriation is intended to cover expenditure relating to travel expenses of officials and temporary staff (including members of their families) entering or leaving the service or on geographical redeployment (Articles 20 and 71 and Article 7 of Annex VII), allowances for staff obliged to change their place of residence on taking up their duties, terminating their service or being transferred to a new place of work (Articles 5 and 6 of Annex VII), removal expenses (Articles 20 and 71 and Article 9 of Annex VII), and temporary daily allowances for staff who provide justification that they have been obliged to change their place of residence after taking up their duties (Articles 20 and 71 and Article 10 of Annex VII).</p></bud-remarks></nmc-item><nmc-item alias="1 1 0 2" id="dd2a8986-adea-456d-b71b-b3c9bb23dabe-N487AA"><bud-heading><p lang="en">Paid overtime</p></bud-heading><bud-data exprev="exp"><amounts><amount catpol="5.19" year="n"><figure>p.m.</figure></amount><amount catpol="5.19" year="nm1"><figure>p.m.</figure></amount><amount catpol="5.19" year="nm2"><figure>0,—</figure></amount></amounts></bud-data><bud-remarks><p lang="en">Staff Regulations of Officials of the European Union, and in particular Article 56 thereof and Annex VI thereto.</p><p lang="en">This appropriation is intended to cover the payment of overtime under the conditions laid down in the abovementioned provisions.</p></bud-remarks></nmc-item><nmc-item alias="1 1 0 3" id="dd2a8986-adea-456d-b71b-b3c9bb23dabe-N487CA"><bud-heading><p lang="en">Special assistance grants</p></bud-heading><bud-data exprev="exp"><amounts><amount catpol="5.19" year="n"><figure>5 070</figure></amount><amount catpol="5.19" year="nm1"><figure>5 070</figure></amount><amount catpol="5.19" year="nm2"><figure>0,—</figure></amount></amounts></bud-data><bud-remarks><p lang="en">Staff Regulations of Officials of the European Union, and in particular Article 76 thereof.</p><p lang="en">This appropriation is intended to cover action taken in respect of officials and other servants in particularly difficult situations.</p></bud-remarks></nmc-item><nmc-item alias="1 1 0 4" id="dd2a8986-adea-456d-b71b-b3c9bb23dabe-N487EA"><bud-heading><p lang="en">Allowances and miscellaneous contributions upon early termination of service</p></bud-heading><bud-data exprev="exp"><amounts><amount catpol="5.19" comp="true" year="n"><figure>p.m.</figure></amount><amount catpol="5.19" comp="true" year="nm1"><figure>p.m.</figure></amount><amount catpol="5.19" comp="true" year="nm2"><figure>0,—</figure></amount></amounts></bud-data><bud-remarks><p lang="en">Staff Regulations of Officials of the European Union, and in particular Articles 41, 50, 64, 65 and 72 thereof and Annex IV thereto.</p><list type="dash"><int.li><p>This appropriation is intended to cover:</p></int.li><item><p lang="en">the allowances payable to staff assigned non-active status or retired in the interests of the service,</p></item><item><p lang="en">the employer's contributions towards sickness insurance for the recipients of the above allowances,</p></item><item><p lang="en">the impact of the corrective coefficient applicable to the allowances referred to above and the impact of any remuneration adjustments agreed on by the Council during the financial year.</p></item></list></bud-remarks></nmc-item><nmc-item alias="1 1 0 5" id="dd2a8986-adea-456d-b71b-b3c9bb23dabe-N4881B"><bud-heading><p lang="en">Provisional appropriation</p></bud-heading><bud-data exprev="exp"><amounts><amount catpol="5.19" year="n"><figure>88 198</figure></amount><amount catpol="5.19" year="nm1"><figure>88 198</figure></amount><amount catpol="5.19" year="nm2"><figure>0,—</figure></amount></amounts></bud-data><bud-remarks><p lang="en">Staff Regulations of Officials of the European Union, and in particular Articles 65 and 65a thereof and Annex XI thereto.</p><p lang="en">Council Regulation (EC, Euratom) No 1605/2002 of 25 June 2002 on the Financial Regulation applicable to the general budget of the European Communities (OJ L 248, 16.9.2002, p. 1).</p><p lang="en">This appropriation is intended to cover the effect of any adjustments of remunerations and allowances which may be made by the Council in the course of the financial year.</p><p lang="en">This appropriation is purely provisional and may be used only after its transfer to other headings in accordance with the Financial Regulation.</p></bud-remarks></nmc-item></nmc-article><nmc-article alias="1 1 1" id="dd2a8986-adea-456d-b71b-b3c9bb23dabe-N48841"><bud-heading><p>Other staff</p></bud-heading><bud-data exprev="exp" tot="tot"/><nmc-item alias="1 1 1 0" id="dd2a8986-adea-456d-b71b-b3c9bb23dabe-N4884A"><bud-heading><p lang="en">Contract staff</p></bud-heading><bud-data exprev="exp"><amounts><amount catpol="5.19" year="n"><figure>147 186</figure></amount><amount catpol="5.19" year="nm1"><figure>50 856</figure></amount><amount catpol="5.19" year="nm2"><figure>14 693,50</figure></amount></amounts></bud-data><bud-remarks><p lang="en">Conditions of Employment of Other Servants of the European Union.</p><p lang="en">This appropriation is intended to cover expenditure relating to the use of contract agents.</p></bud-remarks></nmc-item><nmc-item alias="1 1 1 1" id="dd2a8986-adea-456d-b71b-b3c9bb23dabe-N4886A"><bud-heading><p lang="en">Cost of traineeships and staff exchanges</p></bud-heading><bud-data exprev="exp"><amounts><amount catpol="5.19" year="n"><figure>179 428</figure></amount><amount catpol="5.19" year="nm1"><figure>165 212</figure></amount><amount catpol="5.19" year="nm2"><figure>164 064,00</figure></amount></amounts></bud-data><bud-remarks><p lang="en">This appropriation is intended to cover allowances and travel and mission expenses for trainees, as well as accident and sickness insurance during training periods. </p><p lang="en">It is also intended to cover expenditure arising from staff exchanges between the European Data Protection Supervisor on the one hand and the public sector in Member States and EFTA countries belonging to the European Economic Area (EEA) and international organisations on the other.</p></bud-remarks></nmc-item><nmc-item alias="1 1 1 2" id="dd2a8986-adea-456d-b71b-b3c9bb23dabe-N4888A"><bud-heading><p lang="en">Services and work to be contracted out</p></bud-heading><bud-data exprev="exp"><amounts><amount catpol="5.19" year="n"><figure>51 202</figure></amount><amount catpol="5.19" year="nm1"><figure>44 096</figure></amount><amount catpol="5.19" year="nm2"><figure>46 610,00</figure></amount></amounts></bud-data><bud-remarks><p lang="en">This appropriation is intended to cover all services performed by persons not linked to the institution and, in particular, temporary staff. </p></bud-remarks></nmc-item></nmc-article><nmc-article alias="1 1 2" id="dd2a8986-adea-456d-b71b-b3c9bb23dabe-N488A7"><bud-heading><p lang="en">Other expenditure in connection with staff</p></bud-heading><bud-data exprev="exp" tot="tot"/><nmc-item alias="1 1 2 0" id="dd2a8986-adea-456d-b71b-b3c9bb23dabe-N488B1"><bud-heading><p lang="en">Mission expenses, travel expenses and other ancillary expenditure</p></bud-heading><bud-data exprev="exp"><amounts><amount catpol="5.19" year="n"><figure>112 686</figure></amount><amount catpol="5.19" year="nm1"><figure>103 346</figure></amount><amount catpol="5.19" year="nm2"><figure>105 628,00</figure></amount></amounts></bud-data><bud-remarks><p lang="en">Staff Regulations of Officials of the European Union, and in particular Article 71 thereof and Articles 11, 12 and 13 of Annex VII thereto.</p><p lang="en">This appropriation is intended to cover expenditure on transport, the payment of daily mission allowances and the ancillary or exceptional expenses incurred in the performance of a mission.</p></bud-remarks></nmc-item><nmc-item alias="1 1 2 1" id="dd2a8986-adea-456d-b71b-b3c9bb23dabe-N488D1"><bud-heading><p lang="en">Recruitment costs</p></bud-heading><bud-data exprev="exp"><amounts><amount catpol="5.19" year="n"><figure>6 789</figure></amount><amount catpol="5.19" year="nm1"><figure>10 034</figure></amount><amount catpol="5.19" year="nm2"><figure>7 421,25</figure></amount></amounts></bud-data><bud-remarks><p lang="en">Staff Regulations of Officials of the European Union, and in particular Articles 27 to 31 and 33 thereof and Annex III thereto.</p><p lang="en">Decision 2002/620/EC of the European Parliament, the Council, the Commission, the Court of Justice, the Court of Auditors, the Economic and Social Committee, the Committee of the Regions and the European Ombudsman of 25 July 2002 establishing a European Communities Personnel Selection Office (OJ L 197, 26.7.2002, p. 53).</p><p lang="en">Decision 2002/621/EC of the Secretaries-General of the European Parliament, the Council and the Commission, the Registrar of the Court of Justice, the Secretaries-General of the Court of Auditors, the Economic and Social Committee and the Committee of the Regions, and the Representative of the European Ombudsman of 25 July 2002 on the organisation and operation of the European Communities Personnel Selection Office (OJ L 197, 26.7.2002, p. 56).</p><p lang="en">This appropriation is intended to cover expenditure arising from the organisation of the competitions referred to in Article 3 of Decision 2002/621/EC and the travel and subsistence expenses of candidates attending recruitment interviews and medical examinations.</p><p lang="en">This appropriation also covers the costs of organising procedures for the selection of temporary and contract staff.</p><p lang="en">In cases duly justified by functional requirements and after consultation with the European Personnel Selection Office, this appropriation may be used for competitions organised by the European Data Protection Supervisor itself.</p></bud-remarks></nmc-item><nmc-item alias="1 1 2 2" id="dd2a8986-adea-456d-b71b-b3c9bb23dabe-N488FD"><bud-heading><p lang="en">Further training</p></bud-heading><bud-data exprev="exp"><amounts><amount catpol="5.19" year="n"><figure>84 874</figure></amount><amount catpol="5.19" year="nm1"><figure>72 499</figure></amount><amount catpol="5.19" year="nm2"><figure>101 498,00</figure></amount></amounts></bud-data><bud-remarks><p lang="en">Staff Regulations of Officials of the European Union, and in particular Article 24a thereof.</p><p lang="en">This appropriation is intended to cover internal and external staff training and retraining courses, including language courses, organised on an interinstitutional, external or internal basis.</p><p lang="en">It also covers expenditure on educational and technical equipment.</p></bud-remarks></nmc-item><nmc-item alias="1 1 2 3" id="dd2a8986-adea-456d-b71b-b3c9bb23dabe-N48920"><bud-heading><p lang="en">Social service</p></bud-heading><bud-data exprev="exp"><amounts><amount catpol="5.19" year="n"><figure>p.m.</figure></amount><amount catpol="5.19" year="nm1"><figure>p.m.</figure></amount><amount catpol="5.19" year="nm2"><figure>0,—</figure></amount></amounts></bud-data><bud-remarks><p lang="en">This appropriation is intended, as part of an interinstitutional policy to assist people with disabilities (officials and temporary staff in active employment, their spouses and dependent children within the meaning of the Staff Regulations of Officials of the European Union), to cover the reimbursement, within the limits of the resources available under the budget and after any national entitlements in the country of residence or origin have been exhausted, of duly substantiated non-medical expenditure acknowledged to be necessary as a result of the disability.</p></bud-remarks></nmc-item><nmc-item alias="1 1 2 4" id="dd2a8986-adea-456d-b71b-b3c9bb23dabe-N4893D"><bud-heading><p lang="en">Medical service</p></bud-heading><bud-data exprev="exp"><amounts><amount catpol="5.19" year="n"><figure>14 844</figure></amount><amount catpol="5.19" year="nm1"><figure>14 844</figure></amount><amount catpol="5.19" year="nm2"><figure>14 639,00</figure></amount></amounts></bud-data><bud-remarks><p lang="en">This appropriation is intended to cover expenses relating to the annual medical check-up for officials and other servants entitled to it, including the analyses and medical examinations requested in connection with that check-up.</p></bud-remarks></nmc-item><nmc-item alias="1 1 2 5" id="dd2a8986-adea-456d-b71b-b3c9bb23dabe-N4895A"><bud-heading><p lang="en">Union nursery centre and other day nurseries and after-school centres</p></bud-heading><bud-data exprev="exp"><amounts><amount catpol="5.19" year="n"><figure>87 938</figure></amount><amount catpol="5.19" year="nm1"><figure>117 356</figure></amount><amount catpol="5.19" year="nm2"><figure>60 819,50</figure></amount></amounts></bud-data><bud-remarks><p lang="en">This appropriation is intended to cover the European Data Protection Supervisor's share in expenditure relating to the Union nursery centre and other day nurseries and after-school centres.</p></bud-remarks></nmc-item><nmc-item alias="1 1 2 6" id="dd2a8986-adea-456d-b71b-b3c9bb23dabe-N48976"><bud-heading><p lang="en">Relations between staff and other welfare expenditure</p></bud-heading><bud-data exprev="exp"><amounts><amount catpol="5.19" year="n"><figure>3 865</figure></amount><amount catpol="5.19" year="nm1"><figure>3 620</figure></amount><amount catpol="5.19" year="nm2"><figure>3 200,00</figure></amount></amounts></bud-data><bud-remarks><list type="dash"><int.li><p lang="en">This appropriation is intended:</p></int.li><item><p lang="en">to encourage and provide financial backing for schemes to promote social contacts between staff of different nationalities, for example subsidies to staff clubs, sports associations, cultural activities, etc., and to make a contribution to the cost of a permanent leisure centre (cultural and sports activities, etc.), and</p></item><item><p lang="en">to contribute to the cost of activities organised by the staff committee (cultural and sports activities, meals, etc.).</p></item></list></bud-remarks></nmc-item></nmc-article></nmc-chapter></nmc-title><nmc-title alias="2" id="dd2a8986-adea-456d-b71b-b3c9bb23dabe-N4899D"><bud-heading><p lang="en">BUILDINGS, EQUIPMENT AND EXPENDITURE IN CONNECTION WITH THE OPERATION OF THE INSTITUTION</p></bud-heading><bud-data exprev="exp" tot="tot"/><nmc-chapter alias="2 0" id="dd2a8986-adea-456d-b71b-b3c9bb23dabe-N489A7"><bud-heading><p lang="en">BUILDINGS, EQUIPMENT AND EXPENDITURE IN CONNECTION WITH THE OPERATION OF THE INSTITUTION</p></bud-heading><bud-data exprev="exp" tot="tot"/><nmc-article alias="2 0 0" id="dd2a8986-adea-456d-b71b-b3c9bb23dabe-N489B1"><bud-heading><p>Rents, charges and buildings expenditure</p></bud-heading><bud-data exprev="exp"><amounts><amount catpol="5.19" year="n"><figure>728 067</figure></amount><amount catpol="5.19" year="nm1"><figure>586 437</figure></amount><amount catpol="5.19" year="nm2"><figure>578 340,00</figure></amount></amounts></bud-data><bud-remarks><p lang="en">Agreement on administrative cooperation between the European Data Protection Supervisor and the other institution providing the offices.</p><p lang="en">This appropriation is intended to cover, on a flat-rate or pro-rata basis, the rents and charges relating to insurance, water, electricity, heating, cleaning and maintenance, security and surveillance and other miscellaneous buildings expenditure, including expenditure associated with the conversion, repair and renovation of the offices in question.</p></bud-remarks></nmc-article><nmc-article alias="2 0 1" id="dd2a8986-adea-456d-b71b-b3c9bb23dabe-N489D0"><bud-heading><p lang="en">Expenditure in connection with the operation and activities of the institution</p></bud-heading><bud-data exprev="exp" tot="tot"/><nmc-item alias="2 0 1 0" id="dd2a8986-adea-456d-b71b-b3c9bb23dabe-N489DA"><bud-heading><p lang="en">Equipment</p></bud-heading><bud-data exprev="exp"><amounts><amount catpol="5.19" year="n"><figure>155 497</figure></amount><amount catpol="5.19" year="nm1"><figure>101 046</figure></amount><amount catpol="5.19" year="nm2"><figure>486 716,00</figure></amount></amounts></bud-data><bud-remarks><list type="dash"><int.li><p>This appropriation is intended to cover:</p></int.li><item><p lang="en">equipment (purchase and rental), operation and maintenance costs, information technology services, including assistance with the operation and maintenance of data-processing systems and the development of software,</p></item><item><p lang="en">information technology operations entrusted to third parties and other expenditure in connection with information technology services, including the development and maintenance of the website,</p></item><item><p lang="en">expenditure relating to the purchase, rental, upkeep and maintenance of telecommunications equipment and other telecommunications-related expenditure, including charges for communications by telephone, telegraph and telex and via electronic data transmission,</p></item><item><p lang="en">the purchase, replacement and maintenance of installations and equipment, both technical (security and other) and administrative (office machines such as photocopiers and calculators, etc.),</p></item><item><p lang="en">the purchase, maintenance and replacement of furniture,</p></item><item><p lang="en">any other items relating to the fitting-out of premises and associated costs.</p></item></list></bud-remarks></nmc-item><nmc-item alias="2 0 1 1" id="dd2a8986-adea-456d-b71b-b3c9bb23dabe-N48A11"><bud-heading><p lang="en">Supplies</p></bud-heading><bud-data exprev="exp"><amounts><amount catpol="5.19" year="n"><figure>19 524</figure></amount><amount catpol="5.19" year="nm1"><figure>19 524</figure></amount><amount catpol="5.19" year="nm2"><figure>19 254,00</figure></amount></amounts></bud-data><bud-remarks><list type="dash"><int.li><p>This appropriation is intended to cover:</p></int.li><item><p lang="en">the purchase of paper, envelopes and office supplies,</p></item><item><p lang="en">mail, postal charges, charges for delivery by a courier service, packages and distribution to the public at large.</p></item></list></bud-remarks></nmc-item><nmc-item alias="2 0 1 2" id="dd2a8986-adea-456d-b71b-b3c9bb23dabe-N48A38"><bud-heading><p lang="en">Other operating expenditure</p></bud-heading><bud-data exprev="exp"><amounts><amount catpol="5.19" year="n"><figure>98 368</figure></amount><amount catpol="5.19" year="nm1"><figure>40 615</figure></amount><amount catpol="5.19" year="nm2"><figure>40 054,00</figure></amount></amounts></bud-data><bud-remarks><list type="dash"><int.li><p>This appropriation is intended to cover:</p></int.li><item><p lang="en">the global management costs payable to the institution providing general services such as administration of contracts, salaries and allowances, etc., on behalf of the European Data Protection Supervisor,</p></item><item><p lang="en">other current administrative expenditure (financial charges, legal costs, etc.).</p></item></list></bud-remarks></nmc-item><nmc-item alias="2 0 1 3" id="dd2a8986-adea-456d-b71b-b3c9bb23dabe-N48A5F"><bud-heading><p lang="en">Translation and interpretation costs</p></bud-heading><bud-data exprev="exp"><amounts><amount catpol="5.19" year="n"><figure>980 000</figure></amount><amount catpol="5.19" year="nm1"><figure>1 053 881</figure></amount><amount catpol="5.19" year="nm2"><figure>807 330,00</figure></amount></amounts></bud-data><bud-remarks><p lang="en">Agreement on administrative cooperation between the European Data Protection Supervisor and the institution providing the service.</p><p lang="en">This appropriation is intended to cover all translation and interpretation costs and other associated costs.</p></bud-remarks></nmc-item><nmc-item alias="2 0 1 4" id="dd2a8986-adea-456d-b71b-b3c9bb23dabe-N48A7F"><bud-heading><p lang="en">Expenditure on publishing and information</p></bud-heading><bud-data exprev="exp"><amounts><amount catpol="5.19" year="n"><figure>166 320</figure></amount><amount catpol="5.19" year="nm1"><figure>166 320</figure></amount><amount catpol="5.19" year="nm2"><figure>114 097,00</figure></amount></amounts></bud-data><bud-remarks><list type="dash"><int.li><p lang="en">This appropriation is intended to cover expenditure on publishing and information, and in particular:</p></int.li><item><p lang="en">printing expenses for publications in the <ft type="ht">Official Journal of the European Union</ft>,</p></item><item><p lang="en">the cost of printing and reproducing various publications in the official languages,</p></item><item><p lang="en">information material relating to the European Data Protection Supervisor,</p></item><item><p lang="en">any other expenses in connection with the institution's information policy (symposia, seminars, participation in public events, etc.),</p></item><item><p lang="en">expenditure relating to publicity and information campaigns on the objectives, activities and role of the European Data Protection Supervisor,</p></item><item><p lang="en">expenditure relating to group visits to the European Data Protection Supervisor.</p></item></list></bud-remarks></nmc-item><nmc-item alias="2 0 1 5" id="dd2a8986-adea-456d-b71b-b3c9bb23dabe-N48ABB"><bud-heading><p lang="en">Expenditure in connection with the activities of the institution</p></bud-heading><bud-data exprev="exp"><amounts><amount catpol="5.19" year="n"><figure>114 932</figure></amount><amount catpol="5.19" year="nm1"><figure>114 932</figure></amount><amount catpol="5.19" year="nm2"><figure>36 127,00</figure></amount></amounts></bud-data><bud-remarks><list type="dash"><int.li><p>This appropriation is intended to cover:</p></int.li><item><p lang="en">the cost of receptions, representation costs and the purchase of representational items,</p></item><item><p lang="en">meeting expenses,</p></item><item><p lang="en">invitation costs, including travel and subsistence allowances and other related costs, for experts and other persons invited to take part in study groups or working meetings,</p></item><item><p lang="en">the financing of studies and/or surveys contracted out to qualified experts or research institutes,</p></item><item><p lang="en">expenditure related to the library of the European Data Protection Supervisor, including in particular the purchase of books and CD-ROMs, subscriptions to periodicals and press agencies and other associated costs.</p></item></list></bud-remarks></nmc-item></nmc-article></nmc-chapter></nmc-title><nmc-title alias="10" id="dd2a8986-adea-456d-b71b-b3c9bb23dabe-N48AEE"><bud-heading><p>OTHER EXPENDITURE</p></bud-heading><bud-data exprev="exp" tot="tot"/><nmc-chapter alias="10 0" id="dd2a8986-adea-456d-b71b-b3c9bb23dabe-N48AF7"><bud-heading><p>PROVISIONAL APPROPRIATIONS</p></bud-heading><bud-data exprev="exp" type="reserve"><amounts><amount catpol="5.19" year="n"><figure>p.m.</figure></amount><amount catpol="5.19" year="nm1"><figure>p.m.</figure></amount><amount catpol="5.19" year="nm2"><figure>p.m.</figure></amount></amounts></bud-data><bud-remarks><p lang="en">Council Regulation (EC, Euratom) No 1605/2002 of 25 June 2002 on the Financial Regulation applicable to the general budget of the European Communities (OJ L 248, 16.9.2002, p. 1).</p></bud-remarks></nmc-chapter><nmc-chapter alias="10 1" id="dd2a8986-adea-456d-b71b-b3c9bb23dabe-N48B14"><bud-heading><p>CONTINGENCY RESERVE</p></bud-heading><bud-data exprev="exp"><amounts><amount catpol="5.19" year="n"><figure>p.m.</figure></amount><amount catpol="5.19" year="nm1"><figure>p.m.</figure></amount><amount catpol="5.19" year="nm2"><figure>p.m.</figure></amount></amounts></bud-data><bud-remarks><p>This appropriation is intended to cover expenditure resulting from budgetary decisions taken in the course of the financial year (expenditure that cannot be estimated).</p></bud-remarks></nmc-chapter></nmc-title></nmc-expenditure><nmc-grseq alias="S" id="dd2a8986-adea-456d-b71b-b3c9bb23dabe-N48B2F"><bud-heading><p lang="en">STAFF</p></bud-heading><nmc-grseq alias="S 1" id="dd2a8986-adea-456d-b71b-b3c9bb23dabe-N48B36"><bud-heading><p lang="en">Section IX — European Data Protection Supervisor</p></bud-heading><bud-text><table frame="all"><tgroup cols="5"><colspec colname="C1" colnum="1" colwidth="99.75pt"/><colspec colname="C2" colnum="2" colwidth="113.4pt"/><colspec colname="C3" colnum="3" colwidth="99.2pt"/><colspec colname="C4" colnum="4" colwidth="106.35pt"/><colspec colname="C5" colnum="5" colwidth="106.3pt"/><thead><row><entry align="center" colname="C1" colsep="1" morerows="2" rowsep="1" valign="middle"><p lang="en">Function group and grade</p></entry><entry align="center" colsep="1" nameend="C5" namest="C2" rowsep="1"><p lang="en">European Data Protection Supervisor</p></entry></row><row><entry align="center" colsep="1" nameend="C3" namest="C2" rowsep="1"><p lang="en">2012</p></entry><entry align="center" colsep="1" nameend="C5" namest="C4" rowsep="1"><p lang="en">2011</p></entry></row><row><entry align="center" colname="C2" colsep="1" rowsep="1"><p lang="en">Permanent posts</p></entry><entry align="center" colname="C3" colsep="1" rowsep="1"><p lang="en">Temporary posts</p></entry><entry align="center" colname="C4" colsep="1" rowsep="1"><p lang="en">Permanent posts</p></entry><entry align="center" colname="C5" colsep="1" rowsep="1"><p lang="en">Temporary posts</p></entry></row></thead><tbody><row><entry align="center" colname="C1" colsep="1" rowsep="0"><p lang="en">Non-category</p></entry><entry colname="C2" colsep="1" rowsep="0"/><entry colname="C3" colsep="1" rowsep="0"/><entry colname="C4" colsep="1" rowsep="0"/><entry colname="C5" colsep="1" rowsep="0"/></row><row><entry align="center" colname="C1" colsep="1" rowsep="0"><p lang="en">AD 16</p></entry><entry colname="C2" colsep="1" rowsep="0"/><entry colname="C3" colsep="1" rowsep="0"/><entry colname="C4" colsep="1" rowsep="0"/><entry colname="C5" colsep="1" rowsep="0"/></row><row><entry align="center" colname="C1" colsep="1" rowsep="0"><p lang="en">AD 15</p></entry><entry align="center" colname="C2" colsep="1" rowsep="0"><p lang="en">1</p></entry><entry colname="C3" colsep="1" rowsep="0"/><entry colname="C4" colsep="1" rowsep="0"/><entry colname="C5" colsep="1" rowsep="0"/></row><row><entry align="center" colname="C1" colsep="1" rowsep="0"><p lang="en">AD 14</p></entry><entry colname="C2" colsep="1" rowsep="0"/><entry colname="C3" colsep="1" rowsep="0"/><entry align="center" colname="C4" colsep="1" rowsep="0"><p lang="en">1</p></entry><entry colname="C5" colsep="1" rowsep="0"/></row><row><entry align="center" colname="C1" colsep="1" rowsep="0"><p lang="en">AD 13</p></entry><entry colname="C2" colsep="1" rowsep="0"/><entry colname="C3" colsep="1" rowsep="0"/><entry colname="C4" colsep="1" rowsep="0"/><entry colname="C5" colsep="1" rowsep="0"/></row><row><entry align="center" colname="C1" colsep="1" rowsep="0"><p lang="en">AD 12</p></entry><entry align="center" colname="C2" colsep="1" rowsep="0"><p lang="en">1</p></entry><entry colname="C3" colsep="1" rowsep="0"/><entry colname="C4" colsep="1" rowsep="0"/><entry colname="C5" colsep="1" rowsep="0"/></row><row><entry align="center" colname="C1" colsep="1" rowsep="0"><p lang="en">AD 11</p></entry><entry align="center" colname="C2" colsep="1" rowsep="0"><p lang="en">2</p></entry><entry colname="C3" colsep="1" rowsep="0"/><entry align="center" colname="C4" colsep="1" rowsep="0"><p lang="en">3</p></entry><entry colname="C5" colsep="1" rowsep="0"/></row><row><entry align="center" colname="C1" colsep="1" rowsep="0"><p lang="en">AD 10</p></entry><entry align="center" colname="C2" colsep="1" rowsep="0"><p lang="en">1</p></entry><entry colname="C3" colsep="1" rowsep="0"/><entry align="center" colname="C4" colsep="1" rowsep="0"><p lang="en">1</p></entry><entry colname="C5" colsep="1" rowsep="0"/></row><row><entry align="center" colname="C1" colsep="1" rowsep="0"><p lang="en">AD 9</p></entry><entry align="center" colname="C2" colsep="1" rowsep="0"><p lang="en">7</p></entry><entry colname="C3" colsep="1" rowsep="0"/><entry align="center" colname="C4" colsep="1" rowsep="0"><p lang="en">5</p></entry><entry colname="C5" colsep="1" rowsep="0"/></row><row><entry align="center" colname="C1" colsep="1" rowsep="0"><p lang="en">AD 8</p></entry><entry align="center" colname="C2" colsep="1" rowsep="0"><p lang="en">7</p></entry><entry colname="C3" colsep="1" rowsep="0"/><entry align="center" colname="C4" colsep="1" rowsep="0"><p lang="en">7</p></entry><entry colname="C5" colsep="1" rowsep="0"/></row><row><entry align="center" colname="C1" colsep="1" rowsep="0"><p lang="en">AD 7</p></entry><entry align="center" colname="C2" colsep="1" rowsep="0"><p lang="en">3</p></entry><entry colname="C3" colsep="1" rowsep="0"/><entry align="center" colname="C4" colsep="1" rowsep="0"><p lang="en">3</p></entry><entry colname="C5" colsep="1" rowsep="0"/></row><row><entry align="center" colname="C1" colsep="1" rowsep="0"><p lang="en">AD 6</p></entry><entry align="center" colname="C2" colsep="1" rowsep="0"><p lang="en">6</p></entry><entry colname="C3" colsep="1" rowsep="0"/><entry align="center" colname="C4" colsep="1" rowsep="0"><p lang="en">5</p></entry><entry colname="C5" colsep="1" rowsep="0"/></row><row><entry align="center" colname="C1" colsep="1" rowsep="0"><p lang="en">AD 5</p></entry><entry colname="C2" colsep="1" rowsep="1"/><entry colname="C3" colsep="1" rowsep="1"/><entry align="center" colname="C4" colsep="1" rowsep="1"><p lang="en">1</p></entry><entry colname="C5" colsep="1" rowsep="1"/></row><row><entry align="right" colname="C1" colsep="1" rowsep="1"><p lang="en">AD total</p></entry><entry align="center" colname="C2" colsep="1" rowsep="1"><p lang="en">28</p></entry><entry colname="C3" colsep="1" rowsep="1"/><entry align="center" colname="C4" colsep="1" rowsep="1"><p lang="en">26</p></entry><entry colname="C5" colsep="1" rowsep="1"/></row><row><entry align="center" colname="C1" colsep="1" rowsep="0"><p lang="en">AST 11</p></entry><entry colname="C2" colsep="1" rowsep="0"/><entry colname="C3" colsep="1" rowsep="0"/><entry colname="C4" colsep="1" rowsep="0"/><entry colname="C5" colsep="1" rowsep="0"/></row><row><entry align="center" colname="C1" colsep="1" rowsep="0"><p lang="en">AST 10</p></entry><entry colname="C2" colsep="1" rowsep="0"/><entry colname="C3" colsep="1" rowsep="0"/><entry colname="C4" colsep="1" rowsep="0"/><entry colname="C5" colsep="1" rowsep="0"/></row><row><entry align="center" colname="C1" colsep="1" rowsep="0"><p lang="en">AST 9</p></entry><entry align="center" colname="C2" colsep="1" rowsep="0"><p lang="en">1</p></entry><entry colname="C3" colsep="1" rowsep="0"/><entry align="center" colname="C4" colsep="1" rowsep="0"><p lang="en">1</p></entry><entry colname="C5" colsep="1" rowsep="0"/></row><row><entry align="center" colname="C1" colsep="1" rowsep="0"><p lang="en">AST 8</p></entry><entry align="center" colname="C2" colsep="1" rowsep="0"><p lang="en">1</p></entry><entry colname="C3" colsep="1" rowsep="0"/><entry colname="C4" colsep="1" rowsep="0"><p lang="en">1</p></entry><entry colname="C5" colsep="1" rowsep="0"/></row><row><entry align="center" colname="C1" colsep="1" rowsep="0"><p lang="en">AST 7</p></entry><entry align="center" colname="C2" colsep="1" rowsep="0"><p lang="en">1</p></entry><entry colname="C3" colsep="1" rowsep="0"/><entry align="center" colname="C4" colsep="1" rowsep="0"><p lang="en">1</p></entry><entry colname="C5" colsep="1" rowsep="0"/></row><row><entry align="center" colname="C1" colsep="1" rowsep="0"><p lang="en">AST 6</p></entry><entry align="center" colname="C2" colsep="1" rowsep="0"><p lang="en">1</p></entry><entry colname="C3" colsep="1" rowsep="0"/><entry align="center" colname="C4" colsep="1" rowsep="0"><p lang="en">1</p></entry><entry colname="C5" colsep="1" rowsep="0"/></row><row><entry align="center" colname="C1" colsep="1" rowsep="0"><p lang="en">AST 5</p></entry><entry align="center" colname="C2" colsep="1" rowsep="0"><p lang="en">3</p></entry><entry colname="C3" colsep="1" rowsep="0"/><entry align="center" colname="C4" colsep="1" rowsep="0"><p lang="en">3</p></entry><entry colname="C5" colsep="1" rowsep="0"/></row><row><entry align="center" colname="C1" colsep="1" rowsep="0"><p lang="en">AST 4</p></entry><entry align="center" colname="C2" colsep="1" rowsep="0"><p lang="en">3</p></entry><entry colname="C3" colsep="1" rowsep="0"/><entry align="center" colname="C4" colsep="1" rowsep="0"><p lang="en">2</p></entry><entry colname="C5" colsep="1" rowsep="0"/></row><row><entry align="center" colname="C1" colsep="1" rowsep="0"><p lang="en">AST 3</p></entry><entry align="center" colname="C2" colsep="1" rowsep="0"><p lang="en">2</p></entry><entry colname="C3" colsep="1" rowsep="0"/><entry align="center" colname="C4" colsep="1" rowsep="0"><p lang="en">3</p></entry><entry colname="C5" colsep="1" rowsep="0"/></row><row><entry align="center" colname="C1" colsep="1" rowsep="0"><p lang="en">AST 2</p></entry><entry align="center" colname="C2" colsep="1" rowsep="0"><p lang="en">3</p></entry><entry colname="C3" colsep="1" rowsep="0"/><entry align="center" colname="C4" colsep="1" rowsep="0"><p lang="en">3</p></entry><entry colname="C5" colsep="1" rowsep="0"/></row><row><entry align="center" colname="C1" colsep="1" rowsep="0"><p lang="en">AST 1</p></entry><entry colname="C2" colsep="1" rowsep="1"/><entry colname="C3" colsep="1" rowsep="1"/><entry colname="C4" colsep="1" rowsep="1"/><entry colname="C5" colsep="1" rowsep="1"/></row><row><entry align="right" colname="C1" colsep="1" rowsep="1"><p lang="en">AST total</p></entry><entry align="center" colname="C2" colsep="1" rowsep="1"><p lang="en">15</p></entry><entry colname="C3" colsep="1" rowsep="1"/><entry align="center" colname="C4" colsep="1" rowsep="1"><p lang="en">15</p></entry><entry colname="C5" colsep="1" rowsep="1"/></row><row><entry align="right" colname="C1" colsep="1" rowsep="1"><p lang="en"><ft type="glossary">Grand total</ft></p></entry><entry align="center" colname="C2" colsep="1" rowsep="1"><p lang="en">43</p></entry><entry colname="C3" colsep="1" rowsep="1"/><entry align="center" colname="C4" colsep="1" rowsep="1"><p lang="en">41</p></entry><entry colname="C5" colsep="1" rowsep="1"/></row></tbody></tgroup></table></bud-text></nmc-grseq></nmc-grseq></nmc-section>