<?xml version="1.0" encoding="UTF-8"?>
<nmc-section alias="SEC5" conc_poli_status="open" conc_tech_status="open_both" id="dd2a8986-adea-456d-b71b-b3c9bb23dabe-N44362"><bud-heading><p lang="en">SECTION V — COURT OF AUDITORS</p></bud-heading><nmc-revenue alias="R" id="dd2a8986-adea-456d-b71b-b3c9bb23dabe-N44369"><bud-heading><p lang="en">OWN RESOURCES</p></bud-heading><bud-data exprev="rev" tot="tot"/><nmc-title alias="4" id="dd2a8986-adea-456d-b71b-b3c9bb23dabe-N44373"><bud-heading><p lang="en">REVENUE ACCRUING FROM PERSONS WORKING WITH THE INSTITUTION</p></bud-heading><bud-data exprev="rev" tot="tot"/><nmc-chapter alias="4 0" id="dd2a8986-adea-456d-b71b-b3c9bb23dabe-N4437D"><bud-heading><p lang="en">Miscellaneous taxes and deductions</p></bud-heading><bud-data exprev="rev" tot="tot"/><nmc-article alias="4 0 0" id="dd2a8986-adea-456d-b71b-b3c9bb23dabe-N44387"><bud-heading><p lang="en">Proceeds from taxation of salaries, wages and allowances of Members of the institution, officials and other servants</p></bud-heading><bud-data exprev="rev"><amounts><amount year="n"><figure>10 210 000</figure></amount><amount year="nm1"><figure>10 497 081</figure></amount><amount year="nm2"><figure>9 358 372,47</figure></amount></amounts></bud-data><bud-remarks><p lang="en">Protocol on the privileges and immunities of the European Union, and in particular Article 12 thereof.</p><p lang="en">Regulation No 422/67/EEC, No 5/67/Euratom of the Council of 25 July 1967 determining the emoluments of the President and Members of the Commission, of the President, Judges, Advocates-General and Registrar of the Court of Justice, of the President, Members and Registrar of the Court of First Instance and of the President, Members and Registrar of the European Union Civil Service Tribunal (OJ 187, 8.8.1967, p. 1).</p><p lang="en">Regulation (EEC, Euratom, ECSC) No 260/68 of the Council of 29 February 1968 laying down the conditions and procedure for applying the tax for the benefit of the European Communities (OJ L 56, 4.3.1968, p. 8).</p><p lang="en">Council Regulation (EEC, Euratom, ECSC) No 2290/77 of 18 October 1977 determining the emoluments of the Members of the Court of Auditors (OJ L 268, 20.10.1977, p. 1).</p></bud-remarks></nmc-article><nmc-article alias="4 0 3" id="dd2a8986-adea-456d-b71b-b3c9bb23dabe-N443AA"><bud-heading><p lang="en">Proceeds from the temporary contribution from the salaries of Members of the institution, officials and other servants in active employment</p></bud-heading><bud-data exprev="rev"><amounts><amount year="n"><figure>p.m.</figure></amount><amount year="nm1"><figure>p.m.</figure></amount><amount year="nm2"><figure>0,00</figure></amount></amounts></bud-data><bud-remarks><p lang="en">Regulation No 422/67/EEC, No 5/67/Euratom of the Council of 25 July 1967 determining the emoluments of the President and Members of the Commission, of the President, Judges, Advocates-General and Registrar of the Court of Justice, of the President, Members and Registrar of the Court of First Instance and of the President, Members and Registrar of the European Union Civil Service Tribunal (OJ 187, 8.8.1967, p. 1).</p><p lang="en">Council Regulation (EEC, Euratom, ECSC) No 2290/77 of 18 October 1977 determining the emoluments of the Members of the Court of Auditors (OJ L 268, 20.10.1977, p. 1).</p><p lang="en">Staff Regulations of Officials of the European Communities, and in particular Article 66a thereof in the version in force until 15 December 2003.</p></bud-remarks></nmc-article><nmc-article alias="4 0 4" id="dd2a8986-adea-456d-b71b-b3c9bb23dabe-N443CA"><bud-heading><p lang="en">Proceeds from the special levy on the salaries of Members of the institution, officials and other servants in active employment</p></bud-heading><bud-data exprev="rev"><amounts><amount year="n"><figure>1 400 000</figure></amount><amount year="nm1"><figure>1 100 000</figure></amount><amount year="nm2"><figure>1 296 219,56</figure></amount></amounts></bud-data><bud-remarks><p lang="en">Staff Regulations of Officials of the European Union, and in particular Article 66a thereof.</p><p lang="en">Council Regulation (EEC, Euratom, ECSC) No 2290/77 of 18 October 1977 determining the emoluments of the Members of the Court of Auditors (OJ L 268, 20.10.1977, p. 1). </p></bud-remarks></nmc-article></nmc-chapter><nmc-chapter alias="4 1" id="dd2a8986-adea-456d-b71b-b3c9bb23dabe-N443E7"><bud-heading><p lang="en">Contributions to pension scheme</p></bud-heading><bud-data exprev="rev" tot="tot"/><nmc-article alias="4 1 0" id="dd2a8986-adea-456d-b71b-b3c9bb23dabe-N443F1"><bud-heading><p lang="en">Staff contributions to the pension scheme </p></bud-heading><bud-data exprev="rev"><amounts><amount year="n"><figure>8 300 000</figure></amount><amount year="nm1"><figure>7 715 532</figure></amount><amount year="nm2"><figure>7 650 484,26</figure></amount></amounts></bud-data><bud-remarks><p lang="en">Staff Regulations of Officials of the European Union, and in particular Article 83(2) thereof.</p></bud-remarks></nmc-article><nmc-article alias="4 1 1" id="dd2a8986-adea-456d-b71b-b3c9bb23dabe-N4440A"><bud-heading><p>Transfer or repayment of pension rights by staff </p></bud-heading><bud-data exprev="rev"><amounts><amount year="n"><figure>1 300 000</figure></amount><amount year="nm1"><figure>1 300 000</figure></amount><amount year="nm2"><figure>48 110,16</figure></amount></amounts></bud-data><bud-remarks><p lang="en">Staff Regulations of Officials of the European Union, and in particular Article 4, Article 11(2) and (3) and Article 48 of Annex VIII thereto.</p></bud-remarks></nmc-article><nmc-article alias="4 1 2" id="dd2a8986-adea-456d-b71b-b3c9bb23dabe-N44423"><bud-heading><p lang="en">Contributions to the pension scheme by officials and temporary staff on leave on personal grounds </p></bud-heading><bud-data exprev="rev"><amounts><amount year="n"><figure>p.m.</figure></amount><amount year="nm1"><figure>p.m.</figure></amount><amount year="nm2"><figure>86,62</figure></amount></amounts></bud-data><bud-remarks><p lang="en">Staff Regulations of Officials of the European Union.</p><p lang="en">Conditions of Employment of Other Servants of the European Union.</p></bud-remarks></nmc-article></nmc-chapter></nmc-title><nmc-title alias="5" id="dd2a8986-adea-456d-b71b-b3c9bb23dabe-N4443F"><bud-heading><p>REVENUE ACCRUING FROM THE ADMINISTRATIVE OPERATION OF THE INSTITUTION</p></bud-heading><bud-data exprev="rev" tot="tot"/><nmc-chapter alias="5 0" id="dd2a8986-adea-456d-b71b-b3c9bb23dabe-N44448"><bud-heading><p>PROCEEDS FROM THE SALE OF MOVABLE PROPERTY (SUPPLIES) AND IMMOVABLE PROPERTY</p></bud-heading><bud-data exprev="rev" tot="tot"/><nmc-article alias="5 0 0" id="dd2a8986-adea-456d-b71b-b3c9bb23dabe-N44451"><bud-heading><p>Proceeds from the sale of movable property (supplies)</p></bud-heading><bud-data exprev="rev" tot="tot"/><nmc-item alias="5 0 0 0" id="dd2a8986-adea-456d-b71b-b3c9bb23dabe-N4445A"><bud-heading><p>Proceeds from the sale of vehicles — Assigned revenue </p></bud-heading><bud-data exprev="rev"><amounts><amount year="n"><figure>p.m.</figure></amount><amount year="nm1"><figure>p.m.</figure></amount><amount year="nm2"><figure>0,00</figure></amount></amounts></bud-data><bud-remarks><p lang="en">This item is intended to record revenue from the sale or part-exchange of vehicles belonging to the institution.</p><p lang="en">In accordance with Article 18(1)(e) to (j) of the Financial Regulation, this revenue is to be considered as assigned revenue and gives rise to the entry of additional appropriations on the lines which bore the initial expenditure giving rise to the corresponding revenue.</p></bud-remarks></nmc-item><nmc-item alias="5 0 0 1" id="dd2a8986-adea-456d-b71b-b3c9bb23dabe-N44476"><bud-heading><p>Proceeds from the sale of other movable property — Assigned revenue (ex Article 5 0 0)</p></bud-heading><bud-data exprev="rev"><amounts><amount year="n"><figure>p.m.</figure></amount><amount year="nm1"><figure>p.m.</figure></amount><amount year="nm2"><figure>0,00</figure></amount></amounts></bud-data><bud-remarks><p lang="en">This item is intended to record revenue accruing from the sale or part-exchange of movable property other than vehicles belonging to the institution.</p><p lang="en">In accordance with Article 18(1)(e) to (j) of the Financial Regulation, this revenue is to be considered as assigned revenue and gives rise to the entry of additional appropriations on the lines which bore the initial expenditure giving rise to the corresponding revenue.</p></bud-remarks></nmc-item></nmc-article><nmc-article alias="5 0 2" id="dd2a8986-adea-456d-b71b-b3c9bb23dabe-N44491"><bud-heading><p>Proceeds from the sale of publications, printed works and films — Assigned revenue</p></bud-heading><bud-data exprev="rev"><amounts><amount year="n"><figure>p.m.</figure></amount><amount year="nm1"><figure>p.m.</figure></amount><amount year="nm2"><figure>16 281,41</figure></amount></amounts></bud-data><bud-remarks><p lang="en">In accordance with Article 18(1)(e) to (j) of the Financial Regulation, this revenue is to be considered as assigned revenue and gives rise to the entry of additional appropriations on the lines which bore the initial expenditure giving rise to the corresponding revenue.</p><p lang="en">This article also includes revenue from the sale of such products in electronic format. The revenue is estimated at EUR 70 000.</p></bud-remarks></nmc-article></nmc-chapter><nmc-chapter alias="5 1" id="dd2a8986-adea-456d-b71b-b3c9bb23dabe-N444AD"><bud-heading><p lang="en">PROCEEDS FROM LETTING</p></bud-heading><bud-data exprev="rev" tot="tot"/><nmc-article alias="5 1 1" id="dd2a8986-adea-456d-b71b-b3c9bb23dabe-N444B8"><bud-heading><p>Proceeds from letting and subletting immovable property and reimbursement of charges connected with lettings</p></bud-heading><bud-data exprev="rev" tot="tot"/><nmc-item alias="5 1 1 0" id="dd2a8986-adea-456d-b71b-b3c9bb23dabe-N444C2"><bud-heading><p>Proceeds from letting and subletting immovable property — Assigned revenue</p></bud-heading><bud-data exprev="rev"><amounts><amount year="n"><figure>p.m.</figure></amount><amount year="nm1"><figure>p.m.</figure></amount><amount year="nm2"><figure>0,00</figure></amount></amounts></bud-data><bud-remarks><p lang="en">In accordance with Article 18(1)(e) to (j) of the Financial Regulation, this revenue is to be considered as assigned revenue and gives rise to the entry of additional appropriations on the lines which bore the initial expenditure giving rise to the corresponding revenue.</p></bud-remarks></nmc-item><nmc-item alias="5 1 1 1" id="dd2a8986-adea-456d-b71b-b3c9bb23dabe-N444DB"><bud-heading><p>Reimbursement of charges connected with lettings — Assigned revenue</p></bud-heading><bud-data exprev="rev"><amounts><amount year="n"><figure>p.m.</figure></amount><amount year="nm1"><figure>p.m.</figure></amount><amount year="nm2"><figure>0,00</figure></amount></amounts></bud-data><bud-remarks><p lang="en">In accordance with Article 18(1)(e) to (j) of the Financial Regulation, this revenue is to be considered as assigned revenue and gives rise to the entry of additional appropriations on the lines which bore the initial expenditure giving rise to the corresponding revenue.</p></bud-remarks></nmc-item></nmc-article></nmc-chapter><nmc-chapter alias="5 2" id="dd2a8986-adea-456d-b71b-b3c9bb23dabe-N444F4"><bud-heading><p>REVENUE FROM INVESTMENTS OR LOANS GRANTED, BANK AND OTHER INTEREST</p></bud-heading><bud-data exprev="rev" tot="tot"/><nmc-article alias="5 2 0" id="dd2a8986-adea-456d-b71b-b3c9bb23dabe-N444FD"><bud-heading><p lang="en">Revenue from investments or loans granted, bank and other interest on the institution’s accounts</p></bud-heading><bud-data exprev="rev"><amounts><amount year="n"><figure>p.m.</figure></amount><amount year="nm1"><figure>p.m.</figure></amount><amount year="nm2"><figure>45 866,43</figure></amount></amounts></bud-data><bud-remarks><p lang="en">This article is intended to record revenue from investments or loans granted, bank and other interest on the institution’s accounts.</p></bud-remarks></nmc-article><nmc-article alias="5 2 2" id="dd2a8986-adea-456d-b71b-b3c9bb23dabe-N44517"><bud-heading><p lang="en">Interest yielded by pre-financing</p></bud-heading><bud-data exprev="rev"><amounts><amount year="n"><figure>p.m.</figure></amount><amount year="nm1"><figure>p.m.</figure></amount><amount year="nm2"><figure>0,00</figure></amount></amounts></bud-data><bud-remarks><p lang="en">This article is intended to record revenue from investments or loans granted, bank and other interest on the institutions’ accounts.</p></bud-remarks></nmc-article></nmc-chapter><nmc-chapter alias="5 5" id="dd2a8986-adea-456d-b71b-b3c9bb23dabe-N44530"><bud-heading><p>REVENUE FROM THE SUPPLY OF SERVICES AND WORKS</p></bud-heading><bud-data exprev="rev" tot="tot"/><nmc-article alias="5 5 0" id="dd2a8986-adea-456d-b71b-b3c9bb23dabe-N44539"><bud-heading><p>Proceeds from the supply of services and works for other institutions or bodies, including refunds by other institutions or bodies of mission allowances paid on their behalf — Assigned revenue</p></bud-heading><bud-data exprev="rev"><amounts><amount year="n"><figure>p.m.</figure></amount><amount year="nm1"><figure>p.m.</figure></amount><amount year="nm2"><figure>0,00</figure></amount></amounts></bud-data><bud-remarks><p lang="en">In accordance with Article 18(1)(e) to (j) of the Financial Regulation, this revenue is to be considered as assigned revenue and gives rise to the entry of additional appropriations on the lines which bore the initial expenditure giving rise to the corresponding revenue.</p></bud-remarks></nmc-article><nmc-article alias="5 5 1" id="dd2a8986-adea-456d-b71b-b3c9bb23dabe-N44552"><bud-heading><p>Revenue from third parties in respect of services or work supplied at their request — Assigned revenue</p></bud-heading><bud-data exprev="rev"><amounts><amount year="n"><figure>p.m.</figure></amount><amount year="nm1"><figure>p.m.</figure></amount><amount year="nm2"><figure>0,00</figure></amount></amounts></bud-data><bud-remarks><p lang="en">In accordance with Article 18(1)(e) to (j) of the Financial Regulation, this revenue is to be considered as assigned revenue and gives rise to the entry of additional appropriations on the lines which bore the initial expenditure giving rise to the corresponding revenue.</p></bud-remarks></nmc-article></nmc-chapter><nmc-chapter alias="5 7" id="dd2a8986-adea-456d-b71b-b3c9bb23dabe-N4456B"><bud-heading><p lang="en">OTHER CONTRIBUTIONS AND REFUNDS IN CONNECTION WITH THE ADMINISTRATIVE OPERATION OF THE INSTITUTION</p></bud-heading><bud-data exprev="rev" tot="tot"/><bud-remarks/><nmc-article alias="5 7 0" id="dd2a8986-adea-456d-b71b-b3c9bb23dabe-N44576"><bud-heading><p>Revenue arising from the repayment of amounts wrongly paid — Assigned revenue</p></bud-heading><bud-data exprev="rev"><amounts><amount year="n"><figure>p.m.</figure></amount><amount year="nm1"><figure>p.m.</figure></amount><amount year="nm2"><figure>512 154,64</figure></amount></amounts></bud-data><bud-remarks><p lang="en">In accordance with Article 18(1)(e) to (j) of the Financial Regulation, this revenue is to be considered as assigned revenue and gives rise to the entry of additional appropriations on the lines which bore the initial expenditure giving rise to the corresponding revenue.</p></bud-remarks></nmc-article><nmc-article alias="5 7 1" id="dd2a8986-adea-456d-b71b-b3c9bb23dabe-N4458F"><bud-heading><p>Revenue earmarked for a specific purpose, such as income from foundations, subsidies, gifts and bequests, including the earmarked revenue specific to each institution — Assigned revenue</p></bud-heading><bud-data exprev="rev"><amounts><amount year="n"><figure>p.m.</figure></amount><amount year="nm1"><figure>p.m.</figure></amount><amount year="nm2"><figure>0,00</figure></amount></amounts></bud-data><bud-remarks><p lang="en">In accordance with Article 18(1)(e) to (j) of the Financial Regulation, this revenue is to be considered as assigned revenue and gives rise to the entry of additional appropriations on the lines which bore the initial expenditure giving rise to the corresponding revenue.</p></bud-remarks></nmc-article><nmc-article alias="5 7 3" id="dd2a8986-adea-456d-b71b-b3c9bb23dabe-N445A8"><bud-heading><p lang="en">Other contributions and refunds in connection with the administrative operation of the institution — Assigned revenue</p></bud-heading><bud-data exprev="rev"><amounts><amount year="n"><figure>p.m.</figure></amount><amount year="nm1"><figure>p.m.</figure></amount><amount year="nm2"><figure>0,00</figure></amount></amounts></bud-data><bud-remarks><p lang="en">In accordance with Article 18(1)(e) to (j) of the Financial Regulation, this revenue is to be considered as assigned revenue and gives rise to the entry of additional appropriations on the lines which bore the initial expenditure giving rise to the corresponding revenue.</p></bud-remarks></nmc-article></nmc-chapter><nmc-chapter alias="5 8" id="dd2a8986-adea-456d-b71b-b3c9bb23dabe-N445C2"><bud-heading><p>MISCELLANEOUS COMPENSATION</p></bud-heading><bud-data exprev="rev" tot="tot"/><bud-remarks/><nmc-article alias="5 8 0" id="dd2a8986-adea-456d-b71b-b3c9bb23dabe-N445CC"><bud-heading><p>Revenue accruing from rental allowances — Assigned revenue</p></bud-heading><bud-data exprev="rev"><amounts><amount year="n"><figure>p.m.</figure></amount><amount year="nm1"><figure>p.m.</figure></amount><amount year="nm2"><figure>0,00</figure></amount></amounts></bud-data><bud-remarks><p lang="en">In accordance with Article 18(1)(e) to (j) of the Financial Regulation, this revenue is to be considered as assigned revenue and gives rise to the entry of additional appropriations on the lines which bore the initial expenditure giving rise to the corresponding revenue.</p></bud-remarks></nmc-article><nmc-article alias="5 8 1" id="dd2a8986-adea-456d-b71b-b3c9bb23dabe-N445E5"><bud-heading><p>Revenue from insurance payments received — Assigned revenue</p></bud-heading><bud-data exprev="rev"><amounts><amount year="n"><figure>p.m.</figure></amount><amount year="nm1"><figure>p.m.</figure></amount><amount year="nm2"><figure>0,00</figure></amount></amounts></bud-data><bud-remarks><p lang="en">In accordance with Article 18(1)(e) to (j) of the Financial Regulation, this revenue is to be considered as assigned revenue and gives rise to the entry of additional appropriations on the lines which bore the initial expenditure giving rise to the corresponding revenue.</p></bud-remarks></nmc-article></nmc-chapter><nmc-chapter alias="5 9" id="dd2a8986-adea-456d-b71b-b3c9bb23dabe-N445FE"><bud-heading><p>OTHER REVENUE FROM ADMINISTRATIVE OPERATIONS</p></bud-heading><bud-data exprev="rev" tot="tot"/><bud-remarks/><nmc-article alias="5 9 0" id="dd2a8986-adea-456d-b71b-b3c9bb23dabe-N44608"><bud-heading><p>Other revenue from administrative operations</p></bud-heading><bud-data exprev="rev"><amounts><amount year="n"><figure>p.m.</figure></amount><amount year="nm1"><figure>p.m.</figure></amount><amount year="nm2"><figure>0,00</figure></amount></amounts></bud-data><bud-remarks><p>This article is intended to record other revenue from administrative operations.</p></bud-remarks></nmc-article></nmc-chapter></nmc-title><nmc-title alias="9" id="dd2a8986-adea-456d-b71b-b3c9bb23dabe-N44620"><bud-heading><p>MISCELLANEOUS REVENUE</p></bud-heading><bud-data exprev="rev" tot="tot"/><nmc-chapter alias="9 0" id="dd2a8986-adea-456d-b71b-b3c9bb23dabe-N44629"><bud-heading><p>MISCELLANEOUS REVENUE</p></bud-heading><bud-data exprev="rev" tot="tot"/><nmc-article alias="9 0 0" id="dd2a8986-adea-456d-b71b-b3c9bb23dabe-N44632"><bud-heading><p>Miscellaneous revenue</p></bud-heading><bud-data exprev="rev"><amounts><amount year="n"><figure>200 000</figure></amount><amount year="nm1"><figure>200 000</figure></amount><amount year="nm2"><figure>358,15</figure></amount></amounts></bud-data><bud-remarks><p>This article is intended to record miscellaneous revenue.</p></bud-remarks></nmc-article></nmc-chapter></nmc-title></nmc-revenue><nmc-expenditure alias="E" id="dd2a8986-adea-456d-b71b-b3c9bb23dabe-N4464A"><bud-heading><p>EXPENDITURE</p></bud-heading><bud-data exprev="exp" tot="tot"/><nmc-title alias="1" id="dd2a8986-adea-456d-b71b-b3c9bb23dabe-N44653"><bud-heading><p lang="en">PERSONS WORKING WITH THE INSTITUTION</p></bud-heading><bud-data exprev="exp" tot="tot"/><nmc-chapter alias="1 0" id="dd2a8986-adea-456d-b71b-b3c9bb23dabe-N4465D"><bud-heading><p lang="en">MEMBERS OF THE INSTITUTION</p></bud-heading><bud-data exprev="exp" tot="tot"/><nmc-article alias="1 0 0" id="dd2a8986-adea-456d-b71b-b3c9bb23dabe-N44667"><bud-heading><p lang="en">Remuneration and other entitlements</p></bud-heading><bud-data exprev="exp" tot="tot"/><nmc-item alias="1 0 0 0" id="dd2a8986-adea-456d-b71b-b3c9bb23dabe-N44671"><bud-heading><p lang="en">Remuneration, allowances and pensions</p></bud-heading><bud-data exprev="exp"><amounts><amount catpol="5.15" comp="true" year="n"><figure>8 495 000</figure></amount><amount catpol="5.15" comp="true" year="nm1"><figure>8 324 835</figure></amount><amount catpol="5.15" year="nm2"><figure>8 439 265,02</figure></amount></amounts><relations><relation type="traditional" value="1 0 0 0"/></relations></bud-data><bud-remarks><p lang="en">Council Regulation (EEC, Euratom, ECSC) No 2290/77 of 18 October 1977 determining the emoluments of the Members of the Court of Auditors (OJ L 268, 20.10.1977, p. 1), and in particular Article 2 thereof.</p><p lang="en">This appropriation is intended to cover the salaries and allowances of Members of the Court of Auditors as well as the effect of the weightings applicable to remuneration and to transfers of part of the remuneration to a Member State other than that of the place of employment.</p></bud-remarks></nmc-item><nmc-item alias="1 0 0 2" id="dd2a8986-adea-456d-b71b-b3c9bb23dabe-N44695"><bud-heading><p lang="en">Entitlements on entering and leaving the service</p></bud-heading><bud-data exprev="exp"><amounts><amount catpol="5.15" year="n"><figure>829 000</figure></amount><amount catpol="5.15" year="nm1"><figure>59 255</figure></amount><amount catpol="5.15" year="nm2"><figure>652 440,41</figure></amount></amounts><relations><relation type="traditional" value="1 0 0 2"/></relations></bud-data><bud-remarks><p lang="en">Council Regulation (EEC, Euratom, ECSC) No 2290/77 of 18 October 1977 determining the emoluments of the Members of the Court of Auditors (OJ L 268, 20.10.1977, p. 1), and in particular Article 6 thereof.</p><list type="dash"><int.li><p lang="en">This appropriation is intended to cover:</p></int.li><item><p lang="en">travel expenses due to Members of the Court of Auditors on entering or leaving the service,</p></item><item><p lang="en">installation and resettlement allowances due to Members of the Court of Auditors on entering or leaving the service,</p></item><item><p lang="en">removal expenses due to Members of the Court of Auditors on entering or leaving the service.</p></item></list></bud-remarks></nmc-item></nmc-article><nmc-article alias="1 0 2" id="dd2a8986-adea-456d-b71b-b3c9bb23dabe-N446C8"><bud-heading><p>Temporary allowances</p></bud-heading><bud-data exprev="exp"><amounts><amount catpol="5.15" year="n"><figure>1 682 253</figure></amount><amount catpol="5.15" year="nm1"><figure>957 552</figure></amount><amount catpol="5.15" year="nm2"><figure>920 877,68</figure></amount></amounts><relations><relation type="traditional" value="1 0 2"/></relations></bud-data><bud-remarks><p lang="en">Council Regulation (EEC, Euratom, ECSC) No 2290/77 of 18 October 1977 determining the emoluments of the Members of the Court of Auditors (OJ L 268, 20.10.1977, p. 1), and in particular Article 8 thereof.</p><p lang="en">This appropriation is intended to cover temporary allowances and family allowances for Members of the Court of Auditors after termination of service. </p></bud-remarks></nmc-article><nmc-article alias="1 0 3" id="dd2a8986-adea-456d-b71b-b3c9bb23dabe-N446EB"><bud-heading><p lang="fr">Pensions</p></bud-heading><bud-data exprev="exp"><amounts><amount catpol="5.15" year="n"><figure>3 128 000</figure></amount><amount catpol="5.15" year="nm1"><figure>3 097 552</figure></amount><amount year="nm2"><figure>2 599 228,13</figure></amount></amounts></bud-data><bud-remarks><p lang="en">Council Regulation (EEC, Euratom, ECSC) No 2290/77 of 18 October 1977 determining the emoluments of the Members of the Court of Auditors (OJ L 268, 20.10.1977, p. 1), and in particular Articles 9, 10, 11 and 16 thereof.</p><p lang="en">This appropriation is intended to cover the retirement pensions and invalidity pensions of former Members of the Court of Auditors and the survivors’ pensions for their surviving spouses and orphans.</p></bud-remarks></nmc-article><nmc-article alias="1 0 4" id="dd2a8986-adea-456d-b71b-b3c9bb23dabe-N44708"><bud-heading><p lang="fr">Missions</p></bud-heading><bud-data exprev="exp"><amounts><amount catpol="5.15" year="n"><figure>308 000</figure></amount><amount catpol="5.15" year="nm1"><figure>328 673</figure></amount><amount catpol="5.15" year="nm2"><figure>274 703,30</figure></amount></amounts><relations><relation type="traditional" value="1 0 4"/></relations></bud-data><bud-remarks><p lang="en">Council Regulation (EEC, Euratom, ECSC) No 2290/77 of 18 October 1977 determining the emoluments of the Members of the Court of Auditors (OJ L 268, 20.10.1977, p. 1), and in particular Article 6 thereof.</p><p lang="en">This appropriation is intended to cover travel expenses, subsistence allowances and additional or exceptional expenditure incurred on mission.</p><p lang="en">The amount of assigned revenue in accordance with Article 18(1)(g) of the Financial Regulation is estimated at EUR 2 000.</p></bud-remarks></nmc-article><nmc-article alias="1 0 6" id="dd2a8986-adea-456d-b71b-b3c9bb23dabe-N4472F"><bud-heading><p lang="en">Training</p></bud-heading><bud-data exprev="exp"><amounts><amount catpol="5.15" year="n"><figure>100 000</figure></amount><amount catpol="5.15" year="nm1"><figure>81 154</figure></amount><amount catpol="5.15" year="nm2"><figure>93 349,36</figure></amount></amounts><relations><relation type="traditional" value="1 0 6"/></relations></bud-data><bud-remarks><p lang="en">This appropriation is intended to cover the costs of participation in language courses and other vocational training courses by Members of the Court of Auditors. </p></bud-remarks></nmc-article><nmc-article alias="1 0 9" id="dd2a8986-adea-456d-b71b-b3c9bb23dabe-N44750"><bud-heading><p>Provisional appropriation</p></bud-heading><bud-data exprev="exp"><amounts><amount catpol="5.15" year="n"><figure>50 030</figure></amount><amount catpol="5.15" year="nm1"><figure>80 729</figure></amount><amount catpol="5.15" year="nm2"><figure>0,—</figure></amount></amounts></bud-data><bud-remarks><p lang="en">Council Regulation (EC, Euratom) No 1605/2002 of 25 June 2002 on the Financial Regulation applicable to the general budget of the European Communities (OJ L 248, 16.9.2002, p. 1).</p><p lang="en">This appropriation is intended to cover the effect of any salary and pension adjustments which may be made by the Council in the course of the financial year.</p><p lang="en">This appropriation is purely provisional and may be used only after its transfer to other headings in accordance with the Financial Regulation.</p></bud-remarks></nmc-article></nmc-chapter><nmc-chapter alias="1 2" id="dd2a8986-adea-456d-b71b-b3c9bb23dabe-N44772"><bud-heading><p lang="en">OFFICIALS AND TEMPORARY STAFF </p></bud-heading><bud-data exprev="exp" tot="tot"/><bud-remarks><p lang="en">A standard abatement of 3 % has been applied to the appropriations entered in this chapter.</p></bud-remarks><nmc-article alias="1 2 0" id="dd2a8986-adea-456d-b71b-b3c9bb23dabe-N44780"><bud-heading><p lang="en">Remuneration and other entitlements</p></bud-heading><bud-data exprev="exp" tot="tot"/><nmc-item alias="1 2 0 0" id="dd2a8986-adea-456d-b71b-b3c9bb23dabe-N4478A"><bud-heading><p lang="en">Remuneration and allowances</p></bud-heading><bud-data exprev="exp"><amounts><amount catpol="5.15" year="n"><figure>94 540 000</figure></amount><amount catpol="5.15" year="nm1"><figure>93 768 394</figure></amount><amount catpol="5.15" year="nm2"><figure>85 608 074,84</figure></amount></amounts><relations><relation type="traditional" value="1 1 0 0"/></relations></bud-data><bud-remarks><p lang="en">Staff Regulations of Officials of the European Union.</p><p lang="en">Conditions of Employment of Other Servants of the European Union.</p><list type="dash"><int.li><p lang="en">This appropriation is mainly intended to cover, for officials and temporary staff holding a post provided for in the establishment plan:</p></int.li><item><p lang="en">salaries and salary-related allowances,</p></item><item><p lang="en">insurance against sickness, accident and occupational disease and other social security contributions,</p></item><item><p lang="en">the institution’s sickness insurance contributions,</p></item><item><p lang="en">miscellaneous allowances and grants,</p></item><item><p lang="en">the payment of travel costs of officials and temporary staff, and of their spouses and dependants, from the place of employment to the place of origin,</p></item><item><p lang="en">the effect of the weightings applicable to remuneration and to transfers of part of the remuneration to a Member State other than that of the place of employment,</p></item><item><p lang="en">the provision of unemployment benefit for temporary staff and payments by the institution to constitute or maintain pension rights for temporary staff in their country of origin,</p></item><item><p lang="en">the allowance granted to probationer officials dismissed for reasons of manifest unsuitability,</p></item><item><p lang="en">the compensation paid in the event of cancellation by the institution of the contract of a temporary member of staff,</p></item><item><p lang="en">allowances for round-the-clock or shift duties or for standby duty at work and/or at home.</p></item></list><p lang="en">Amount of assigned revenue in accordance with Article 18(1)(e) to (j) of the Financial Regulation: p.m.</p></bud-remarks></nmc-item><nmc-item alias="1 2 0 2" id="dd2a8986-adea-456d-b71b-b3c9bb23dabe-N447DF"><bud-heading><p lang="en">Paid overtime</p></bud-heading><bud-data exprev="exp"><amounts><amount catpol="5.15" year="n"><figure>460 000</figure></amount><amount catpol="5.15" year="nm1"><figure>531 751</figure></amount><amount catpol="5.15" year="nm2"><figure>462 234,15</figure></amount></amounts><relations><relation type="traditional" value="1 1 0 2"/></relations></bud-data><bud-remarks><p lang="en">Staff Regulations of Officials of the European Union, and in particular Article 56 thereof and Annex VI thereto.</p><p lang="en">This appropriation is intended to cover overtime worked in the conditions laid down by the abovementioned provisions.</p></bud-remarks></nmc-item><nmc-item alias="1 2 0 4" id="dd2a8986-adea-456d-b71b-b3c9bb23dabe-N44803"><bud-heading><p lang="en">Entitlements on entering and leaving the service and on transfer</p></bud-heading><bud-data exprev="exp"><amounts><amount catpol="5.15" year="n"><figure>1 067 000</figure></amount><amount catpol="5.15" year="nm1"><figure>1 046 579</figure></amount><amount catpol="5.15" year="nm2"><figure>1 388 328,11</figure></amount></amounts></bud-data><bud-remarks><p lang="en">Staff Regulations of Officials of the European Union.</p><p lang="en">Conditions of Employment of Other Servants of the European Union.</p><list type="dash"><int.li><p lang="en">This appropriation is intended to cover:</p></int.li><item><p lang="en">the travel expenses due to officials and temporary staff (including their families) on taking up their duties or leaving the institution or on transfer, involving a change in place of employment,</p></item><item><p lang="en">the installation/resettlement allowances and removal expenses due to officials and temporary staff obliged to change their place of residence on taking up their duties or on their assignment to a new place of employment and upon finally leaving the institution and resettling elsewhere,</p></item><item><p lang="en">the daily subsistence allowances for officials and temporary staff who furnish evidence that they must change their place of residence on taking up their duties or on their assignment to a new place of employment,</p></item><item><p lang="en">the difference between the contributions paid by auxiliary staff to a pension scheme of a Member State and those due to the Union scheme in the event of a contract amendment.</p></item></list><p lang="en">Amount of assigned revenue in accordance with Article 18(1)(e) to (j) of the Financial Regulation: p.m.</p></bud-remarks></nmc-item></nmc-article><nmc-article alias="1 2 2" id="dd2a8986-adea-456d-b71b-b3c9bb23dabe-N4483C"><bud-heading><p lang="en">Allowances upon early termination of service</p></bud-heading><bud-data exprev="exp" tot="tot"/><nmc-item alias="1 2 2 0" id="dd2a8986-adea-456d-b71b-b3c9bb23dabe-N44846"><bud-heading><p lang="en">Allowances for staff retired in the interests of the service (Articles 41 and 50 of the Staff Regulations)</p></bud-heading><bud-data exprev="exp"><amounts><amount catpol="5.15" year="n"><figure>p.m.</figure></amount><amount catpol="5.15" year="nm1"><figure>p.m.</figure></amount><amount catpol="5.15" year="nm2"><figure>p.m.</figure></amount></amounts></bud-data><bud-remarks><p lang="en">Staff Regulations of Officials of the European Union, and in particular Articles 41 and 50 thereof and Annex IV thereto.</p><p lang="en">This appropriation is intended to cover allowances to officials assigned non-active status following a reduction in the number of posts in the institution, or to officials holding a senior executive post who are retired in the interests of the service.</p></bud-remarks></nmc-item><nmc-item alias="1 2 2 2" id="dd2a8986-adea-456d-b71b-b3c9bb23dabe-N44866"><bud-heading><p lang="en">Allowances for staff whose service is terminated and special retirement scheme for officials and temporary staff</p></bud-heading><bud-data exprev="exp"><amounts><amount catpol="5.15" year="n"><figure>p.m.</figure></amount><amount catpol="5.15" year="nm1"><figure>p.m.</figure></amount><amount catpol="5.15" year="nm2"><figure>p.m.</figure></amount></amounts></bud-data><bud-remarks><p lang="en">Staff Regulations of Officials of the European Union, and in particular Articles 64 and 72 thereof.</p><list type="dash"><int.li><p lang="en">This appropriation is intended to cover:</p></int.li><item><p lang="en">the allowances to be paid in accordance with the Staff Regulations or other Regulations,</p></item><item><p lang="en">the employer’s contribution towards sickness insurance for recipients of allowances,</p></item><item><p lang="en">the effect of weightings applicable to various allowances.</p></item></list></bud-remarks></nmc-item></nmc-article><nmc-article alias="1 2 9" id="dd2a8986-adea-456d-b71b-b3c9bb23dabe-N44895"><bud-heading><p>Provisional appropriation</p></bud-heading><bud-data exprev="exp"><amounts><amount catpol="5.15" year="n"><figure>419 831</figure></amount><amount catpol="5.15" year="nm1"><figure>609 846</figure></amount><amount catpol="5.15" year="nm2"><figure>0,—</figure></amount></amounts></bud-data><bud-remarks><p lang="en">Staff Regulations of Officials of the European Union, and in particular Articles 65 and 65a thereof and Annex XI thereto.</p><p lang="en">Council Regulation (EC, Euratom) No 1605/2002 of 25 June 2002 on the Financial Regulation applicable to the general budget of the European Communities (OJ L 248, 16.9.2002, p. 1).</p><p lang="en">This appropriation is intended to cover the cost of any adjustments to remuneration approved by the Council during the financial year.</p><p lang="en">This appropriation is purely provisional and may be used only after its transfer to other articles or items of this chapter in accordance with the Financial Regulation.</p></bud-remarks></nmc-article></nmc-chapter><nmc-chapter alias="1 4" id="dd2a8986-adea-456d-b71b-b3c9bb23dabe-N448BA"><bud-heading><p lang="en">OTHER STAFF AND EXTERNAL SERVICES </p></bud-heading><bud-data exprev="exp" tot="tot"/><nmc-article alias="1 4 0" id="dd2a8986-adea-456d-b71b-b3c9bb23dabe-N448C4"><bud-heading><p lang="en">Other staff and external persons</p></bud-heading><bud-data exprev="exp" tot="tot"/><nmc-item alias="1 4 0 0" id="dd2a8986-adea-456d-b71b-b3c9bb23dabe-N448CE"><bud-heading><p lang="en">Other staff </p></bud-heading><bud-data exprev="exp"><amounts><amount catpol="5.15" year="n"><figure>2 685 000</figure></amount><amount catpol="5.15" year="nm1"><figure>2 221 749</figure></amount><amount catpol="5.15" year="nm2"><figure>2 374 587,02</figure></amount></amounts><relations><relation type="traditional" value="1 2 1 0"/></relations></bud-data><bud-remarks><p lang="en">Staff Regulations of Officials of the European Union.</p><p lang="en">Conditions of Employment of Other Servants of the European Union.</p><list type="dash"><int.li><p lang="en">This appropriation is mainly intended to cover the following expenditure:</p></int.li><item><p lang="en">the remuneration of other staff, in particular auxiliaries, contract workers, local staff, special advisers (within the meaning of the Conditions of Employment of Other Servants of the European Union), the institution’s social security contributions in respect of such staff and the effect of the weightings applicable to their remuneration,</p></item><item><p lang="en">the fees of medical and paramedical staff paid under the performance of service scheme and, in special cases, the employment of temporary staff.</p></item></list><p lang="en">Amount of assigned revenue in accordance with Article 18(1)(e) to (j) of the Financial Regulation: p.m.</p></bud-remarks></nmc-item><nmc-item alias="1 4 0 4" id="dd2a8986-adea-456d-b71b-b3c9bb23dabe-N44903"><bud-heading><p lang="en">In-service training and staff exchanges</p></bud-heading><bud-data exprev="exp"><amounts><amount catpol="5.15" year="n"><figure>1 044 000</figure></amount><amount catpol="5.15" year="nm1"><figure>1 112 820</figure></amount><amount catpol="5.15" year="nm2"><figure>977 109,34</figure></amount></amounts><relations><relation type="traditional" value="1 2 1 5"/></relations></bud-data><bud-remarks><list type="dash"><int.li><p lang="en">This appropriation is intended to cover:</p></int.li><item><p lang="en">expenditure relating to the secondment or temporary assignment to the Court of Auditors of officials from Member States first and foremost, or from other States, and other experts or expenses relating to short-term consulting work,</p></item><item><p lang="en">the reimbursement of additional expenses incurred by officials of the Union as a result of exchanges,</p></item><item><p lang="en">the cost of periods of in-service training at the Court of Auditors.</p></item></list></bud-remarks></nmc-item><nmc-item alias="1 4 0 5" id="dd2a8986-adea-456d-b71b-b3c9bb23dabe-N44933"><bud-heading><p lang="en">Other external services</p></bud-heading><bud-data exprev="exp"><amounts><amount catpol="5.15" year="n"><figure>111 000</figure></amount><amount catpol="5.15" year="nm1"><figure>197 907</figure></amount><amount catpol="5.15" year="nm2"><figure>3 064,75</figure></amount></amounts></bud-data><bud-remarks><p lang="en">This appropriation is intended to cover the hiring of temporary staff, excluding temporary translators.</p></bud-remarks></nmc-item><nmc-item alias="1 4 0 6" id="dd2a8986-adea-456d-b71b-b3c9bb23dabe-N44950"><bud-heading><p lang="en">External services in the linguistic field</p></bud-heading><bud-data exprev="exp"><amounts><amount catpol="5.15" year="n"><figure>323 000</figure></amount><amount catpol="5.15" year="nm1"><figure>278 966</figure></amount><amount year="nm2"><figure>234 837,57</figure></amount></amounts></bud-data><bud-remarks><list type="dash"><int.li><p lang="en">This appropriation is intended to cover:</p></int.li><item><p lang="en">expenditure relating to the measures decided upon by the Interinstitutional Committee for Translation and Interpreting (ICTI) with a view to promoting interinstitutional cooperation in the linguistic field,</p></item><item><p lang="en">the fees, social security contributions, travel expenses and subsistence allowances of freelance and other non-permanent interpreters,</p></item><item><p lang="en">the costs relating to the work of freelance or temporary translators or typing and other work sent out by the Translation Service.</p></item></list></bud-remarks></nmc-item></nmc-article><nmc-article alias="1 4 9" id="dd2a8986-adea-456d-b71b-b3c9bb23dabe-N4497A"><bud-heading><p lang="en">Provisional appropriation </p></bud-heading><bud-data exprev="exp"><amounts><amount catpol="5.15" year="n"><figure>10 000</figure></amount><amount catpol="5.15" year="nm1"><figure>13 650</figure></amount><amount catpol="5.15" year="nm2"><figure>0,—</figure></amount></amounts></bud-data><bud-remarks><p lang="en">Staff Regulations of Officials of the European Union, and in particular Articles 65 and 65a thereof and Annex XI thereto.</p><p lang="en">Council Regulation (EC, Euratom) No 1605/2002 of 25 June 2002 on the Financial Regulation applicable to the general budget of the European Communities (OJ L 248, 16.9.2002, p. 1).</p><p lang="en">This appropriation is intended to cover the cost of any adjustments to remuneration approved by the Council during the financial year.</p><p lang="en">This appropriation is purely provisional and may be used only after its transfer to other articles or items of this chapter in accordance with the Financial Regulation.</p></bud-remarks></nmc-article></nmc-chapter><nmc-chapter alias="1 6" id="dd2a8986-adea-456d-b71b-b3c9bb23dabe-N449A0"><bud-heading><p lang="en">OTHER EXPENDITURE RELATING TO PERSONS WORKING WITH THE INSTITUTION</p></bud-heading><bud-data exprev="exp" tot="tot"/><nmc-article alias="1 6 1" id="dd2a8986-adea-456d-b71b-b3c9bb23dabe-N449AA"><bud-heading><p lang="en">Expenditure relating to staff management</p></bud-heading><bud-data exprev="exp" tot="tot"/><nmc-item alias="1 6 1 0" id="dd2a8986-adea-456d-b71b-b3c9bb23dabe-N449B4"><bud-heading><p lang="en">Miscellaneous expenditure on recruitment</p></bud-heading><bud-data exprev="exp"><amounts><amount catpol="5.15" year="n"><figure>68 500</figure></amount><amount catpol="5.15" year="nm1"><figure>68 981</figure></amount><amount catpol="5.15" year="nm2"><figure>55 500,00</figure></amount></amounts></bud-data><bud-remarks><p lang="en">This appropriation is intended to cover the costs of advertising, inviting candidates, hiring rooms and equipment for competitions and other selection procedures organised directly by the Court of Auditors and expenses incurred by candidates for travel and medical check-ups.</p><p lang="en">Amount of assigned revenue in accordance with Article 18(1)(e) to (j) of the Financial Regulation: p.m.</p></bud-remarks></nmc-item><nmc-item alias="1 6 1 2" id="dd2a8986-adea-456d-b71b-b3c9bb23dabe-N449D4"><bud-heading><p lang="en">Further training for staff</p></bud-heading><bud-data exprev="exp"><amounts><amount catpol="5.15" year="n"><figure>690 000</figure></amount><amount catpol="5.15" year="nm1"><figure>873 417</figure></amount><amount catpol="5.15" year="nm2"><figure>593 882,65</figure></amount></amounts></bud-data><bud-remarks><p lang="en">Staff Regulations of Officials of the European Union, and in particular Article 24a thereof.</p><p lang="en">This appropriation is intended to cover the organisation of further training courses including language training courses and seminars in financial management and control on an interinstitutional basis and the registration fees for similar seminars organised in the Member States.</p><p lang="en">It also covers the membership fees of certain professional bodies whose work is of relevance to the Court’s activities.</p><p lang="en">This appropriation also covers the purchase of teaching and technical equipment for staff training.</p><p lang="en">The amount of assigned revenue in accordance with Article 18(1)(e) to (j) of the Financial Regulation is estimated at EUR 2 500.</p></bud-remarks></nmc-item></nmc-article><nmc-article alias="1 6 2" id="dd2a8986-adea-456d-b71b-b3c9bb23dabe-N449FD"><bud-heading><p lang="fr">Missions</p></bud-heading><bud-data exprev="exp"><amounts><amount catpol="5.15" year="n"><figure>3 802 000</figure></amount><amount catpol="5.15" year="nm1"><figure>3 651 917</figure></amount><amount catpol="5.15" year="nm2"><figure>3 231 559,72</figure></amount></amounts><relations><relation type="traditional" value="1 6 4"/></relations></bud-data><bud-remarks><p lang="en">Staff Regulations of Officials of the European Union, and in particular Articles 11, 12 and 13 of Annex VII thereto.</p><p lang="en">This appropriation is intended to cover expenditure on travel expenses, including ancillary costs relating to tickets and reservations, the payment of mission allowances and ancillary or exceptional expenses incurred as a result of missions by the Court’s officials and other staff and in respect of experts or national or international officials seconded to the Court and trainees.</p><p lang="en">The amount of assigned revenue under Article 18(1)(e) to (j) of the Financial Regulation is estimated at EUR 5 000.</p></bud-remarks></nmc-article><nmc-article alias="1 6 3" id="dd2a8986-adea-456d-b71b-b3c9bb23dabe-N44A24"><bud-heading><p lang="en">Assistance for staff of the institution</p></bud-heading><bud-data exprev="exp" tot="tot"/><nmc-item alias="1 6 3 0" id="dd2a8986-adea-456d-b71b-b3c9bb23dabe-N44A2E"><bud-heading><p lang="en">Social welfare</p></bud-heading><bud-data exprev="exp"><amounts><amount catpol="5.15" year="n"><figure>15 000</figure></amount><amount catpol="5.15" year="nm1"><figure>15 216</figure></amount><amount catpol="5.15" year="nm2"><figure>11 000,00</figure></amount></amounts></bud-data><bud-remarks><p lang="en">Staff Regulations of Officials of the European Union, and in particular Article 76 thereof.</p><p>This appropriation is intended to cover help for staff in particularly difficult circumstances.</p><list type="dash"><int.li><p lang="en">This appropriation is also intended for the following categories of persons as part of a policy to assist people with disabilities:</p></int.li><item><p lang="en">officials and temporary staff in active employment,</p></item><item><p lang="en">spouses of officials and temporary staff in active employment,</p></item><item><p lang="en">all dependent children within the meaning of the Staff Regulations of Officials of the European Union.</p></item></list><p lang="en">It covers reimbursement, to the extent permitted by the budget and after national entitlements in the country of residence or the country of origin have been exhausted, of expenses (other than medical expenses) recognised as necessary, resulting from the disability and supported by documentary evidence.</p></bud-remarks></nmc-item><nmc-item alias="1 6 3 2" id="dd2a8986-adea-456d-b71b-b3c9bb23dabe-N44A62"><bud-heading><p lang="en">Social contacts between members of staff and other welfare expenditure</p></bud-heading><bud-data exprev="exp"><amounts><amount catpol="5.15" year="n"><figure>103 000</figure></amount><amount catpol="5.15" year="nm1"><figure>104 485</figure></amount><amount catpol="5.15" year="nm2"><figure>53 649,51</figure></amount></amounts></bud-data><bud-remarks><list type="dash"><int.li><p lang="en">This appropriation is intended to:</p></int.li><item><p lang="en">give financial encouragement and support to any project aimed at encouraging social contacts between staff of different nationalities, such as subsidies to staff clubs, cultural associations and sports associations,</p></item><item><p lang="en">cover other assistance and subsidies for staff and their families.</p></item></list></bud-remarks></nmc-item></nmc-article><nmc-article alias="1 6 5" id="dd2a8986-adea-456d-b71b-b3c9bb23dabe-N44A8A"><bud-heading><p lang="en">Activities relating to all persons working with the institution</p></bud-heading><bud-data exprev="exp" tot="tot"/><nmc-item alias="1 6 5 0" id="dd2a8986-adea-456d-b71b-b3c9bb23dabe-N44A94"><bud-heading><p lang="en">Medical service</p></bud-heading><bud-data exprev="exp"><amounts><amount catpol="5.15" year="n"><figure>106 000</figure></amount><amount catpol="5.15" year="nm1"><figure>184 625</figure></amount><amount catpol="5.15" year="nm2"><figure>80 985,25</figure></amount></amounts></bud-data><bud-remarks><p lang="en">Staff Regulations of Officials of the European Union, and in particular Article 59 thereof and Article 8 of Annex II thereto.</p><p lang="en">This appropriation is intended to cover the cost of the annual medical examination of all staff, including any ensuing medical examinations and tests requested.</p></bud-remarks></nmc-item><nmc-item alias="1 6 5 2" id="dd2a8986-adea-456d-b71b-b3c9bb23dabe-N44AB4"><bud-heading><p lang="en">Restaurants and canteens</p></bud-heading><bud-data exprev="exp"><amounts><amount catpol="5.15" year="n"><figure>37 000</figure></amount><amount catpol="5.15" year="nm1"><figure>62 894</figure></amount><amount catpol="5.15" year="nm2"><figure>46 756,91</figure></amount></amounts></bud-data><bud-remarks><p lang="en">This appropriation is intended to cover the operating expenditure of the restaurants and cafeterias.</p><p lang="en">This appropriation is also intended to cover the conversion and renewal of the equipment in the restaurant and cafeterias in order to comply with national health and safety standards currently in force.</p><p lang="en">Amount of assigned revenue in accordance with Article 18(1)(e) to (j) of the Financial Regulation: p.m.</p></bud-remarks></nmc-item><nmc-item alias="1 6 5 4" id="dd2a8986-adea-456d-b71b-b3c9bb23dabe-N44AD7"><bud-heading><p lang="en">Early childhood centre</p></bud-heading><bud-data exprev="exp"><amounts><amount catpol="5.15" year="n"><figure>1 597 000</figure></amount><amount catpol="5.15" year="nm1"><figure>1 175 715</figure></amount><amount catpol="5.15" year="nm2"><figure>1 045 677,87</figure></amount></amounts></bud-data><bud-remarks><p lang="en">This appropriation is intended to cover the Court’s contribution to the Early Childhood Centre and study centre in Luxembourg.</p></bud-remarks></nmc-item><nmc-item alias="1 6 5 5" id="IDGKeceHKcGbeGKaeeX_KaHaMdJXHIfIfJJObJKX_Nffc"><bud-heading><p lang="en">PMO expenditure on the management of matters concerning Court staff</p></bud-heading><bud-data exprev="exp"><amounts><amount year="n"><figure>65 000</figure></amount></amounts></bud-data><bud-remarks><p lang="en">This appropriation is intended to cover the expenditure incurred under the service agreements between the PMO and the Court.</p></bud-remarks></nmc-item></nmc-article></nmc-chapter></nmc-title><nmc-title alias="2" id="dd2a8986-adea-456d-b71b-b3c9bb23dabe-N44AF4"><bud-heading><p lang="en">BUILDINGS, MOVABLE PROPERTY, EQUIPMENT AND MISCELLANEOUS OPERATING EXPENDITURE</p></bud-heading><bud-data exprev="exp" tot="tot"/><nmc-chapter alias="2 0" id="dd2a8986-adea-456d-b71b-b3c9bb23dabe-N44AFE"><bud-heading><p lang="en">BUILDINGS AND ASSOCIATED COSTS </p></bud-heading><bud-data exprev="exp" tot="tot"/><bud-remarks><p lang="en">Cover having been cancelled by the insurance companies, the risk of labour disputes and terrorist attacks in and on the buildings occupied by the Court of Auditors is now covered by the general budget of the European Union. The appropriations earmarked under this title therefore cover all expenditure incurred in repairing damage resulting from labour disputes and terrorist attacks.</p></bud-remarks><nmc-article alias="2 0 0" id="dd2a8986-adea-456d-b71b-b3c9bb23dabe-N44B0C"><bud-heading><p lang="en">Buildings </p></bud-heading><bud-data exprev="exp" tot="tot"/><nmc-item alias="2 0 0 0" id="dd2a8986-adea-456d-b71b-b3c9bb23dabe-N44B16"><bud-heading><p lang="en">Rent</p></bud-heading><bud-data exprev="exp"><amounts><amount catpol="5.15" year="n"><figure>4 195 000</figure></amount><amount catpol="5.15" year="nm1"><figure>3 942 000</figure></amount><amount catpol="5.15" year="nm2"><figure>3 835 500,00</figure></amount></amounts></bud-data><bud-remarks><p>This appropriation is intended to cover expenditure on rents in Luxembourg and Brussels.</p><p lang="en">The amount of assigned revenue in accordance with Article 18(1)(e) to (j) of the Financial Regulation is estimated at EUR 7 000.</p></bud-remarks></nmc-item><nmc-item alias="2 0 0 1" id="dd2a8986-adea-456d-b71b-b3c9bb23dabe-N44B35"><bud-heading><p lang="en">Lease/purchase</p></bud-heading><bud-data exprev="exp"><amounts><amount catpol="5.15" year="n"><figure>p.m.</figure></amount><amount catpol="5.15" year="nm1"><figure>p.m.</figure></amount><amount catpol="5.15" year="nm2"><figure>p.m.</figure></amount></amounts></bud-data><bud-remarks><p lang="en">This appropriation is intended to cover long-lease fees and other similar expenditure owed by the institution under lease/purchase contracts.</p></bud-remarks></nmc-item><nmc-item alias="2 0 0 3" id="dd2a8986-adea-456d-b71b-b3c9bb23dabe-N44B52"><bud-heading><p lang="en">Acquisition of immovable property</p></bud-heading><bud-data exprev="exp"><amounts><amount catpol="5.15" year="n"><figure>3 000 000</figure></amount><amount catpol="5.15" year="nm1"><figure>7 000 000</figure></amount><amount catpol="5.15" year="nm2"><figure>11 000 000,00</figure></amount></amounts></bud-data><bud-remarks><p lang="en">This appropriation is intended to cover the financing, by annual instalments, of the extension work to the building of the Court of Auditors in Luxembourg (Kirchberg).</p><p lang="en">This appropriation is intended to finance the Court of Auditors’ K3 building project. </p></bud-remarks></nmc-item><nmc-item alias="2 0 0 5" id="dd2a8986-adea-456d-b71b-b3c9bb23dabe-N44B72"><bud-heading><p lang="en">Construction of buildings</p></bud-heading><bud-data exprev="exp"><amounts><amount catpol="5.15" year="n"><figure>p.m.</figure></amount><amount catpol="5.15" year="nm1"><figure>p.m.</figure></amount><amount catpol="5.15" year="nm2"><figure>p.m.</figure></amount></amounts></bud-data><bud-remarks><p lang="en">This item is intended for any entry of appropriations for the construction of buildings.</p></bud-remarks></nmc-item><nmc-item alias="2 0 0 7" id="dd2a8986-adea-456d-b71b-b3c9bb23dabe-N44B8F"><bud-heading><p lang="en">Fitting-out of premises</p></bud-heading><bud-data exprev="exp"><amounts><amount catpol="5.15" year="n"><figure>165 000</figure></amount><amount catpol="5.15" year="nm1"><figure>165 000</figure></amount><amount catpol="5.15" year="nm2"><figure>164 991,55</figure></amount></amounts></bud-data><bud-remarks><list type="dash"><int.li><p lang="en">This appropriation is intended to cover:</p></int.li><item><p lang="en">various kinds of fitting-out work, including in particular the installation of partitions, curtains, cables, painting, wall coverings, floor coverings, suspended ceilings and the related technical installations,</p></item><item><p lang="en">expenditure relating to work resulting from studies and technical assistance in respect of large-scale building projects.</p></item></list><p lang="en">Amount of assigned revenue in accordance with Article 18(1)(e) to (j) of the Financial Regulation: p.m.</p></bud-remarks></nmc-item><nmc-item alias="2 0 0 8" id="dd2a8986-adea-456d-b71b-b3c9bb23dabe-N44BBA"><bud-heading><p lang="en">Studies and technical assistance in connection with building projects</p></bud-heading><bud-data exprev="exp"><amounts><amount catpol="5.15" year="n"><figure>50 000</figure></amount><amount catpol="5.15" year="nm1"><figure>60 000</figure></amount><amount catpol="5.15" year="nm2"><figure>53 023,46</figure></amount></amounts></bud-data><bud-remarks><p lang="en">This appropriation is intended to cover the expenditure relating to studies and technical assistance in connection with large-scale building projects.</p></bud-remarks></nmc-item></nmc-article><nmc-article alias="2 0 2" id="dd2a8986-adea-456d-b71b-b3c9bb23dabe-N44BD7"><bud-heading><p lang="en">Expenditure on buildings</p></bud-heading><bud-data exprev="exp" tot="tot"/><nmc-item alias="2 0 2 2" id="dd2a8986-adea-456d-b71b-b3c9bb23dabe-N44BE1"><bud-heading><p lang="en">Cleaning and maintenance</p></bud-heading><bud-data exprev="exp"><amounts><amount catpol="5.15" year="n"><figure>1 106 000</figure></amount><amount catpol="5.15" year="nm1"><figure>1 433 000</figure></amount><amount catpol="5.15" year="nm2"><figure>1 217 797,55</figure></amount></amounts></bud-data><bud-remarks><list type="dash"><int.li><p lang="en">This appropriation is intended to cover:</p></int.li><item><p lang="en">maintenance and cleaning costs for premises, lifts, central heating, air-conditioning equipment, electrical installations and alterations and repairs to them,</p></item><item><p lang="en">the purchase of maintenance, washing, laundry and dry-cleaning products, and any supplies required for maintenance.</p></item></list><p lang="en">Before renewing or concluding contracts, the institution will consult the other institutions on the terms each of them has obtained (price, currency chosen, indexing, duration, other clauses), with due regard to Article 63 of Council Regulation (EC, Euratom) No 1605/2002 of 25 June 2002 on the Financial Regulation applicable to the general budget of the European Communities (OJ L 248, 16.9.2002, p. 1).</p><p lang="en">Amount of assigned revenue in accordance with Article 18(1)(e) to (j) of the Financial Regulation: p.m.</p></bud-remarks></nmc-item><nmc-item alias="2 0 2 4" id="dd2a8986-adea-456d-b71b-b3c9bb23dabe-N44C0F"><bud-heading><p lang="en">Energy consumption</p></bud-heading><bud-data exprev="exp"><amounts><amount catpol="5.15" year="n"><figure>1 044 000</figure></amount><amount catpol="5.15" year="nm1"><figure>1 012 000</figure></amount><amount catpol="5.15" year="nm2"><figure>1 012 000,00</figure></amount></amounts></bud-data><bud-remarks><p lang="en">This appropriation is intended to cover water, gas and electricity consumption and heating costs.</p><p lang="en">Amount of assigned revenue in accordance with Article 18(1)(e) to (j) of the Financial Regulation: p.m.</p></bud-remarks></nmc-item><nmc-item alias="2 0 2 6" id="dd2a8986-adea-456d-b71b-b3c9bb23dabe-N44C2F"><bud-heading><p lang="en">Security and surveillance of buildings</p></bud-heading><bud-data exprev="exp"><amounts><amount catpol="5.15" year="n"><figure>232 000</figure></amount><amount catpol="5.15" year="nm1"><figure>852 000</figure></amount><amount catpol="5.15" year="nm2"><figure>976 279,89</figure></amount></amounts></bud-data><bud-remarks><p lang="en">This appropriation is intended to cover miscellaneous expenditure relating to the security of buildings, especially the contract for the surveillance of the buildings, the purchase and maintenance of fire-fighting equipment and equipment for security officers, etc.</p><p lang="en">Before renewing or concluding contracts, the institution will consult the other institutions on the terms each of them has obtained (price, currency chosen, indexing, duration, other clauses), with due regard to Article 63 of the Council Regulation (EC, Euratom) No 1605/2002 of 25 June 2002 on the Financial Regulation applicable to the general budget of the European Communities (OJ L 248, 16.9.2002, p. 1).</p><p lang="en">Amount of assigned revenue in accordance with Article 18(1)(e) to (j) of the Financial Regulation: p.m.</p></bud-remarks></nmc-item><nmc-item alias="2 0 2 8" id="dd2a8986-adea-456d-b71b-b3c9bb23dabe-N44C52"><bud-heading><p lang="en">Insurance</p></bud-heading><bud-data exprev="exp"><amounts><amount catpol="5.15" year="n"><figure>69 000</figure></amount><amount catpol="5.15" year="nm1"><figure>67 000</figure></amount><amount catpol="5.15" year="nm2"><figure>51 000,00</figure></amount></amounts></bud-data><bud-remarks><p lang="en">This appropriation is intended to cover the premiums payable on the insurance policies relating to the buildings occupied by the institution, including cover for movable property and works of art.</p><p lang="en">Amount of assigned revenue in accordance with Article 18(1)(e) to (j) of the Financial Regulation: p.m.</p></bud-remarks></nmc-item><nmc-item alias="2 0 2 9" id="dd2a8986-adea-456d-b71b-b3c9bb23dabe-N44C72"><bud-heading><p lang="en">Other expenditure on buildings</p></bud-heading><bud-data exprev="exp"><amounts><amount catpol="5.15" year="n"><figure>80 000</figure></amount><amount catpol="5.15" year="nm1"><figure>80 000</figure></amount><amount catpol="5.15" year="nm2"><figure>80 000,00</figure></amount></amounts></bud-data><bud-remarks><p lang="en">This appropriation is intended to cover other current expenditure on buildings not specifically provided for in the other articles of this chapter, in particular sewerage, refuse collection, road taxes, signs, etc.</p><p lang="en">Amount of assigned revenue in accordance with Article 18(1)(e) to (j) of the Financial Regulation: p.m.</p></bud-remarks></nmc-item></nmc-article></nmc-chapter><nmc-chapter alias="2 1" id="dd2a8986-adea-456d-b71b-b3c9bb23dabe-N44C92"><bud-heading><p lang="en">DATA PROCESSING, EQUIPMENT AND MOVABLE PROPERTY: PURCHASE, HIRE AND MAINTENANCE </p></bud-heading><bud-data exprev="exp" tot="tot"/><nmc-article alias="2 1 0" id="dd2a8986-adea-456d-b71b-b3c9bb23dabe-N44C9C"><bud-heading><p lang="en">Equipment, operating costs and services relating to data processing and telecommunications</p></bud-heading><bud-data exprev="exp" tot="tot"/><nmc-item alias="2 1 0 0" id="dd2a8986-adea-456d-b71b-b3c9bb23dabe-N44CA6"><bud-heading><p lang="en">Purchase, servicing and maintenance of equipment and software</p></bud-heading><bud-data exprev="exp"><amounts><amount catpol="5.15" year="n"><figure>1 907 000</figure></amount><amount catpol="5.15" year="nm1"><figure>2 179 282</figure></amount><amount catpol="5.15" year="nm2"><figure>1 714 318,57</figure></amount></amounts></bud-data><bud-remarks><list type="dash"><int.li><p lang="en">This appropriation is intended to cover the following operating expenditure:</p></int.li><item><p lang="en">purchase, leasing and maintenance of computer equipment and software and other supplies and documentation,</p></item><item><p lang="en">computer cables.</p></item></list><p lang="en">Amount of assigned revenue in accordance with Article 18(1)(e) to (j) of the Financial Regulation: p.m.</p></bud-remarks></nmc-item><nmc-item alias="2 1 0 2" id="dd2a8986-adea-456d-b71b-b3c9bb23dabe-N44CD1"><bud-heading><p lang="en">External services for the operation, implementation and maintenance of software and systems</p></bud-heading><bud-data exprev="exp"><amounts><amount catpol="5.15" year="n"><figure>3 960 000</figure></amount><amount catpol="5.15" year="nm1"><figure>3 695 000</figure></amount><amount catpol="5.15" year="nm2"><figure>3 988 000,00</figure></amount></amounts></bud-data><bud-remarks><p lang="en">This appropriation is intended to cover expenditure on outside staff and work contracted out, including the <qt>helpdesk</qt> services.</p><p lang="en">Amount of assigned revenue in accordance with Article 18(1)(e) to (j) of the Financial Regulation: p.m.</p></bud-remarks></nmc-item><nmc-item alias="2 1 0 3" id="dd2a8986-adea-456d-b71b-b3c9bb23dabe-N44CF4"><bud-heading><p lang="en">Telecommunications</p></bud-heading><bud-data exprev="exp"><amounts><amount catpol="5.15" year="n"><figure>634 000</figure></amount><amount catpol="5.15" year="nm1"><figure>626 000</figure></amount><amount catpol="5.15" year="nm2"><figure>662 999,92</figure></amount></amounts></bud-data><bud-remarks><p lang="en">This appropriation is intended to cover all expenditure related to telecommunications such as subscriber charges, telephone lines, communications charges, maintenance fees and the purchase, renewal, repair and maintenance of telephone installations and equipment.</p><p lang="en">The amount of assigned revenue in accordance with Article 18(1)(e) to (j) of the Financial Regulation is estimated at EUR 45 000.</p></bud-remarks></nmc-item></nmc-article><nmc-article alias="2 1 2" id="dd2a8986-adea-456d-b71b-b3c9bb23dabe-N44D14"><bud-heading><p lang="en">Furniture</p></bud-heading><bud-data exprev="exp"><amounts><amount catpol="5.15" year="n"><figure>107 000</figure></amount><amount catpol="5.15" year="nm1"><figure>107 000</figure></amount><amount catpol="5.15" year="nm2"><figure>136 499,68</figure></amount></amounts></bud-data><bud-remarks><p lang="en">This appropriation is intended to cover the purchase or hire of additional furniture, its maintenance or repair and the replacement of old or damaged furniture.</p><p lang="en">Amount of assigned revenue in accordance with Article 18(1)(e) to (j) of the Financial Regulation: p.m.</p></bud-remarks></nmc-article><nmc-article alias="2 1 4" id="dd2a8986-adea-456d-b71b-b3c9bb23dabe-N44D34"><bud-heading><p lang="en">Technical equipment and installations</p></bud-heading><bud-data exprev="exp"><amounts><amount catpol="5.15" year="n"><figure>159 000</figure></amount><amount catpol="5.15" year="nm1"><figure>130 000</figure></amount><amount catpol="5.15" year="nm2"><figure>127 173,22</figure></amount></amounts></bud-data><bud-remarks><p lang="en">This appropriation is intended to cover expenditure on the purchase, replacement, hire, maintenance and repair of technical equipment and office machines.</p><p lang="en">Amount of assigned revenue in accordance with Article 18(1)(e) to (j) of the Financial Regulation: p.m.</p></bud-remarks></nmc-article><nmc-article alias="2 1 6" id="dd2a8986-adea-456d-b71b-b3c9bb23dabe-N44D54"><bud-heading><p lang="en">Vehicles</p></bud-heading><bud-data exprev="exp"><amounts><amount catpol="5.15" year="n"><figure>571 000</figure></amount><amount catpol="5.15" year="nm1"><figure>579 000</figure></amount><amount catpol="5.15" year="nm2"><figure>507 590,51</figure></amount></amounts></bud-data><bud-remarks><p lang="en">This appropriation is intended to cover the purchase or hire of vehicles, with or without drivers, (including taxis) and the resultant running costs. </p><p lang="en">Amount of assigned revenue in accordance with Article 18(1)(e) to (j) of the Financial Regulation: p.m.</p></bud-remarks></nmc-article></nmc-chapter><nmc-chapter alias="2 3" id="dd2a8986-adea-456d-b71b-b3c9bb23dabe-N44D74"><bud-heading><p lang="en">CURRENT ADMINISTRATIVE EXPENDITURE</p></bud-heading><bud-data exprev="exp" tot="tot"/><nmc-article alias="2 3 0" id="dd2a8986-adea-456d-b71b-b3c9bb23dabe-N44D7E"><bud-heading><p lang="en">Stationery, office supplies and miscellaneous consumables</p></bud-heading><bud-data exprev="exp"><amounts><amount catpol="5.15" year="n"><figure>165 000</figure></amount><amount catpol="5.15" year="nm1"><figure>165 000</figure></amount><amount catpol="5.15" year="nm2"><figure>154 045,02</figure></amount></amounts><relations><relation type="traditional" value="2 3 0"/></relations></bud-data><bud-remarks><p>This appropriation is intended to cover expenditure on stationery and office supplies.</p><p lang="en">Amount of assigned revenue in accordance with Article 18(1)(e) to (j) of the Financial Regulation: p.m.</p></bud-remarks></nmc-article><nmc-article alias="2 3 1" id="dd2a8986-adea-456d-b71b-b3c9bb23dabe-N44DA1"><bud-heading><p lang="fr">Financial charges</p></bud-heading><bud-data exprev="exp"><amounts><amount catpol="5.15" year="n"><figure>20 000</figure></amount><amount catpol="5.15" year="nm1"><figure>20 000</figure></amount><amount catpol="5.15" year="nm2"><figure>20 000,00</figure></amount></amounts></bud-data></nmc-article><nmc-article alias="2 3 2" id="dd2a8986-adea-456d-b71b-b3c9bb23dabe-N44DBB"><bud-heading><p lang="en">Legal expenses and damages</p></bud-heading><bud-data exprev="exp"><amounts><amount catpol="5.15" year="n"><figure>20 000</figure></amount><amount catpol="5.15" year="nm1"><figure>20 000</figure></amount><amount catpol="5.15" year="nm2"><figure>36 000,00</figure></amount></amounts></bud-data><bud-remarks><p lang="en">This appropriation is intended to cover any expenditure and fees the Court of Auditors may have to bear.</p></bud-remarks></nmc-article><nmc-article alias="2 3 6" id="dd2a8986-adea-456d-b71b-b3c9bb23dabe-N44DD8"><bud-heading><p lang="en">Postage and delivery charges </p></bud-heading><bud-data exprev="exp"><amounts><amount catpol="5.15" year="n"><figure>55 000</figure></amount><amount catpol="5.15" year="nm1"><figure>60 000</figure></amount><amount catpol="5.15" year="nm2"><figure>43 105,00</figure></amount></amounts><relations><relation type="traditional" value="2 3 4"/></relations></bud-data></nmc-article><nmc-article alias="2 3 8" id="dd2a8986-adea-456d-b71b-b3c9bb23dabe-N44DF6"><bud-heading><p lang="en">Other administrative expenditure</p></bud-heading><bud-data exprev="exp"><amounts><amount catpol="5.15" year="n"><figure>265 000</figure></amount><amount catpol="5.15" year="nm1"><figure>157 000</figure></amount><amount catpol="5.15" year="nm2"><figure>152 746,87</figure></amount></amounts></bud-data><bud-remarks><list type="dash"><int.li><p lang="en">This appropriation is intended to cover:</p></int.li><item><p lang="en">the cost of luggage insurance for staff travelling on mission,</p></item><item><p lang="en">the purchase of uniforms for messengers and drivers, and other work clothes,</p></item><item><p lang="en">the cost of refreshments and occasional snacks served during internal meetings,</p></item><item><p lang="en">the costs of the removal and handling of equipment, furniture and office supplies,</p></item><item><p lang="en">other operating expenditure not specifically provided for in the preceding headings and costs relating to maintenance and repair of equipment,</p></item><item><p lang="en">petty expenses.</p></item></list><p lang="en">Amount of assigned revenue in accordance with Article 18(1)(e) to (j) of the Financial Regulation: p.m.</p></bud-remarks></nmc-article></nmc-chapter><nmc-chapter alias="2 5" id="dd2a8986-adea-456d-b71b-b3c9bb23dabe-N44E31"><bud-heading><p lang="en">MEETINGS AND CONFERENCES</p></bud-heading><bud-data exprev="exp" tot="tot"/><nmc-article alias="2 5 2" id="dd2a8986-adea-456d-b71b-b3c9bb23dabe-N44E3B"><bud-heading><p lang="en">Entertainment and representation expenses</p></bud-heading><bud-data exprev="exp"><amounts><amount catpol="5.15" year="n"><figure>234 000</figure></amount><amount catpol="5.15" year="nm1"><figure>252 000</figure></amount><amount catpol="5.15" year="nm2"><figure>238 885,90</figure></amount></amounts></bud-data><bud-remarks><p lang="en">This appropriation is intended to cover expenditure on the Court of Auditors’ obligations in respect of entertainment and representation.</p></bud-remarks></nmc-article><nmc-article alias="2 5 4" id="dd2a8986-adea-456d-b71b-b3c9bb23dabe-N44E58"><bud-heading><p lang="en">Meetings, congresses and conferences</p></bud-heading><bud-data exprev="exp"><amounts><amount catpol="5.15" year="n"><figure>142 000</figure></amount><amount catpol="5.15" year="nm1"><figure>152 000</figure></amount><amount year="nm2"><figure>118 838,13</figure></amount></amounts></bud-data><bud-remarks><p lang="en">This appropriation is intended to cover travel, subsistence and incidental expenses of experts taking part in study groups and working parties, and the cost of organising such meetings in so far as they are not covered by existing infrastructure.</p><p lang="en">It is also intended to cover the cost of organisation of and participation in conferences, congresses and meetings.</p><p lang="en">The amount of assigned revenue in accordance with Article 18(1)(e) to (j) of the Financial Regulation is estimated at EUR 1 000.</p></bud-remarks></nmc-article><nmc-article alias="2 5 6" id="dd2a8986-adea-456d-b71b-b3c9bb23dabe-N44E79"><bud-heading><p lang="en">Expenditure on the dissemination of information and on participation in public events</p></bud-heading><bud-data exprev="exp"><amounts><amount catpol="5.15" year="n"><figure>17 000</figure></amount><amount catpol="5.15" year="nm1"><figure>17 000</figure></amount><amount catpol="5.15" year="nm2"><figure>16 999,24</figure></amount></amounts></bud-data><bud-remarks><p lang="en">This appropriation is intended to cover the cost of organising study days on the activities of the Court of Auditors, for the benefit of university teachers, editors of specialised journals or other specialist visitors from the Member States. This appropriation is also intended to cover miscellaneous expenditure relating to the Court’s information and communication policy.</p></bud-remarks></nmc-article><nmc-article alias="2 5 7" id="dd2a8986-adea-456d-b71b-b3c9bb23dabe-N44E96"><bud-heading><p lang="en">Joint Interpreting and Conference Service</p></bud-heading><bud-data exprev="exp"><amounts><amount catpol="5.15" year="n"><figure>400 000</figure></amount><amount catpol="5.15" year="nm1"><figure>472 000</figure></amount><amount catpol="5.15" year="nm2"><figure>472 000,00</figure></amount></amounts></bud-data><bud-remarks><p lang="en">This appropriation is intended to cover payment for services provided by the interpreting services of the European Parliament and the Commission.</p></bud-remarks></nmc-article></nmc-chapter><nmc-chapter alias="2 7" id="dd2a8986-adea-456d-b71b-b3c9bb23dabe-N44EB3"><bud-heading><p lang="en">INFORMATION: ACQUISITION, ARCHIVING, PRODUCTION AND DISTRIBUTION</p></bud-heading><bud-data exprev="exp" tot="tot"/><nmc-article alias="2 7 0" id="dd2a8986-adea-456d-b71b-b3c9bb23dabe-N44EBD"><bud-heading><p lang="en">Limited consultations, studies and surveys</p></bud-heading><bud-data exprev="exp"><amounts><amount catpol="5.15" year="n"><figure>480 000</figure></amount><amount catpol="5.15" year="nm1"><figure>491 000</figure></amount><amount catpol="5.15" year="nm2"><figure>450 253,97</figure></amount></amounts><relations><relation type="traditional" value="2 7 0"/></relations></bud-data><bud-remarks><p lang="en">This appropriation is intended to enable studies to be contracted out to qualified experts in the fields of audit and also in those of an administrative nature.</p><p lang="en">Within the framework of its audits, the Court of Auditors needs to contract out studies and technical analyses (for example chemical, physical, statistical analyses) to external experts. This appropriation also encompasses the cost of the auditing of the Court of Auditors by an independent auditor whose report is published in the <ft type="ht">Official Journal of the European Union</ft>.</p></bud-remarks></nmc-article><nmc-article alias="2 7 2" id="dd2a8986-adea-456d-b71b-b3c9bb23dabe-N44EE5"><bud-heading><p lang="en">Documentation, library and archiving expenditure</p></bud-heading><bud-data exprev="exp"><amounts><amount catpol="5.15" year="n"><figure>304 000</figure></amount><amount catpol="5.15" year="nm1"><figure>304 000</figure></amount><amount year="nm2"><figure>300 302,65</figure></amount></amounts></bud-data><bud-remarks><list type="dash"><int.li><p lang="en">This appropriation is intended to cover:</p></int.li><item><p lang="en">the acquisition of books, documents and other non-periodic publications and updates for existing volumes,</p></item><item><p lang="en">special equipment for the library,</p></item><item><p lang="en">the cost of subscriptions to newspapers, periodicals and various bulletins,</p></item><item><p lang="en">the cost of subscriptions to news agencies or external informative databases,</p></item><item><p lang="en">access charges for certain external databases,</p></item><item><p lang="en">the cost of the binding and upkeep of library books,</p></item><item><p lang="en">the cost of archive services and the acquisition of archive resources on substitute media.</p></item></list></bud-remarks></nmc-article><nmc-article alias="2 7 4" id="dd2a8986-adea-456d-b71b-b3c9bb23dabe-N44F1E"><bud-heading><p lang="en">Production and distribution </p></bud-heading><bud-data exprev="exp" tot="tot"/><nmc-item alias="2 7 4 0" id="dd2a8986-adea-456d-b71b-b3c9bb23dabe-N44F28"><bud-heading><p lang="en">Official Journal</p></bud-heading><bud-data exprev="exp"><amounts><amount catpol="5.15" year="n"><figure>600 000</figure></amount><amount catpol="5.15" year="nm1"><figure>685 000</figure></amount><amount catpol="5.15" year="nm2"><figure>684 000,00</figure></amount></amounts></bud-data><bud-remarks><p lang="en">This appropriation is intended to cover the cost of publications by the Court of Auditors in the <ft type="ht">Official Journal of the European Union</ft>.</p><p lang="en">The amount of assigned revenue in accordance with Article 18(1)(e) to (j) of the Financial Regulation is estimated at EUR 70 000.</p></bud-remarks></nmc-item><nmc-item alias="2 7 4 1" id="dd2a8986-adea-456d-b71b-b3c9bb23dabe-N44F4C"><bud-heading><p lang="en">Publications of a general nature</p></bud-heading><bud-data exprev="exp"><amounts><amount catpol="5.15" year="n"><figure>760 000</figure></amount><amount catpol="5.15" year="nm1"><figure>760 000</figure></amount><amount catpol="5.15" year="nm2"><figure>596 967,77</figure></amount></amounts></bud-data><bud-remarks><list type="dash"><int.li><p lang="en">This appropriation is intended to cover:</p></int.li><item><p lang="en">the costs of publishing and distributing the reports and opinions adopted by the Court of Auditors pursuant to the second subparagraph of Article 287(4), and to Article 325(4) of the Treaty on the Functioning of the European Union,</p></item><item><p lang="en">the costs of communications activities concerning audit work and the activities of the Court of Auditors (in particular website, audiovisual material, documentation), including the costs of relations with the press and other stakeholders.</p></item></list><p lang="en">Amount of assigned revenue in accordance with Article 18(1)(e) to (j) of the Financial Regulation: p.m.</p></bud-remarks></nmc-item></nmc-article></nmc-chapter></nmc-title><nmc-title alias="10" id="dd2a8986-adea-456d-b71b-b3c9bb23dabe-N44F77"><bud-heading><p>OTHER EXPENDITURE</p></bud-heading><bud-data exprev="exp" tot="tot"/><nmc-chapter alias="10 0" id="dd2a8986-adea-456d-b71b-b3c9bb23dabe-N44F80"><bud-heading><p>PROVISIONAL APPROPRIATIONS</p></bud-heading><bud-data exprev="exp"><amounts><amount catpol="5.15" year="n"><figure>p.m.</figure></amount><amount catpol="5.15" year="nm1"><figure>p.m.</figure></amount><amount catpol="5.15" year="nm2"><figure>0,—</figure></amount></amounts><relations><relation type="traditional" value="10 0"/></relations></bud-data><bud-remarks><reuse-link><reuse-param name="dummy" value="dummy"/></reuse-link></bud-remarks></nmc-chapter><nmc-chapter alias="10 1" id="dd2a8986-adea-456d-b71b-b3c9bb23dabe-N44FAE"><bud-heading><p>CONTINGENCY RESERVE</p></bud-heading><bud-data exprev="exp"><amounts><amount catpol="5.15" year="n"><figure>p.m.</figure></amount><amount catpol="5.15" year="nm1"><figure>p.m.</figure></amount><amount catpol="5.15" year="nm2"><figure>p.m.</figure></amount></amounts><relations><relation type="traditional" value="10 1"/></relations></bud-data></nmc-chapter></nmc-title></nmc-expenditure><nmc-grseq alias="S" id="dd2a8986-adea-456d-b71b-b3c9bb23dabe-N44FCA"><bud-heading><p lang="en">STAFF</p></bud-heading><nmc-grseq alias="S 1" id="dd2a8986-adea-456d-b71b-b3c9bb23dabe-N44FD1"><bud-heading><p lang="en">Section V — Court of Auditors</p></bud-heading><bud-text><table frame="all"><tgroup cols="5"><colspec colname="C1" colnum="1" colwidth="149.35pt"/><colspec colname="C2" colnum="2" colwidth="92.15pt"/><colspec colname="C3" colnum="3" colwidth="85.05pt"/><colspec colname="C4" colnum="4" colwidth="92.15pt"/><colspec colname="C5" colnum="5" colwidth="92.1pt"/><thead><row><entry align="center" colname="C1" colsep="1" morerows="2" rowsep="1" valign="middle"><p lang="en">Function group and grade</p></entry><entry align="center" colsep="1" nameend="C5" namest="C2" rowsep="1"><p lang="en">Court of Auditors</p></entry></row><row><entry align="center" colsep="1" nameend="C3" namest="C2" rowsep="1"><p lang="en">Permanent posts</p></entry><entry align="center" colsep="1" nameend="C5" namest="C4" rowsep="1"><p lang="en">Temporary posts (<ft type="sup">1</ft>)</p></entry></row><row><entry align="center" colname="C2" colsep="1" rowsep="1"><p lang="en">2012</p></entry><entry align="center" colname="C3" colsep="1" rowsep="1"><p lang="en">2011</p></entry><entry align="center" colname="C4" colsep="1" rowsep="1"><p lang="en">2012</p></entry><entry align="center" colname="C5" colsep="1" rowsep="1"><p lang="en">2011</p></entry></row></thead><tbody><row><entry align="center" colname="C1" colsep="1" rowsep="0"><p lang="en">Non-category</p></entry><entry colname="C2" colsep="1" rowsep="0"/><entry colname="C3" colsep="1" rowsep="0"/><entry align="center" colname="C4" colsep="1" rowsep="0"><p lang="en">1</p></entry><entry align="center" colname="C5" colsep="1" rowsep="0"><p lang="en">1</p></entry></row><row><entry align="center" colname="C1" colsep="1" rowsep="0"><p lang="en">AD 16</p></entry><entry colname="C2" colsep="1" rowsep="0"/><entry colname="C3" colsep="1" rowsep="0"/><entry colname="C4" colsep="1" rowsep="0"/><entry colname="C5" colsep="1" rowsep="0"/></row><row><entry align="center" colname="C1" colsep="1" rowsep="0"><p lang="en">AD 15</p></entry><entry align="center" colname="C2" colsep="1" rowsep="0"><p lang="en">9</p></entry><entry align="center" colname="C3" colsep="1" rowsep="0"><p lang="en">9</p></entry><entry colname="C4" colsep="1" rowsep="0"/><entry colname="C5" colsep="1" rowsep="0"/></row><row><entry align="center" colname="C1" colsep="1" rowsep="0"><p lang="en">AD 14</p></entry><entry align="center" colname="C2" colsep="1" rowsep="0"><p lang="en">33 (<ft type="sup">2</ft>)</p></entry><entry align="center" colname="C3" colsep="1" rowsep="0"><p lang="en">33 (<ft type="sup">2</ft>)</p></entry><entry align="center" colname="C4" colsep="1" rowsep="0"><p lang="en">29</p></entry><entry align="center" colname="C5" colsep="1" rowsep="0"><p lang="en">29</p></entry></row><row><entry align="center" colname="C1" colsep="1" rowsep="0"><p lang="en">AD 13</p></entry><entry align="center" colname="C2" colsep="1" rowsep="0"><p lang="en">18 (<ft type="sup">5</ft>)</p></entry><entry align="center" colname="C3" colsep="1" rowsep="0"><p lang="en">16</p></entry><entry align="center" colname="C4" colsep="1" rowsep="0"><p lang="en">2</p></entry><entry align="center" colname="C5" colsep="1" rowsep="0"><p lang="en">2</p></entry></row><row><entry align="center" colname="C1" colsep="1" rowsep="0"><p lang="en">AD 12</p></entry><entry align="center" colname="C2" colsep="1" rowsep="0"><p lang="en">69 (<ft type="sup">3</ft>)(<ft type="sup">5</ft>) </p></entry><entry align="center" colname="C3" colsep="1" rowsep="0"><p lang="en">69 (<ft type="sup">3</ft>)</p></entry><entry align="center" colname="C4" colsep="1" rowsep="0"><p lang="en">5</p></entry><entry align="center" colname="C5" colsep="1" rowsep="0"><p lang="en">5</p></entry></row><row><entry align="center" colname="C1" colsep="1" rowsep="0"><p lang="en">AD 11</p></entry><entry align="center" colname="C2" colsep="1" rowsep="0"><p lang="en">37 (<ft type="sup">5</ft>)</p></entry><entry align="center" colname="C3" colsep="1" rowsep="0"><p lang="en">39</p></entry><entry align="center" colname="C4" colsep="1" rowsep="0"><p lang="en">31</p></entry><entry align="center" colname="C5" colsep="1" rowsep="0"><p lang="en">31</p></entry></row><row><entry align="center" colname="C1" colsep="1" rowsep="0"><p lang="en">AD 10</p></entry><entry align="center" colname="C2" colsep="1" rowsep="0"><p lang="en">44 (<ft type="sup">5</ft>)</p></entry><entry align="center" colname="C3" colsep="1" rowsep="0"><p lang="en">35</p></entry><entry align="center" colname="C4" colsep="1" rowsep="0"><p lang="en">1</p></entry><entry align="center" colname="C5" colsep="1" rowsep="0"><p lang="en">1</p></entry></row><row><entry align="center" colname="C1" colsep="1" rowsep="0"><p lang="en">AD 9</p></entry><entry align="center" colname="C2" colsep="1" rowsep="0"><p lang="en">90 (<ft type="sup">4</ft>)(<ft type="sup">5</ft>)</p></entry><entry align="center" colname="C3" colsep="1" rowsep="0"><p lang="en">99 (<ft type="sup">4</ft>)</p></entry><entry colname="C4" colsep="1" rowsep="0"/><entry colname="C5" colsep="1" rowsep="0"/></row><row><entry align="center" colname="C1" colsep="1" rowsep="0"><p lang="en">AD 8</p></entry><entry align="center" colname="C2" colsep="1" rowsep="0"><p lang="en">52</p></entry><entry align="center" colname="C3" colsep="1" rowsep="0"><p lang="en">52</p></entry><entry colname="C4" colsep="1" rowsep="0"/><entry colname="C5" colsep="1" rowsep="0"/></row><row><entry align="center" colname="C1" colsep="1" rowsep="0"><p lang="en">AD 7</p></entry><entry align="center" colname="C2" colsep="1" rowsep="0"><p lang="en">22 (<ft type="sup">4</ft>)</p></entry><entry align="center" colname="C3" colsep="1" rowsep="0"><p lang="en">22 (<ft type="sup">4</ft>)</p></entry><entry colname="C4" colsep="1" rowsep="0"/><entry colname="C5" colsep="1" rowsep="0"/></row><row><entry align="center" colname="C1" colsep="1" rowsep="0"><p lang="en">AD 6</p></entry><entry align="center" colname="C2" colsep="1" rowsep="0"><p lang="en">116 (<ft type="sup">5</ft>)</p></entry><entry align="center" colname="C3" colsep="1" rowsep="0"><p lang="en">101</p></entry><entry colname="C4" colsep="1" rowsep="0"/><entry colname="C5" colsep="1" rowsep="0"/></row><row><entry align="center" colname="C1" colsep="1" rowsep="0"><p lang="en">AD 5</p></entry><entry align="center" colname="C2" colsep="1" rowsep="1"><p lang="en">38 (<ft type="sup">4</ft>)(<ft type="sup">5</ft>)</p></entry><entry align="center" colname="C3" colsep="1" rowsep="1"><p lang="en">53 (<ft type="sup">4</ft>)</p></entry><entry colname="C4" colsep="1" rowsep="1"/><entry colname="C5" colsep="1" rowsep="1"/></row><row><entry align="right" colname="C1" colsep="1" rowsep="1"><p lang="en">AD total</p></entry><entry align="center" colname="C2" colsep="1" rowsep="1"><p lang="fr">528</p></entry><entry align="center" colname="C3" colsep="1" rowsep="1"><p lang="fr">528</p></entry><entry align="center" colname="C4" colsep="1" rowsep="1"><p lang="en">69</p></entry><entry align="center" colname="C5" colsep="1" rowsep="1"><p lang="en">69</p></entry></row><row><entry align="center" colname="C1" colsep="1" rowsep="0"><p lang="en">AST 11</p></entry><entry align="center" colname="C2" colsep="1" rowsep="0"><p lang="en">9 (<ft type="sup">4</ft>)</p></entry><entry align="center" colname="C3" colsep="1" rowsep="0"><p lang="en">9 (<ft type="sup">4</ft>)</p></entry><entry colname="C4" colsep="1" rowsep="0"/><entry colname="C5" colsep="1" rowsep="0"/></row><row><entry align="center" colname="C1" colsep="1" rowsep="0"><p lang="en">AST 10</p></entry><entry align="center" colname="C2" colsep="1" rowsep="0"><p lang="en">7</p></entry><entry align="center" colname="C3" colsep="1" rowsep="0"><p lang="en">7</p></entry><entry colname="C4" colsep="1" rowsep="0"/><entry colname="C5" colsep="1" rowsep="0"/></row><row><entry align="center" colname="C1" colsep="1" rowsep="0"><p lang="en">AST 9</p></entry><entry align="center" colname="C2" colsep="1" rowsep="0"><p lang="en">3</p></entry><entry align="center" colname="C3" colsep="1" rowsep="0"><p lang="en">3</p></entry><entry colname="C4" colsep="1" rowsep="0"/><entry colname="C5" colsep="1" rowsep="0"/></row><row><entry align="center" colname="C1" colsep="1" rowsep="0"><p lang="en">AST 8</p></entry><entry align="center" colname="C2" colsep="1" rowsep="0"><p lang="en">21 (<ft type="sup">4</ft>)(<ft type="sup">5</ft>)</p></entry><entry align="center" colname="C3" colsep="1" rowsep="0"><p lang="en">13 (<ft type="sup">4</ft>)</p></entry><entry colname="C4" colsep="1" rowsep="0"/><entry colname="C5" colsep="1" rowsep="0"/></row><row><entry align="center" colname="C1" colsep="1" rowsep="0"><p lang="en">AST 7</p></entry><entry align="center" colname="C2" colsep="1" rowsep="0"><p lang="en">26 (<ft type="sup">4</ft>)(<ft type="sup">5</ft>)</p></entry><entry align="center" colname="C3" colsep="1" rowsep="0"><p lang="en">29 (<ft type="sup">4</ft>)</p></entry><entry align="center" colname="C4" colsep="1" rowsep="0"><p lang="en">28</p></entry><entry align="center" colname="C5" colsep="1" rowsep="0"><p lang="en">28</p></entry></row><row><entry align="center" colname="C1" colsep="1" rowsep="0"><p lang="en">AST 6</p></entry><entry align="center" colname="C2" colsep="1" rowsep="0"><p lang="en">30 (<ft type="sup">4</ft>)(<ft type="sup">5</ft>)</p></entry><entry align="center" colname="C3" colsep="1" rowsep="0"><p lang="en">29 (<ft type="sup">4</ft>)</p></entry><entry colname="C4" colsep="1" rowsep="0"/><entry colname="C5" colsep="1" rowsep="0"/></row><row><entry align="center" colname="C1" colsep="1" rowsep="0"><p lang="en">AST 5</p></entry><entry align="center" colname="C2" colsep="1" rowsep="0"><p lang="en">29 (<ft type="sup">4</ft>)(<ft type="sup">5</ft>)</p></entry><entry align="center" colname="C3" colsep="1" rowsep="0"><p lang="en">31 (<ft type="sup">4</ft>)</p></entry><entry colname="C4" colsep="1" rowsep="0"/><entry colname="C5" colsep="1" rowsep="0"/></row><row><entry align="center" colname="C1" colsep="1" rowsep="0"><p lang="en">AST 4</p></entry><entry align="center" colname="C2" colsep="1" rowsep="0"><p lang="en">22 (<ft type="sup">5</ft>)</p></entry><entry align="center" colname="C3" colsep="1" rowsep="0"><p lang="en">26</p></entry><entry align="center" colname="C4" colsep="1" rowsep="0"><p lang="en">28</p></entry><entry align="center" colname="C5" colsep="1" rowsep="0"><p lang="en">28</p></entry></row><row><entry align="center" colname="C1" colsep="1" rowsep="0"><p lang="en">AST 3</p></entry><entry align="center" colname="C2" colsep="1" rowsep="0"><p lang="en">38</p></entry><entry align="center" colname="C3" colsep="1" rowsep="0"><p lang="en">38</p></entry><entry align="center" colname="C4" colsep="1" rowsep="0"><p lang="en">5</p></entry><entry align="center" colname="C5" colsep="1" rowsep="0"><p lang="en">5</p></entry></row><row><entry align="center" colname="C1" colsep="1" rowsep="0"><p lang="en">AST 2</p></entry><entry align="center" colname="C2" colsep="1" rowsep="0"><p lang="en">28 (<ft type="sup">5</ft>)<ft type="sup">5</ft></p></entry><entry align="center" colname="C3" colsep="1" rowsep="0"><p lang="en">18</p></entry><entry align="center" colname="C4" colsep="1" rowsep="0"><p lang="en">5</p></entry><entry align="center" colname="C5" colsep="1" rowsep="0"><p lang="en">5</p></entry></row><row><entry align="center" colname="C1" colsep="1" rowsep="0"><p lang="en">AST 1</p></entry><entry align="center" colname="C2" colsep="1" rowsep="1"><p lang="en">11 (<ft type="sup">5</ft>)</p></entry><entry align="center" colname="C3" colsep="1" rowsep="1"><p lang="en">21</p></entry><entry colname="C4" colsep="1" rowsep="1"/><entry colname="C5" colsep="1" rowsep="1"/></row><row><entry align="right" colname="C1" colsep="1" rowsep="1"><p lang="en">AST total</p></entry><entry align="center" colname="C2" colsep="1" rowsep="1"><p lang="fr">224</p></entry><entry align="center" colname="C3" colsep="1" rowsep="1"><p lang="fr">224</p></entry><entry align="center" colname="C4" colsep="1" rowsep="1"><p lang="en">66</p></entry><entry align="center" colname="C5" colsep="1" rowsep="1"><p lang="en">66</p></entry></row><row><entry align="right" colname="C1" colsep="1" rowsep="1"><p lang="en"><ft type="glossary">Grand total</ft></p></entry><entry align="center" colname="C2" colsep="1" rowsep="1"><p lang="en"><ft type="glossary">752</ft> (<ft type="sup">6</ft>)</p></entry><entry align="center" colname="C3" colsep="1" rowsep="1"><p lang="en"><ft type="glossary">752</ft> (<ft type="sup">6</ft>)</p></entry><entry align="center" colname="C4" colsep="1" rowsep="1"><p lang="en"><ft type="glossary">135</ft></p></entry><entry align="center" colname="C5" colsep="1" rowsep="1"><p lang="en"><ft type="glossary">135</ft></p></entry></row><row><entry colsep="1" nameend="C5" namest="C1" rowsep="1"><p lang="en"><ft type="sup">1</ft>The actual grade at which the posts assigned to the private offices are occupied will follow the same grading criteria as for officials recruited before 1 May 2004.</p><p lang="en"><ft type="sup">2</ft>Of which one AD 15 <ft type="ht">ad personam</ft>.</p><p lang="en"><ft type="sup">3</ft>Of which one AD 14 <ft type="ht">ad personam</ft>.</p><p lang="en"><ft type="sup">4</ft>Article 47(1) of Financial Regulation, as amended by Regulation (EU, Euratom) No 1081/2010.</p><p lang="en"><ft type="sup">5</ft>Upgradings planned for 2012.</p><p lang="en"><ft type="sup">6</ft>Not including the virtual reserve, without allocation of appropriations, for seconded officials in Private Offices (1 AD 14, 2 AD 13, 5 AD 12, 5 AD 11, 12 AD 10, 2 AD 9, 6 AD 8, 1 AD 6, 1 AST 11, 1 AST 10, 1 AST 9, 1 AST 8, 4 AST 7, 10 AST 6, 8 AST 5, 9 AST 4, 4 AST 3, 2 AST 2 and 3 AST 1).</p></entry></row></tbody></tgroup></table></bud-text></nmc-grseq></nmc-grseq></nmc-section>